# Advance widths of the stock fonts JeffPub stands in for, measured in the reference system
# (1/2048 em; -1 where the font has no such letter): measurements only, no font data.
# The next line lists the characters; then: family <tab> style (0 regular, 1 bold, 2 italic, 3 bold italic) <tab> widths.
32,33,34,35,36,37,38,39,40,41,42,43,44,45,46,47,48,49,50,51,52,53,54,55,56,57,58,59,60,61,62,63,64,65,66,67,68,69,70,71,72,73,74,75,76,77,78,79,80,81,82,83,84,85,86,87,88,89,90,91,92,93,94,95,96,97,98,99,100,101,102,103,104,105,106,107,108,109,110,111,112,113,114,115,116,117,118,119,120,121,122,123,124,125,126,160,161,162,163,164,165,166,167,168,169,170,171,172,173,174,175,176,177,178,179,180,181,182,183,184,185,186,187,188,189,190,191,192,193,194,195,196,197,198,199,200,201,202,203,204,205,206,207,208,209,210,211,212,213,214,215,216,217,218,219,220,221,222,223,224,225,226,227,228,229,230,231,232,233,234,235,236,237,238,239,240,241,242,243,244,245,246,247,248,249,250,251,252,253,254,255,338,339,352,353,376,381,382,402,710,732,8211,8212,8216,8217,8218,8220,8221,8222,8224,8225,8226,8230,8240,8249,8250,8364,8482
Agency FB	1	422,438,707,1110,936,1343,999,377,623,623,938,971,377,631,377,909,956,481,903,942,932,930,944,883,961,944,377,377,745,956,745,868,1194,924,952,954,961,809,772,961,973,430,889,883,754,1133,981,977,922,1008,944,936,799,971,911,1286,901,907,799,602,909,602,854,809,836,815,838,817,836,819,528,836,838,401,401,772,401,1278,838,831,836,836,766,795,563,838,797,1112,778,797,711,760,430,760,1036,211,438,817,942,1221,907,397,913,836,1194,707,1036,942,942,1194,836,657,838,627,636,836,784,1040,399,836,397,715,1036,1170,1180,1300,868,924,924,924,924,924,924,1276,954,809,809,809,809,430,430,430,430,961,981,977,977,977,977,977,942,977,971,971,971,971,907,821,844,815,815,815,815,815,815,1219,817,819,819,819,819,401,401,401,401,803,838,831,831,831,831,831,838,831,838,838,838,838,797,735,797,1323,1235,936,795,907,799,711,725,836,836,881,1335,401,401,401,735,735,735,913,913,944,1133,1952,651,651,954,1229
Agency FB	0	401,408,629,1067,850,1372,891,340,539,539,813,838,340,604,340,885,889,416,799,864,784,842,868,743,883,868,340,340,698,903,698,782,1155,819,870,870,889,731,696,881,905,408,801,788,690,1024,895,911,840,922,874,856,702,899,799,1122,786,799,705,594,885,594,819,739,819,768,776,756,772,764,487,772,774,365,365,686,365,1194,774,776,772,772,678,735,520,774,711,1034,678,711,655,698,418,698,1034,201,408,756,856,1221,799,397,854,819,1155,670,915,942,942,1155,819,668,838,634,632,819,784,948,340,819,397,674,915,1100,1088,1300,782,819,819,819,819,819,819,1137,870,731,731,731,731,408,408,408,408,889,895,911,911,911,911,911,942,911,899,899,899,899,799,840,788,768,768,768,768,768,768,1169,756,764,764,764,764,365,365,365,365,776,774,776,776,776,776,776,838,776,774,774,774,774,711,772,711,1208,1174,856,735,799,705,655,625,819,819,870,1292,340,340,340,629,629,629,899,899,864,1022,1985,573,573,826,1116
Algerian	0	512,662,692,1201,1201,1282,1642,394,910,910,717,1202,536,643,546,984,1202,1229,1229,1229,1229,1229,1229,1229,1229,1229,546,536,1024,1202,1024,889,1475,1550,1324,1192,1237,1273,1129,1396,1286,626,1051,1386,1121,1498,1230,1278,1211,1312,1301,1136,1185,1244,1269,1618,1429,1314,1312,896,1058,896,1024,1024,1024,1550,1324,1192,1237,1273,1129,1396,1286,626,1051,1386,1121,1498,1230,1278,1211,1312,1301,1136,1185,1244,1269,1618,1429,1314,1312,901,1024,901,1365,512,635,1201,1229,1202,1229,1024,1118,1024,1605,800,619,1024,1052,1605,-1,621,1202,751,751,1024,944,1301,-1,1024,751,829,626,1756,1756,1756,889,1550,1550,1550,1550,1550,1550,2062,1213,1273,1273,1273,1273,626,626,626,627,1237,1230,1278,1278,1278,1278,1278,1202,1280,1244,1244,1244,1244,1314,1184,-1,1550,1550,1550,1550,1550,1550,2062,1213,1273,1273,1273,1273,626,626,626,627,1237,1230,1278,1278,1278,1278,1278,1202,1280,1244,1244,1244,1244,1314,1184,1314,1951,1951,1136,1136,1314,-1,-1,1229,1024,1024,1052,1462,451,451,536,847,841,841,1204,1204,1365,1638,1923,411,423,1202,1793
Book Antiqua	1	512,569,823,1241,1024,1821,1706,465,682,682,909,1241,512,682,512,606,1024,1024,1024,1024,1024,1024,1024,1024,1024,1024,512,512,1241,1241,1241,909,1530,1593,1366,1479,1706,1251,1139,1706,1706,797,797,1593,1251,2048,1706,1706,1251,1706,1479,1251,1366,1593,1593,2048,1366,1366,1366,682,1241,682,1241,1024,682,1024,1251,909,1251,1024,797,1139,1251,682,682,1251,682,1821,1251,1139,1251,1251,797,909,682,1251,1139,1706,1024,1139,1024,635,1241,635,1241,512,569,1024,1024,1241,1024,1241,1024,682,1530,897,1024,1241,682,1530,1024,819,1124,739,739,682,1180,1313,682,682,739,999,1024,1821,1823,1821,909,1593,1593,1593,1593,1593,1593,2048,1479,1251,1251,1251,1251,797,797,797,797,1706,1706,1706,1706,1706,1706,1706,1241,1706,1593,1593,1593,1593,1366,1251,1251,1024,1024,1024,1024,1024,1024,1593,909,1024,1024,1024,1024,682,682,682,682,1139,1251,1139,1139,1139,1139,1139,1124,1139,1251,1251,1251,1251,1139,1251,1139,2048,1706,1251,909,1366,1366,1024,1024,682,682,1024,2048,569,569,682,1024,1024,1024,1024,1024,1241,2048,2048,797,797,1024,2044
Book Antiqua	3	512,682,1024,1241,1024,1821,1706,512,682,682,909,1241,512,797,512,645,1024,1024,1024,1024,1024,1024,1024,1024,1024,1024,512,512,1241,1241,1241,909,1706,1479,1366,1403,1593,1251,1139,1593,1593,797,797,1479,1251,1933,1593,1706,1366,1706,1479,1139,1251,1593,1366,2048,1479,1251,1366,682,1241,682,1241,1024,682,1139,1100,909,1139,909,682,1024,1139,682,682,1139,682,1706,1139,1139,1139,1100,797,909,797,1139,1139,1706,1024,1139,1024,682,1241,682,1241,512,682,1024,1024,1241,1024,1241,1139,682,1530,682,1024,1241,797,1530,1024,819,1124,739,739,682,1180,1139,682,682,739,682,1024,1821,1821,1821,909,1479,1479,1479,1479,1479,1479,1933,1403,1251,1251,1251,1251,797,797,797,797,1593,1593,1706,1706,1706,1706,1706,1241,1706,1593,1593,1593,1593,1251,1366,1139,1139,1139,1139,1139,1139,1139,1511,909,909,909,909,909,682,682,682,682,1139,1139,1139,1139,1139,1139,1139,1124,1139,1139,1139,1139,1139,1139,1139,1139,1933,1593,1139,909,1251,1366,1024,1024,682,682,1024,2048,569,569,512,1024,1024,1024,1139,1139,1241,2048,2048,682,682,1024,2048
Book Antiqua	2	512,682,1024,1241,1024,1821,1593,682,682,682,797,1241,512,682,512,606,1024,1024,1024,1024,1024,1024,1024,1024,1024,1024,512,512,1241,1241,1241,1024,1530,1479,1251,1366,1593,1251,1139,1479,1593,682,682,1366,1139,1933,1593,1593,1251,1593,1366,1139,1251,1593,1478,1933,1479,1366,1366,682,1241,682,1241,1024,682,909,948,834,1024,797,569,1024,1024,569,569,909,569,1593,1139,909,1024,948,797,797,682,1139,1024,1479,1024,1024,909,682,1241,682,1241,512,682,1024,1024,1241,1366,1241,1024,682,1530,682,1024,1241,682,1530,1024,819,1124,635,635,682,1180,1024,682,682,635,682,1024,1612,1612,1612,1024,1479,1479,1479,1479,1479,1479,1927,1366,1251,1251,1251,1251,682,682,682,682,1593,1593,1593,1593,1593,1593,1593,1241,1593,1593,1593,1593,1593,1366,1251,1024,909,909,909,909,909,909,1307,834,797,797,797,797,569,569,569,569,909,1139,909,909,909,909,909,1124,909,1139,1139,1139,1139,1024,1024,1024,2105,1370,1139,797,1366,1366,909,1024,682,682,1024,2048,569,569,569,1024,1024,1024,1024,1024,1024,2048,2048,682,682,1024,2048
Arial	0	569,569,727,1139,1139,1821,1366,391,682,682,797,1196,569,682,569,569,1139,1139,1139,1139,1139,1139,1139,1139,1139,1139,569,569,1196,1196,1196,1139,2079,1366,1366,1479,1479,1366,1251,1593,1479,569,1024,1366,1139,1706,1479,1593,1366,1593,1479,1366,1251,1479,1366,1933,1366,1366,1251,569,569,569,961,1139,682,1139,1139,1024,1139,1139,569,1139,1139,455,455,1024,455,1706,1139,1139,1139,1139,682,1024,569,1139,1024,1479,1024,1024,1024,684,532,684,1196,569,682,1139,1139,1139,1139,532,1139,682,1509,758,1139,1196,682,1509,1131,819,1124,682,682,682,1180,1100,682,682,682,748,1139,1708,1708,1708,1251,1366,1366,1366,1366,1366,1366,2048,1479,1366,1366,1366,1366,569,569,569,569,1479,1479,1593,1593,1593,1593,1593,1196,1593,1479,1479,1479,1479,1366,1366,1251,1139,1139,1139,1139,1139,1139,1821,1024,1139,1139,1139,1139,569,569,569,569,1139,1139,1139,1139,1139,1139,1139,1124,1251,1139,1139,1139,1139,1024,1139,1024,2048,1933,1366,1024,1366,1251,1024,1139,682,682,1139,2048,455,455,455,682,682,682,1139,1139,717,2048,2048,682,682,1139,2048
Arial	1	569,682,971,1139,1139,1821,1479,487,682,682,797,1196,569,682,569,569,1139,1139,1139,1139,1139,1139,1139,1139,1139,1139,682,682,1196,1196,1196,1251,1997,1479,1479,1479,1479,1366,1251,1593,1479,569,1139,1479,1251,1706,1479,1593,1366,1593,1479,1366,1251,1479,1366,1933,1366,1366,1251,682,569,682,1196,1139,682,1139,1251,1139,1251,1139,682,1251,1251,569,569,1139,569,1821,1251,1251,1251,1251,797,1139,682,1251,1139,1593,1139,1139,1024,797,573,797,1196,569,682,1139,1139,1139,1139,573,1139,682,1509,758,1139,1196,682,1509,1131,819,1124,682,682,682,1180,1139,682,682,682,748,1139,1708,1708,1708,1251,1479,1479,1479,1479,1479,1479,2048,1479,1366,1366,1366,1366,569,569,569,569,1479,1479,1593,1593,1593,1593,1593,1196,1593,1479,1479,1479,1479,1366,1366,1251,1139,1139,1139,1139,1139,1139,1821,1139,1139,1139,1139,1139,569,569,569,569,1251,1251,1251,1251,1251,1251,1251,1124,1251,1251,1251,1251,1251,1139,1251,1139,2048,1933,1366,1139,1366,1251,1024,1139,682,682,1139,2048,569,569,569,1024,1024,1024,1139,1139,717,2048,2048,682,682,1139,2048
Arial	3	569,682,971,1139,1139,1821,1479,487,682,682,797,1196,569,682,569,569,1139,1139,1139,1139,1139,1139,1139,1139,1139,1139,682,682,1196,1196,1196,1251,1997,1479,1479,1479,1479,1366,1251,1593,1479,569,1139,1479,1251,1706,1479,1593,1366,1593,1479,1366,1251,1479,1366,1933,1366,1366,1251,682,569,682,1196,1139,682,1139,1251,1139,1251,1139,682,1251,1251,569,569,1139,569,1821,1251,1251,1251,1251,797,1139,682,1251,1139,1593,1139,1139,1024,797,573,797,1196,569,682,1139,1139,1139,1139,573,1139,682,1509,758,1139,1196,682,1509,1131,819,1124,682,682,682,1180,1139,682,682,682,748,1139,1708,1708,1708,1251,1479,1479,1479,1479,1479,1479,2048,1479,1366,1366,1366,1366,569,569,569,569,1479,1479,1593,1593,1593,1593,1593,1196,1593,1479,1479,1479,1479,1366,1366,1251,1139,1139,1139,1139,1139,1139,1821,1139,1139,1139,1139,1139,569,569,569,569,1251,1251,1251,1251,1251,1251,1251,1124,1251,1251,1251,1251,1251,1139,1251,1139,2048,1933,1366,1139,1366,1251,1024,1139,682,682,1139,2048,569,569,569,1024,1024,1024,1139,1139,717,2048,2048,682,682,1139,2048
Arial	2	569,569,727,1139,1139,1821,1366,391,682,682,797,1196,569,682,569,569,1139,1139,1139,1139,1139,1139,1139,1139,1139,1139,569,569,1196,1196,1196,1139,2079,1366,1366,1479,1479,1366,1251,1593,1479,569,1024,1366,1139,1706,1479,1593,1366,1593,1479,1366,1251,1479,1366,1933,1366,1366,1251,569,569,569,961,1139,682,1139,1139,1024,1139,1139,569,1139,1139,455,455,1024,455,1706,1139,1139,1139,1139,682,1024,569,1139,1024,1479,1024,1024,1024,684,532,684,1196,569,682,1139,1139,1139,1139,532,1139,682,1509,758,1139,1196,682,1509,1131,819,1124,682,682,682,1180,1100,682,682,682,748,1139,1708,1708,1708,1251,1366,1366,1366,1366,1366,1366,2048,1479,1366,1366,1366,1366,569,569,569,569,1479,1479,1593,1593,1593,1593,1593,1196,1593,1479,1479,1479,1479,1366,1366,1251,1139,1139,1139,1139,1139,1139,1821,1024,1139,1139,1139,1139,569,569,569,569,1139,1139,1139,1139,1139,1139,1139,1124,1251,1139,1139,1139,1139,1024,1139,1024,2048,1933,1366,1024,1366,1251,1024,1139,682,682,1139,2048,455,455,455,682,682,682,1139,1139,717,2048,2048,682,682,1139,2048
Arial Narrow	0	467,467,596,934,934,1493,1120,322,559,559,653,981,467,559,467,467,934,934,934,934,934,934,934,934,934,934,467,467,981,981,981,934,1704,1120,1120,1212,1212,1120,1026,1307,1212,467,840,1120,934,1399,1212,1307,1120,1307,1212,1120,1026,1212,1120,1585,1120,1120,1026,467,467,467,788,934,559,934,934,840,934,934,467,934,934,373,373,840,373,1399,934,934,934,934,559,840,467,934,840,1212,840,840,840,561,436,561,981,467,559,934,934,934,934,436,934,559,1237,621,934,981,559,1237,1024,819,1124,559,559,559,1180,901,557,559,559,612,934,1401,1401,1401,1026,1120,1120,1120,1120,1120,1120,1679,1212,1120,1120,1120,1120,467,467,467,467,1212,1212,1307,1307,1307,1307,1307,981,1307,1212,1212,1212,1212,1120,1120,1026,934,934,934,934,934,934,1493,840,934,934,934,934,467,467,467,467,934,934,934,934,934,934,934,1124,1026,934,934,934,934,840,934,840,1679,1585,1120,840,1120,1026,840,934,559,559,934,1679,373,373,373,559,559,559,934,934,588,1679,1679,559,559,934,1679
Arial Narrow	1	467,559,797,934,934,1493,1212,399,559,559,653,981,467,559,467,467,934,934,934,934,934,934,934,934,934,934,559,559,981,981,981,1026,1638,1212,1212,1212,1212,1120,1026,1307,1212,467,934,1212,1026,1399,1212,1307,1120,1307,1212,1120,1026,1212,1120,1585,1120,1120,1026,559,467,559,981,934,559,934,1026,934,1026,934,559,1026,1026,467,467,934,467,1493,1026,1026,1026,1026,653,934,559,1026,934,1307,934,934,840,653,471,653,981,934,559,934,934,934,934,471,934,559,1237,621,934,981,559,1237,1024,819,1124,559,559,559,1180,934,559,559,559,612,934,1401,1401,1401,1026,1212,1212,1212,1212,1212,1212,1679,1212,1120,1120,1120,1120,467,467,467,467,1212,1212,1307,1307,1307,1307,1307,981,1307,1212,1212,1212,1212,1120,1120,1026,934,934,934,934,934,934,1493,934,934,934,934,934,467,467,467,467,1026,1026,1026,1026,1026,1026,1026,1124,1026,1026,1026,1026,1026,934,1026,934,1679,1585,1120,934,1120,1026,840,934,559,559,934,1679,467,467,467,840,840,840,934,934,588,1679,1679,559,559,934,1679
Arial Narrow	3	467,559,797,934,934,1493,1212,399,559,559,653,981,467,559,467,467,934,934,934,934,934,934,934,934,934,934,559,559,981,981,981,1026,1638,1212,1212,1212,1212,1120,1026,1307,1212,467,934,1212,1026,1399,1212,1307,1120,1307,1212,1120,1026,1212,1120,1585,1120,1120,1026,559,467,559,981,934,559,934,1026,934,1026,934,559,1026,1026,467,467,934,467,1493,1026,1026,1026,1026,653,934,559,1026,934,1307,934,934,840,653,471,653,981,467,559,934,934,934,934,471,934,559,1237,621,934,981,559,1237,1024,819,1124,559,559,559,1180,934,559,559,559,612,934,1401,1401,1401,1026,1212,1212,1212,1212,1212,1212,1679,1212,1120,1120,1120,1120,467,467,467,467,1212,1212,1307,1307,1307,1307,1307,981,1307,1212,1212,1212,1212,1120,1120,1026,934,934,934,934,934,934,1493,934,934,934,934,934,467,467,467,467,1026,1026,1026,1026,1026,1026,1026,1124,1026,1026,1026,1026,1026,934,1026,934,1679,1585,1120,934,1120,1026,840,934,559,559,934,1679,467,467,467,840,840,840,934,934,588,1679,1679,559,559,934,1679
Arial Narrow	2	467,467,596,934,934,1493,1120,322,559,559,653,981,467,559,467,467,934,934,934,934,934,934,934,934,934,934,467,467,981,981,981,934,1704,1120,1120,1212,1212,1120,1026,1307,1212,467,840,1120,934,1399,1212,1307,1120,1307,1212,1120,1026,1212,1120,1585,1120,1120,1026,467,467,467,788,934,559,934,934,840,934,934,467,934,934,373,373,840,373,1399,934,934,934,934,559,840,467,934,840,1212,840,840,840,561,436,561,981,467,559,934,934,934,934,436,934,559,1237,621,934,981,559,1237,1024,819,1124,559,559,559,1180,901,559,559,559,612,934,1401,1401,1401,1026,1120,1120,1120,1120,1120,1120,1679,1212,1120,1120,1120,1120,467,467,467,467,1212,1212,1307,1307,1307,1307,1307,981,1307,1212,1212,1212,1212,1120,1120,1026,934,934,934,934,934,934,1493,840,934,934,934,934,467,467,467,467,934,934,934,934,934,934,934,1124,1026,934,934,934,934,840,934,840,1679,1585,1120,840,1120,1026,840,934,559,559,934,1679,373,373,373,559,559,559,934,934,588,1679,1679,559,559,934,1679
Arial Black	0	683,682,1024,1352,1366,2048,1821,569,797,797,1139,1352,682,682,682,569,1366,1366,1366,1366,1366,1366,1366,1366,1366,1366,682,682,1352,1352,1352,1251,1516,1593,1593,1593,1593,1479,1366,1706,1706,797,1366,1706,1366,1933,1706,1706,1479,1706,1593,1479,1479,1706,1593,2048,1593,1593,1479,797,569,797,1352,1024,682,1366,1366,1366,1366,1366,797,1366,1366,682,682,1366,682,2048,1366,1366,1366,1366,909,1251,909,1366,1251,1933,1366,1251,1139,797,569,797,1352,683,682,1366,1366,1352,1366,569,1366,682,1638,819,1366,1352,682,1638,1024,819,1352,819,819,682,1366,1741,683,682,819,819,1366,2048,2048,2048,1251,1593,1593,1593,1593,1593,1593,2048,1593,1479,1479,1479,1479,797,797,797,797,1593,1706,1706,1706,1706,1706,1706,1352,1706,1706,1706,1706,1706,1593,1479,1366,1366,1366,1366,1366,1366,1366,2048,1366,1366,1366,1366,1366,682,682,682,682,1366,1366,1366,1366,1366,1366,1366,1352,1366,1366,1366,1366,1366,1251,1366,1251,2048,2048,1479,1251,1593,1479,1139,1366,682,682,1024,2048,569,569,569,1024,1024,1024,1366,1366,1024,2048,2048,682,682,1366,1946
Arial Rounded MT Bold	0	512,682,981,1130,1217,1749,1556,492,725,725,897,1194,641,682,641,575,1217,1217,1217,1217,1217,1217,1217,1217,1217,1217,641,641,1194,1194,1194,1174,2005,1473,1473,1516,1516,1366,1237,1622,1556,641,1174,1516,1237,1706,1556,1622,1366,1622,1473,1366,1280,1556,1409,1921,1237,1280,1323,725,575,725,1194,1024,682,1217,1280,1217,1280,1217,682,1280,1237,555,555,1174,555,1812,1237,1237,1280,1280,897,1110,725,1237,1110,1665,1067,1110,1067,788,575,788,1194,512,682,1217,1217,1130,1280,575,1217,682,1516,768,1217,1194,682,1516,1024,811,1194,725,725,682,1260,1153,-1,682,725,788,1217,1749,1749,1749,1174,1473,1473,1473,1473,1473,1473,2028,1516,1366,1366,1366,1366,641,641,641,641,1516,1556,1622,1622,1622,1622,1622,1194,1622,1556,1556,1556,1556,1280,1366,1217,1217,1217,1217,1217,1217,1217,1898,1217,1217,1217,1217,1217,555,555,555,555,1237,1237,1237,1237,1237,1237,1237,1194,1237,1237,1237,1237,1237,1110,1280,1110,2111,1962,1366,1110,1280,-1,-1,1217,682,682,1024,2048,641,641,641,938,938,938,1217,1217,725,2048,2474,748,748,1217,2048
Bahnschrift	0	550,554,775,1278,1181,1407,1335,364,695,695,881,1082,464,982,464,775,1130,681,1058,1083,1165,1115,1051,1031,1152,1051,464,464,869,940,879,884,1823,1326,1322,1267,1344,1224,1145,1324,1390,564,1035,1314,1174,1596,1434,1322,1275,1346,1335,1261,986,1342,1202,1734,1162,1030,1114,602,775,602,1030,892,603,1090,1114,1020,1104,1098,649,1104,1144,514,549,1083,593,1754,1144,1116,1114,1104,874,1062,668,1139,1024,1584,1059,989,1013,738,564,738,1052,550,554,980,1212,1178,1030,564,1180,794,1430,705,1029,1070,982,1430,890,746,1082,640,688,603,1219,1412,434,582,497,700,1029,1401,1389,1441,844,1326,1326,1326,1326,1326,1326,2000,1267,1224,1224,1224,1224,564,564,564,564,1391,1434,1322,1322,1322,1322,1322,1031,1322,1342,1342,1342,1342,1030,1275,1137,1090,1090,1090,1090,1090,1090,1708,1020,1098,1098,1098,1098,514,514,514,514,1102,1144,1116,1116,1116,1116,1116,988,1116,1139,1139,1139,1139,989,1114,989,2053,1740,1261,1062,1030,1114,1013,649,808,854,1142,1753,364,364,464,654,654,654,754,754,567,1194,1958,634,634,1290,1357
Baskerville Old Face	0	512,525,499,1007,1007,1515,1379,284,601,601,1007,1007,488,514,500,601,1007,1007,1007,1007,1007,1007,1007,1007,1007,1007,500,488,1007,1007,1007,945,1527,1420,1378,1371,1581,1276,1115,1539,1666,737,689,1450,1249,1826,1547,1661,1184,1659,1326,1059,1406,1542,1388,2152,1483,1345,1255,601,601,601,1024,1024,1024,874,1049,852,1073,923,573,843,1073,496,433,1023,496,1638,1066,1060,1073,1036,712,724,531,1048,848,1257,913,856,822,601,1024,601,1365,1007,525,1007,1007,1007,1007,106,1007,1024,1638,752,812,1024,514,1638,-1,560,1007,653,653,1024,913,1007,-1,1024,650,752,812,1443,1443,1443,945,1420,1420,1420,1420,1420,1420,2052,1371,1276,1276,1276,1276,737,737,737,737,1580,1547,1661,1661,1661,1661,1661,1007,1661,1542,1542,1542,1542,1345,1182,964,874,874,874,874,874,874,1400,852,923,923,923,923,496,496,496,496,1060,1066,1060,1060,1060,1060,1060,1007,1060,1048,1048,1048,1048,856,1068,856,2165,1683,1059,724,1345,-1,-1,1007,1024,1024,1007,1302,488,488,488,829,829,829,1007,1007,1365,1501,2293,485,485,1008,1945
Bauhaus 93	0	512,884,1024,1383,1164,1897,1561,512,751,751,1024,1533,763,457,775,710,1164,1164,1164,1164,1164,1164,1164,1164,1164,1164,775,775,1024,1533,1024,1087,1533,1212,1169,1540,1499,987,986,1255,1267,679,623,1321,687,1663,1206,1543,1151,1541,1225,847,1054,1206,1070,1663,1020,1030,1059,751,710,751,1024,1024,1024,1204,1185,1146,1185,1135,705,1181,1095,594,728,1104,593,1587,1107,1144,1185,1185,657,747,685,1107,789,1587,1081,1098,1014,751,1024,751,1365,512,884,1164,1164,1498,1164,1024,1051,1024,1533,781,763,1024,457,1533,-1,804,1533,763,763,1024,1024,1533,-1,1024,763,744,763,1775,1775,1775,1087,1212,1212,1212,1212,1212,1212,1565,1540,987,987,987,987,679,679,679,678,1499,1206,1543,1543,1543,1543,1543,1533,1544,1206,1206,1206,1206,1030,1151,1163,1204,1204,1204,1204,1204,1204,1802,1146,1135,1135,1135,1135,593,593,593,593,1145,1107,1144,1144,1144,1144,1144,1533,1144,1107,1107,1107,1107,1098,1185,1098,1939,1797,847,747,1030,-1,-1,1164,1024,1024,1024,1370,763,763,763,1309,1309,1309,1024,1024,1365,2325,2744,497,497,1163,1576
Bell MT	0	512,448,832,1365,1024,1515,1408,363,619,619,1024,1365,448,704,448,1024,1024,1024,1024,1024,1024,1024,1024,1024,1024,1024,448,448,1365,1365,1365,875,1877,1408,1259,1323,1557,1344,1280,1579,1557,768,789,1387,1259,1899,1536,1493,1259,1493,1387,1067,1472,1557,1387,2112,1515,1451,1301,1045,1024,1045,960,1024,683,896,1024,853,1045,875,576,1109,1067,533,555,1024,576,1600,1088,1003,1024,1045,811,811,704,1045,1024,1472,1088,1024,917,981,1024,981,1365,512,448,853,1707,1387,1451,1024,960,683,1557,619,1045,1365,704,1557,-1,811,1365,704,704,683,1024,1472,-1,683,704,640,1045,1472,1472,1472,875,1408,1408,1408,1408,1408,1408,2091,1323,1344,1344,1344,1344,768,768,768,768,1557,1536,1493,1493,1493,1493,1493,1365,1493,1557,1557,1557,1557,1451,1259,1024,896,896,896,896,896,896,1365,853,875,875,875,875,533,533,533,533,1003,1088,1003,1003,1003,1003,1003,1365,1003,1045,1045,1045,1045,1024,1045,1024,2240,1600,1067,811,1451,-1,-1,1451,683,683,1024,2048,427,427,427,725,725,789,1408,1067,725,2048,2176,576,576,1024,2005
Bell MT	1	544,576,1131,1365,1088,1685,1515,576,683,683,1024,1365,555,747,491,1088,1088,1088,1088,1088,1088,1088,1088,1088,1088,1088,491,555,1365,1365,1365,960,1899,1429,1301,1365,1621,1344,1259,1664,1579,789,960,1429,1280,1920,1557,1579,1323,1579,1429,1109,1536,1557,1429,2176,1536,1472,1387,1045,1088,1045,1195,1024,683,981,1131,960,1131,981,683,1152,1131,619,619,1131,619,1685,1109,1109,1109,1131,832,853,789,1109,1024,1472,1109,1024,939,811,1088,811,1365,544,576,960,1792,1408,1472,1088,1024,683,1536,619,1088,1365,747,1536,-1,811,1365,811,811,683,1131,1557,-1,683,811,704,1088,1707,1707,1707,960,1429,1429,1429,1429,1429,1429,2048,1365,1344,1344,1344,1344,789,789,789,789,1621,1557,1579,1579,1579,1579,1579,1365,1579,1557,1557,1557,1557,1472,1323,1173,981,981,981,981,981,981,1451,960,981,981,981,981,619,619,619,619,1109,1109,1109,1109,1109,1109,1109,1365,1109,1109,1109,1109,1109,1024,1109,1024,2261,1664,1109,853,1472,-1,-1,1557,683,683,1024,2048,448,448,448,853,853,981,1493,1152,725,2048,2453,619,619,1087,2048
Bell MT	2	501,619,853,1365,1003,1515,1664,448,640,640,1024,1365,384,789,448,1024,1003,1003,1003,1003,1003,1003,1003,1003,1003,1003,363,384,1365,1365,1365,811,1877,1301,1280,1237,1515,1387,1344,1493,1579,704,1003,1323,1344,1813,1579,1408,1323,1387,1365,1131,1451,1493,1237,1877,1451,1429,1280,917,1024,917,875,1024,683,939,853,683,981,704,576,960,939,576,512,853,533,1429,981,853,896,896,768,640,576,960,917,1408,1003,768,981,981,1024,981,1365,501,619,683,1707,1387,1429,1024,917,683,1557,619,1045,1365,789,1557,-1,811,1365,704,704,683,1024,1472,-1,683,704,555,1045,1472,1472,1472,811,1301,1301,1301,1301,1301,1301,1920,1237,1387,1387,1387,1387,704,704,704,704,1515,1579,1408,1408,1408,1408,1408,1365,1408,1493,1493,1493,1493,1429,1237,939,939,939,939,939,939,939,1195,683,704,704,704,704,576,576,576,576,853,981,853,853,853,853,853,1365,853,960,960,960,960,768,896,768,2176,1280,1131,640,1429,-1,-1,1451,683,683,1024,2048,512,512,384,811,811,747,1365,981,725,2048,2176,619,619,1004,2005
Bernard MT Condensed	0	501,533,971,1365,1045,1536,1323,487,576,576,1024,1365,533,619,533,1045,1003,768,1003,1003,1003,1003,1003,1003,1003,1003,533,533,1365,1365,1365,853,1905,981,1110,832,1109,853,832,1109,1131,598,619,1089,832,1195,939,1109,1109,1109,1109,768,960,896,981,1451,981,981,789,533,1045,533,1003,1024,683,981,1003,789,1003,917,555,981,1003,533,533,1024,533,1493,1003,981,1003,1003,725,683,555,1003,853,1323,875,853,747,797,798,797,1365,501,533,789,1067,1365,981,798,981,683,1530,576,981,1365,1217,1530,1024,819,1365,725,725,683,1180,1139,-1,683,725,576,981,1536,1536,1536,853,981,981,981,981,981,981,1216,832,853,853,853,853,598,598,598,598,1109,939,1109,1109,1109,1109,1109,1365,1109,896,896,896,896,981,1115,1003,981,981,981,981,981,981,1387,789,917,917,917,917,533,533,533,533,962,1003,981,981,981,981,981,1365,981,1003,1003,1003,1003,853,1003,853,1344,1387,768,683,981,-1,-1,853,683,683,1024,2048,533,533,533,981,981,981,1003,1024,576,2048,2283,512,512,1004,2048
Book Antiqua	0	512,569,760,1241,1024,1720,1593,426,682,682,797,1241,512,682,512,1241,1024,1024,1024,1024,1024,1024,1024,1024,1024,1024,512,512,1241,1241,1241,909,1530,1593,1251,1452,1585,1251,1139,1563,1704,690,682,1487,1251,1937,1702,1610,1237,1610,1368,1075,1255,1593,1479,2048,1366,1366,1366,682,1241,682,1241,1024,682,1024,1133,909,1251,981,682,1139,1192,596,479,1139,596,1808,1192,1118,1231,1147,809,868,668,1235,1157,1708,1057,1139,1024,682,1241,682,1241,512,569,1024,1024,1241,1024,1241,1024,682,1530,682,1024,1241,682,1530,1024,819,1124,635,635,682,1180,1286,682,682,635,682,1024,1612,1612,1612,909,1593,1593,1593,1593,1593,1593,1933,1452,1251,1251,1251,1251,690,690,690,690,1585,1702,1610,1610,1610,1610,1610,1241,1706,1593,1593,1593,1593,1366,1237,1139,1024,1024,1024,1024,1024,1024,1552,909,981,981,981,981,588,588,588,588,1118,1192,1118,1118,1118,1118,1118,1124,1139,1235,1235,1235,1235,1139,1231,1139,2044,1694,1075,868,1366,1366,1024,1024,682,682,1024,2048,569,569,569,1024,1024,1024,1024,1024,1241,2048,2343,678,678,1024,2005
Bodoni MT	1	502,555,1137,1368,1004,1898,1556,569,874,874,1004,1366,555,768,555,575,1004,1004,1004,1004,1004,1004,1004,1004,1004,1004,555,555,1366,1366,1366,874,1905,1430,1323,1110,1430,1323,1217,1323,1556,768,1004,1516,1217,1665,1323,1323,1217,1323,1430,1004,1217,1430,1323,1985,1430,1323,1323,874,575,874,1190,1024,682,1004,1004,874,1004,874,662,1004,1110,555,662,1110,555,1665,1110,1004,1004,1004,768,768,662,1110,961,1430,1004,1004,874,807,1159,807,1366,502,555,874,1004,1366,1323,1159,1110,682,1530,662,1004,1366,768,1530,1024,819,1368,662,662,682,1139,1106,555,682,662,662,1004,1898,1898,1898,874,1430,1430,1430,1430,1430,1430,1985,1110,1323,1323,1323,1323,768,768,768,768,1430,1323,1323,1323,1323,1323,1323,1366,1323,1430,1430,1430,1430,1323,1217,1004,1004,1004,1004,1004,1004,1004,1556,874,874,874,874,874,555,555,555,555,1024,1110,1004,1004,1004,1004,1004,1366,1004,1110,1110,1110,1110,1004,1004,1004,1985,1556,1004,768,1323,1323,874,1024,682,682,1024,2048,555,555,555,1004,1004,1004,1004,1004,717,2048,1985,575,575,1004,2048
Bodoni MT	3	502,662,1137,1368,1004,1898,1556,575,768,768,1004,1366,555,874,555,575,1004,1004,1004,1004,1004,1004,1004,1004,1004,1004,555,662,1366,1366,1366,897,1704,1493,1556,1556,1665,1430,1323,1665,1665,768,1110,1556,1323,1985,1556,1665,1430,1665,1556,1323,1430,1665,1430,1985,1556,1430,1323,788,575,788,1167,1024,682,1110,1155,1004,1217,1004,768,1110,1217,662,662,1110,662,1810,1217,1110,1217,1186,981,874,768,1217,1110,1556,1110,1110,1004,807,1159,807,1366,502,662,1004,1004,1366,1430,1159,1110,682,1530,725,1004,1366,874,1530,1024,819,1366,662,662,682,1180,1110,555,682,662,725,1004,1898,1898,1898,897,1493,1493,1493,1493,1493,1493,1985,1556,1430,1430,1430,1430,768,768,768,768,1665,1556,1665,1665,1665,1665,1665,1366,1665,1665,1665,1665,1665,1430,1430,1217,1110,1110,1110,1110,1110,1110,1665,1004,1004,1004,1004,1004,662,662,662,662,1024,1217,1110,1110,1110,1110,1110,1368,1110,1217,1217,1217,1217,1110,1217,1110,1985,1665,1323,874,1430,1323,1004,1386,682,682,1024,2048,555,555,555,1004,1004,1004,1004,1004,725,2048,1985,575,575,1004,2048
Bodoni MT Black	2	705,768,944,1368,1430,1749,1855,528,1004,938,768,1366,705,768,705,1300,1409,1409,1409,1409,1409,1409,1409,1409,1409,1409,768,768,1366,1366,1366,1087,1898,1706,1710,1450,1772,1630,1579,1642,1855,1004,1343,1706,1552,2198,1642,1686,1706,1686,1772,1516,1516,1556,1686,2517,1729,1706,1556,854,1300,831,1036,1024,682,1430,1348,1096,1430,1194,788,1366,1430,788,788,1280,788,2091,1430,1260,1362,1368,1104,971,811,1430,1110,1763,1343,1407,1110,811,1251,811,1366,705,725,1430,1430,1434,1681,1251,1366,682,1579,897,1343,1366,768,1579,1024,840,1366,831,831,682,1147,1194,682,682,831,811,1343,1749,1749,1749,1130,1706,1706,1706,1706,1706,1706,2263,1450,1630,1630,1630,1630,1004,1004,1004,1004,1772,1642,1686,1686,1686,1686,1686,1366,1686,1556,1556,1556,1556,1706,1706,1536,1430,1430,1430,1430,1430,1430,1884,1110,1194,1194,1194,1194,788,788,788,788,1260,1430,1260,1260,1260,1260,1260,1366,1260,1430,1430,1430,1430,1407,1362,1407,2413,1835,1516,971,1706,1556,1110,1153,682,682,1024,2048,705,705,705,1430,1430,1430,1174,1366,725,2048,2454,854,854,1409,2163
Bodoni MT Black	0	672,641,944,1368,1323,1749,1812,528,725,725,768,1366,641,725,641,1300,1343,1343,1343,1343,1343,1343,1343,1343,1343,1343,641,641,1366,1366,1366,938,1898,1579,1720,1405,1763,1536,1446,1610,1835,1026,1323,1835,1448,2126,1655,1622,1667,1622,1769,1260,1493,1563,1575,2392,1665,1593,1413,811,1300,811,1036,1024,682,1217,1288,971,1288,1098,762,1110,1362,743,741,1430,733,1968,1362,1237,1288,1288,1067,981,807,1346,1067,1716,1110,1067,1034,811,1251,811,1366,672,641,1044,1343,1434,1593,1251,1260,682,1579,768,1450,1366,725,1579,1024,840,1366,811,811,682,1243,1194,641,682,811,768,1450,1749,1749,1749,938,1579,1579,1579,1579,1579,1579,2261,1405,1536,1536,1536,1536,1026,1026,1026,1026,1763,1655,1622,1622,1622,1622,1622,1366,1622,1563,1563,1563,1563,1593,1667,1374,1217,1217,1217,1217,1217,1217,1663,971,1098,1098,1098,1098,743,743,743,743,1237,1362,1237,1237,1237,1237,1237,1366,1237,1346,1346,1346,1346,1067,1288,1067,2200,1731,1260,981,1593,1413,1034,1153,682,682,1024,2048,641,641,641,1194,1194,1194,1174,1087,725,2048,2535,938,938,1343,2163
Bodoni MT Condensed	1	395,406,1137,1368,788,1430,1044,569,512,512,788,1366,406,406,406,768,788,788,788,788,788,788,788,788,788,788,406,406,1366,1366,1366,705,1386,918,897,682,897,725,725,897,938,492,725,938,705,1044,918,897,874,897,938,788,831,811,938,1430,874,938,748,512,768,512,1190,1024,682,788,831,748,831,797,492,874,874,469,469,874,469,1260,874,854,831,831,705,618,532,874,811,1194,768,811,705,807,1079,807,1366,395,385,748,788,1401,938,1079,831,682,1530,512,555,1366,406,1530,1024,819,1366,682,682,682,1139,1106,512,682,682,555,555,1622,1622,1622,705,918,918,918,918,918,918,1067,682,725,725,725,725,492,492,492,492,897,918,897,897,897,897,897,1366,897,811,811,811,811,938,874,831,788,788,788,788,788,788,1141,748,797,797,797,797,469,469,469,469,854,874,854,854,854,854,854,1366,854,874,874,874,874,811,831,811,1130,1237,788,618,938,748,705,1024,682,682,1024,2048,406,406,406,788,788,788,811,811,717,2048,1962,299,299,788,2048
Bodoni MT Condensed	3	395,406,1137,1368,788,1430,1044,569,512,512,788,1366,406,406,406,768,788,788,788,788,788,788,788,788,788,788,406,406,1366,1366,1366,705,1386,918,897,682,897,725,725,897,938,492,725,938,705,1044,918,897,874,897,938,788,831,811,938,1430,874,938,748,512,768,512,1190,1024,682,844,831,748,844,797,492,874,874,477,469,874,477,1260,874,854,831,831,705,618,532,874,811,1194,768,811,705,807,1079,807,1366,395,385,748,788,1401,938,1079,831,682,1530,549,555,1366,406,1530,1024,819,1366,682,682,682,1139,1106,512,682,682,555,555,1622,1622,1622,705,918,918,918,918,918,918,1067,682,725,725,725,725,492,492,492,492,897,918,897,897,897,897,897,1366,897,811,811,811,811,938,874,831,844,844,844,844,844,844,1188,748,797,797,797,797,477,477,477,477,854,874,854,854,854,854,854,1366,854,874,874,874,874,811,831,811,1130,1237,788,618,938,748,705,1024,682,682,1024,2048,406,406,406,788,788,788,811,811,717,2048,1962,299,299,788,2048
Bodoni MT Condensed	2	395,381,836,1081,692,1122,922,487,451,451,692,1366,381,406,381,686,692,692,692,692,692,692,692,692,692,692,381,381,1366,1366,1366,643,1346,766,737,602,750,705,680,752,834,432,627,834,621,944,834,750,729,750,778,694,752,741,766,1114,793,778,664,451,686,451,1085,1024,682,731,731,602,731,625,401,707,743,395,395,743,401,1092,743,682,731,731,543,553,440,743,678,995,678,678,618,655,743,655,1366,395,385,692,692,1401,778,743,786,682,1556,467,555,1366,406,1556,1024,655,1366,682,625,682,895,928,381,682,625,457,555,1520,1520,1520,643,766,766,766,766,766,766,1024,602,705,705,705,705,432,432,432,432,750,834,750,750,750,750,750,1366,750,741,741,741,741,778,729,770,731,731,731,731,731,731,1004,602,625,625,625,625,395,395,395,395,682,743,682,682,682,682,682,1366,682,743,743,743,743,678,731,678,1073,1004,694,553,778,664,618,922,682,682,1024,2048,381,381,381,721,721,721,770,770,649,1143,1686,313,313,692,2007
Bodoni MT Condensed	0	395,381,836,1081,692,1122,922,487,451,451,692,1366,381,406,381,686,692,692,692,692,692,692,692,692,692,692,381,381,1366,1366,1366,643,1346,766,737,602,750,705,680,752,834,432,627,834,621,944,834,750,729,750,778,694,752,741,766,1114,793,778,664,451,686,451,1085,1024,682,625,731,602,731,625,401,707,743,395,395,743,401,1092,743,682,731,731,543,553,440,743,657,995,657,657,618,655,743,655,1366,395,385,692,692,1401,778,743,786,682,1556,436,555,1366,406,1556,1024,655,1366,682,625,682,895,928,381,682,625,457,555,1520,1520,1520,643,766,766,766,766,766,766,1024,602,705,705,705,705,432,432,432,432,750,834,750,750,750,750,750,1366,750,741,741,741,741,778,729,770,625,625,625,625,625,625,905,602,625,625,625,625,395,395,395,395,641,743,682,682,682,682,682,1366,682,743,743,743,743,657,731,657,1073,989,694,553,778,664,618,922,682,682,1024,2048,381,381,381,721,721,721,770,770,649,1143,1686,313,313,692,2007
Bodoni MT	2	502,662,860,1368,1004,1898,1665,438,1004,1004,1004,1366,555,662,662,575,1004,1004,1004,1004,1004,1004,1004,1004,1004,1004,662,662,1366,1366,1366,768,1884,1556,1430,1323,1556,1430,1430,1323,1665,1004,1217,1665,1323,1985,1665,1323,1430,1323,1430,1217,1430,1665,1556,1985,1665,1665,1323,1004,575,1004,864,1024,682,1004,874,768,1004,768,662,874,1004,662,662,1004,555,1556,1110,874,1030,874,725,768,555,1110,874,1323,1004,897,768,983,1079,983,1366,502,662,1004,1004,1366,1665,1079,1217,682,1556,662,1004,1366,662,1556,1024,819,1366,641,641,682,1024,928,662,682,641,575,1004,1898,1898,1898,768,1556,1556,1556,1556,1556,1556,1985,1323,1430,1430,1430,1430,1004,1004,1004,1004,1556,1665,1323,1323,1323,1323,1323,1366,1323,1665,1665,1665,1665,1665,1430,1110,1004,1004,1004,1004,1004,1004,1323,768,768,768,768,768,662,662,662,662,1024,1110,874,874,874,874,874,1368,874,1110,1110,1110,1110,897,1110,897,1985,1323,1217,768,1665,1323,768,1004,682,682,1024,2048,555,555,555,1004,1004,1004,1110,1110,717,2048,1985,598,598,1004,2007
Bodoni MT Poster Compressed	0	288,319,832,1365,618,729,874,363,393,393,512,960,276,362,276,456,575,438,575,575,575,575,575,575,575,575,276,276,960,960,960,532,1877,627,666,575,666,623,623,645,733,393,623,776,623,840,633,641,666,641,772,598,705,678,584,989,733,657,618,410,456,410,1190,1024,682,575,580,512,580,532,393,618,604,328,342,649,350,883,606,555,580,592,516,469,459,604,522,858,520,520,532,533,576,533,960,288,319,512,725,1024,641,576,576,682,1217,362,575,960,362,1217,1024,811,960,385,385,682,1024,917,276,682,385,362,575,768,768,768,532,627,627,627,627,627,627,901,575,623,623,623,623,393,393,393,393,666,633,641,641,641,641,641,960,641,678,678,678,678,657,666,580,575,575,575,575,575,575,811,512,532,532,532,532,328,328,328,328,555,606,555,555,555,555,555,960,555,604,604,604,604,520,580,520,918,811,598,469,657,618,532,512,682,682,1024,2048,276,276,276,512,512,516,597,597,717,1152,1067,342,342,575,1920
Bodoni MT	0	502,555,836,1368,1004,1898,1450,369,662,662,1004,1366,555,662,555,575,1004,1004,1004,1004,1004,1004,1004,1004,1004,1004,555,555,1366,1366,1366,897,1886,1450,1430,1217,1556,1430,1323,1450,1665,874,1110,1622,1323,1726,1556,1450,1343,1450,1556,1110,1323,1556,1450,1985,1665,1556,1217,682,575,682,961,1024,682,1004,1110,874,1087,874,662,1004,1130,555,641,1087,555,1665,1110,1004,1110,1110,768,768,768,1110,1110,1450,1110,1110,874,983,1079,983,1366,502,555,874,1004,1366,1556,1079,768,682,1556,662,1004,1366,662,1556,1024,819,1366,662,662,682,1024,928,555,682,662,641,1004,1898,1898,1898,897,1450,1450,1450,1450,1450,1450,1921,1217,1430,1430,1430,1430,874,874,874,874,1556,1556,1450,1450,1450,1450,1450,1366,1450,1556,1556,1556,1556,1556,1343,1110,1004,1004,1004,1004,1004,1004,1323,874,874,874,874,874,555,555,555,555,1024,1110,1004,1004,1004,1004,1004,1368,1004,1110,1110,1110,1110,1110,1114,1110,2005,1556,1110,768,1556,1217,874,1004,682,682,1024,2048,555,555,555,1004,1004,1004,1004,1004,717,2048,1985,598,598,1004,2007
Bookman Old Style	0	655,614,778,1229,1270,1843,1638,451,614,614,901,1229,655,819,655,1229,1270,1270,1270,1270,1270,1270,1270,1270,1270,1270,655,655,1229,1229,1229,1106,1679,1393,1515,1515,1638,1475,1311,1638,1638,696,1229,1475,1229,1884,1515,1638,1270,1638,1475,1352,1270,1597,1434,1966,1475,1311,1311,614,1229,614,1229,1024,696,1188,1270,1065,1270,1065,655,1106,1352,614,614,1270,614,1925,1352,1147,1270,1188,901,1065,778,1393,1065,1597,1147,1106,983,573,1229,573,1229,696,614,1270,1270,1229,1270,1229,1065,860,1516,860,737,1229,819,1516,1024,819,1124,762,762,696,1180,1229,533,655,762,860,737,1905,1905,1905,1106,1393,1393,1393,1393,1393,1393,2580,1515,1475,1475,1475,1475,696,696,696,696,1638,1515,1638,1638,1638,1638,1638,1229,1638,1597,1597,1597,1597,1311,1270,1352,1188,1188,1188,1188,1188,1188,1761,1065,1065,1065,1065,1065,614,614,614,614,1147,1352,1147,1147,1147,1147,1147,1124,1147,1393,1393,1393,1393,1106,1270,1106,2539,1843,1352,1065,1311,1311,983,1270,860,901,1024,2048,451,451,451,819,819,819,1106,1106,942,2048,2621,491,491,1270,2007
Bookman Old Style	1	696,737,860,1229,1352,1925,1638,491,655,655,942,1229,696,737,696,1229,1352,1352,1352,1352,1352,1352,1352,1352,1352,1352,696,696,1229,1229,1229,1352,1679,1475,1475,1515,1597,1475,1393,1597,1679,819,1311,1638,1311,1925,1515,1638,1352,1638,1597,1352,1434,1515,1475,1925,1597,1434,1311,614,1229,614,1229,1024,819,1188,1229,1188,1311,1188,778,1188,1393,737,696,1352,696,2048,1393,1270,1311,1270,942,1065,942,1352,1229,1638,1229,1270,1147,655,1229,655,1229,696,737,1352,1352,1229,1352,1229,1229,1024,1515,819,819,1229,737,1515,1024,819,1124,811,811,819,1180,1638,655,737,811,819,819,2027,2027,2027,1352,1475,1475,1475,1475,1475,1475,2335,1515,1475,1475,1475,1475,819,819,819,819,1597,1515,1638,1638,1638,1638,1638,1229,1638,1515,1515,1515,1515,1434,1352,1352,1188,1188,1188,1188,1188,1188,1802,1188,1188,1188,1188,1188,737,737,737,737,1270,1393,1270,1270,1270,1270,1270,1124,1270,1352,1352,1352,1352,1270,1311,1270,2499,1925,1352,1065,1434,1311,1147,1352,1024,983,1024,2048,655,655,655,1106,1106,1106,901,778,942,2048,2785,451,451,1352,2007
Bookman Old Style	3	696,655,778,1229,1393,1802,2007,369,532,532,942,1229,696,573,696,737,1393,1393,1393,1393,1393,1393,1393,1393,1393,1393,696,696,1270,1229,1270,1270,1597,1475,1475,1434,1556,1475,1352,1556,1638,778,1270,1597,1311,1761,1515,1556,1311,1556,1515,1434,1434,1515,1352,2048,1515,1352,1393,532,1188,532,1270,1024,778,1393,1229,1147,1393,1147,860,1270,1434,778,655,1434,778,1966,1393,1229,1352,1270,1024,1106,901,1393,1106,1761,1270,1229,1147,614,1270,614,1270,696,655,1393,1393,1392,1393,1270,1270,1065,1597,901,778,1269,573,1515,1024,819,1124,836,836,696,1180,1393,778,737,836,901,778,2089,2089,2089,1270,1475,1475,1475,1475,1475,1475,2335,1434,1475,1475,1475,1475,778,778,778,778,1557,1515,1556,1556,1556,1556,1556,1229,1556,1515,1515,1515,1515,1352,1311,1352,1393,1393,1393,1393,1393,1393,1802,1147,1147,1147,1147,1147,778,778,778,778,1229,1393,1229,1229,1229,1229,1229,1124,1229,1393,1393,1393,1393,1229,1352,1229,2417,1884,1434,1106,1352,1393,1147,1393,1024,983,1024,2048,655,655,614,1065,1065,1065,860,860,737,2048,2785,451,451,1393,1925
Bookman Old Style	2	614,655,737,1229,1270,1638,1679,410,573,573,901,1229,614,655,614,1229,1270,1270,1270,1270,1270,1270,1270,1270,1270,1270,614,614,1229,1229,1229,1106,1597,1434,1475,1475,1515,1393,1270,1556,1638,655,1147,1475,1188,1761,1475,1556,1229,1597,1434,1311,1229,1475,1393,1966,1434,1352,1188,532,1229,532,1229,1024,696,1270,1229,983,1311,1106,696,1147,1270,573,573,1229,573,1802,1270,1106,1229,1147,819,1106,696,1270,1106,1802,1106,1229,1065,737,1229,778,1229,1270,655,1270,1270,1229,1270,1229,1270,860,1516,901,614,1229,655,1516,1024,819,1124,762,762,655,1180,1270,533,655,762,819,614,1905,1905,1905,1106,1434,1434,1434,1434,1434,1434,2498,1475,1393,1393,1393,1393,655,655,655,655,1515,1475,1556,1556,1556,1556,1556,1229,1556,1475,1475,1475,1475,1352,1229,1270,1270,1270,1270,1270,1270,1270,1802,983,1106,1106,1106,1106,573,573,573,573,1106,1270,1106,1106,1106,1106,1106,1124,1106,1270,1270,1270,1270,1229,1229,1229,2417,1843,1311,1106,1352,1188,1065,1270,901,901,1024,2048,573,573,655,901,901,983,1270,1270,942,2048,2417,369,369,1270,2007
Bradley Hand ITC	0	522,604,580,1266,1331,1407,1198,410,819,819,1090,1706,510,698,510,846,1075,1006,1165,1159,1292,1169,1243,1319,1081,1075,510,510,1706,1706,1706,766,1403,1442,1356,1245,1278,1227,1116,1485,1503,537,537,1497,1257,1747,1550,1427,1126,1462,1509,1475,1210,1460,1294,1958,1292,1350,1804,819,846,819,2048,819,1024,1014,952,844,1120,735,807,1186,1051,623,522,1239,623,1763,1276,836,920,1192,764,891,713,1167,973,1343,944,1307,1096,819,1024,819,1706,522,604,1225,1333,1241,1102,1024,901,1024,555,422,819,1706,698,555,819,342,1706,770,766,1024,1051,936,498,1024,664,510,819,2001,1921,2097,766,1442,1442,1442,1442,1442,1442,2208,1245,1227,1227,1227,1227,537,537,537,537,1278,1550,1427,1427,1427,1427,1427,1706,1427,1460,1460,1460,1460,1350,1133,1210,1014,1014,1014,1014,1014,1014,1667,844,735,735,735,735,623,623,623,623,823,1276,836,836,836,836,836,1706,1090,1167,1167,1167,1167,1307,920,1307,2304,1266,1475,891,1350,1804,1096,1235,1024,1024,969,1802,459,459,750,676,676,676,901,901,545,1638,2044,573,573,1075,598
Britannic Bold	0	614,741,628,1489,1255,1566,1300,301,763,762,885,1010,584,521,585,875,1250,1248,1250,1253,1250,1253,1254,1250,1251,1252,585,584,887,1009,887,982,1496,1107,1286,1227,1344,1091,1023,1291,1349,634,850,1315,1041,1504,1226,1329,1223,1325,1294,1124,1061,1241,1088,1598,1173,1044,1119,1036,875,1036,1004,1024,1024,1084,1102,999,1103,1023,647,1097,1154,575,582,1078,562,1682,1158,1108,1112,1110,876,977,661,1163,897,1352,965,924,881,950,396,950,996,614,741,1298,1250,1186,1044,396,1250,1024,1558,763,873,887,521,1558,-1,913,1009,834,836,1024,956,1379,-1,1024,831,712,873,1847,1846,1848,983,1107,1107,1107,1107,1107,1107,1646,1227,1091,1091,1091,1091,700,702,635,690,1349,1226,1329,1329,1329,1329,1329,1043,1329,1241,1241,1241,1241,1044,1251,1146,1084,1084,1084,1084,1084,1084,1576,999,1023,1023,1023,1023,625,630,577,625,1097,1158,1108,1108,1108,1108,1108,1009,1108,1163,1163,1163,1163,924,1118,924,1766,1641,1124,977,1044,-1,-1,1241,1024,1024,1149,1482,545,545,584,982,982,982,1251,1326,568,1754,2373,560,560,1249,1524
Berlin Sans FB	1	512,670,975,1534,1102,1778,1430,594,911,911,1004,1108,709,950,709,768,1356,786,1122,1028,1235,1092,1223,1053,1073,1223,627,627,911,1079,911,913,1540,1493,1432,1335,1507,1210,1208,1542,1583,733,831,1466,1180,1737,1577,1589,1391,1589,1391,977,1112,1430,1405,2019,1350,1341,1094,938,768,938,1176,997,801,1276,1278,883,1278,1106,807,1253,1249,672,684,1313,672,1855,1249,1118,1311,1276,864,766,862,1257,1159,1645,1110,1196,1053,901,768,901,1212,256,670,805,1122,1221,1645,657,1133,1110,1468,1149,1303,942,900,1468,799,899,838,837,815,801,784,1296,709,799,598,1014,1303,1826,1812,2026,913,1493,1493,1493,1493,1493,1493,1765,1335,1210,1210,1210,1210,733,733,733,733,1507,1577,1589,1589,1589,1589,1589,1108,1589,1430,1430,1430,1430,1341,1391,1294,1276,1276,1276,1276,1276,1276,1833,883,1106,1106,1106,1106,672,672,672,672,1278,1249,1118,1118,1118,1118,1118,838,1118,1257,1257,1257,1257,1196,1311,1196,1870,1692,977,766,1341,1094,1053,1040,799,799,1368,1915,709,709,709,983,983,983,1251,1251,1462,2126,2294,752,752,1036,1411
Berlin Sans FB Demi	1	512,573,801,1454,995,1645,1430,475,815,815,868,969,575,870,575,678,1290,659,1059,997,1130,1034,1137,979,1006,1157,510,510,821,987,821,864,1407,1421,1309,1276,1460,1157,1151,1456,1526,610,690,1346,1120,1677,1524,1538,1335,1538,1305,848,1081,1391,1337,1923,1262,1272,1106,838,678,838,1067,944,758,1204,1206,852,1208,1026,723,1169,1161,563,569,1231,547,1788,1161,1083,1233,1212,780,729,774,1194,1098,1550,1001,1102,958,801,637,801,1106,256,573,836,997,1221,1450,580,983,758,1368,1016,1167,942,864,1368,758,852,838,811,795,758,784,1204,575,758,546,938,1167,1760,1825,1878,864,1421,1421,1421,1421,1421,1421,1772,1276,1157,1157,1157,1157,610,610,610,610,1460,1524,1538,1538,1538,1538,1538,968,1538,1391,1391,1391,1391,1272,1335,1114,1204,1204,1204,1204,1204,1204,1737,852,1026,1026,1026,1026,563,563,563,563,1208,1161,1083,1083,1083,1083,1083,838,1083,1194,1194,1194,1194,1102,1233,1102,2138,1696,848,729,1272,1106,958,866,758,758,1264,1774,567,567,567,842,842,842,1057,1075,1196,1645,2111,676,676,1047,1276
Berlin Sans FB	0	512,475,621,1360,881,1507,1409,352,719,719,729,827,440,791,440,586,1223,573,993,965,1024,975,1051,903,938,1051,410,410,729,893,729,815,1272,1350,1251,1214,1393,1102,1092,1382,1466,485,547,1221,1059,1618,1470,1485,1278,1485,1217,956,1051,1352,1268,1827,1174,1202,1034,735,586,735,956,891,715,1135,1135,823,1139,987,602,1065,1065,451,453,1120,451,1718,1071,1047,1155,1147,682,612,700,1130,1036,1493,889,975,862,698,502,698,997,256,475,709,956,1221,1348,502,831,715,1266,942,1030,942,827,1266,715,803,838,784,774,715,784,1112,440,715,494,942,1030,1602,1602,1602,815,1350,1350,1350,1350,1350,1350,1694,1214,1102,1102,1102,1102,485,485,485,485,1393,1470,1485,1485,1485,1485,1485,827,1485,1352,1352,1352,1352,1202,1278,1024,1135,1135,1135,1135,1135,1135,1757,823,987,987,987,987,451,451,451,451,1139,1071,1047,1047,1047,1047,1047,838,1047,1130,1130,1130,1130,975,1176,975,1921,1763,956,612,1202,1034,862,782,715,715,1157,1628,424,424,424,776,776,776,856,895,924,1321,2245,598,598,946,1284
Broadway	0	512,786,792,1324,1324,1574,1563,444,748,748,808,1324,771,716,771,955,1324,1324,1324,1324,1324,1324,1324,1324,1324,1324,771,771,1024,1324,1024,1133,1516,1599,1467,1446,1538,1371,1336,1553,1554,844,1307,1501,1371,1942,1508,1553,1560,1551,1567,1223,1414,1539,1605,2075,1587,1501,1377,748,955,748,1024,1024,1024,1442,1528,1154,1528,1226,787,1149,1553,752,813,1488,743,2366,1544,1227,1494,1494,1086,985,886,1546,1291,1769,1458,1236,1343,1324,1024,1324,1365,512,786,1324,1324,1365,1324,1024,1324,1024,1632,878,716,1024,716,1632,1024,645,1324,898,898,1024,1546,1324,-1,1024,898,878,716,1876,1876,1876,1133,1599,1599,1599,1599,1599,1599,2357,1446,1371,1371,1371,1371,844,844,844,844,1566,1508,1553,1553,1553,1553,1553,1324,1550,1539,1539,1539,1539,1501,1560,1465,1442,1442,1442,1442,1442,1442,2012,1154,1226,1226,1226,1226,752,752,752,752,1227,1544,1227,1227,1227,1227,1227,1324,1228,1546,1546,1546,1546,1236,1494,1236,2269,1930,1223,985,1501,-1,-1,1324,1024,1024,1326,2147,797,797,797,1480,1480,1480,1324,1324,1365,2312,2328,398,398,1323,2143
Brush Script MT	2	575,705,618,1245,961,1409,1004,449,682,682,662,1366,682,1044,682,575,897,555,897,1044,874,874,854,895,918,938,682,682,1366,1366,1366,662,2068,1300,1130,1237,1323,1260,1153,1153,1323,897,768,1343,1217,1706,1174,1174,1280,1323,1343,1323,1174,1280,874,1430,1237,1130,1110,598,575,748,961,1024,682,831,662,598,854,598,555,788,748,469,575,748,469,1130,748,641,831,768,598,639,512,788,662,1004,598,768,618,854,1110,854,1366,575,705,725,1386,1366,1280,1110,1110,682,1516,641,831,1366,1044,1516,1024,811,1366,831,831,682,1139,1323,-1,682,831,512,831,1686,1686,1686,662,1300,1300,1300,1300,1300,1300,1942,1237,1260,1260,1260,1260,897,897,897,897,1323,1174,1174,1174,1174,1174,1174,1366,1174,1280,1280,1280,1280,1130,1280,831,831,831,831,831,831,831,1044,598,598,598,598,598,469,469,469,469,641,748,641,641,641,641,641,1366,641,788,788,788,788,768,831,768,1749,981,1323,639,1130,-1,-1,897,682,682,1024,2048,682,682,682,961,961,961,1024,1024,725,2048,1792,512,512,989,2048
Bookshelf Symbol 7	0	624,976,976,1008,1296,1360,1328,1328,1200,704,1584,1392,1392,1304,1024,888,736,1512,1504,1312,1256,1016,1256,1440,1016,1440,1232,1208,712,1208,712,1288,1288,1232,976,1024,1024,1024,888,888,1024,1024,1024,976,976,1024,1024,1368,1368,1024,1024,1024,1024,1576,1704,1704,1848,1024,1024,1024,1024,1024,2048,2048,2048,2048,2048,2048,2048,2048,2048,2048,2048,2048,2048,2048,2048,2048,2048,2048,2048,2048,2048,2048,-1,2048,2048,2048,2048,2048,2048,2048,2048,2048,-1,-1,-1,-1,-1,-1,-1,-1,-1,-1,-1,-1,-1,-1,-1,-1,-1,-1,-1,-1,-1,-1,-1,-1,-1,-1,-1,-1,-1,-1,-1,-1,-1,-1,-1,-1,-1,-1,-1,-1,-1,-1,-1,-1,-1,-1,-1,-1,-1,-1,-1,-1,-1,-1,-1,-1,-1,-1,-1,-1,-1,-1,-1,-1,-1,-1,-1,-1,-1,-1,-1,-1,-1,-1,-1,-1,-1,-1,-1,-1,-1,-1,-1,-1,-1,-1,-1,-1,-1,-1,-1,-1,-1,-1,-1,-1,-1,-1,-1,-1,-1,-1,-1,-1,-1,-1,-1,-1,-1,-1,-1,-1,-1,-1,-1,-1,-1,-1,-1,-1,-1,-1,-1,-1
Calibri	0	463,667,821,1020,1038,1464,1397,452,621,621,1020,1020,511,627,517,791,1038,1038,1038,1038,1038,1038,1038,1038,1038,1038,548,548,1020,1020,1020,949,1831,1185,1114,1092,1260,1000,941,1292,1276,516,653,1064,861,1751,1322,1356,1058,1378,1112,941,998,1314,1162,1822,1063,998,959,628,791,628,1020,1020,596,981,1076,866,1076,1019,625,964,1076,470,490,931,470,1636,1076,1080,1076,1076,714,801,686,1076,925,1464,887,927,809,644,943,644,1020,463,667,1020,1038,1020,1038,1020,1020,804,1709,824,1049,1020,627,1038,807,694,1020,688,685,598,1126,1200,517,629,504,865,1049,1303,1375,1383,949,1185,1185,1185,1185,1185,1185,1563,1092,1000,1000,1000,1000,516,516,516,516,1279,1322,1356,1356,1356,1356,1356,1020,1359,1314,1314,1314,1314,998,1058,1080,981,981,981,981,981,981,1583,866,1019,1019,1019,1019,470,470,470,470,1076,1076,1080,1080,1080,1080,1080,1020,1084,1076,1076,1076,1076,927,1076,927,1775,1740,941,801,998,959,809,625,809,922,1020,1854,511,511,511,857,857,857,1020,1020,1020,1414,2126,694,694,1038,1444
Calibri	1	463,667,898,1020,1038,1493,1443,478,638,638,1020,1020,528,627,547,880,1038,1038,1038,1038,1038,1038,1038,1038,1038,1038,565,565,1020,1020,1020,949,1840,1241,1148,1084,1291,999,940,1305,1292,546,678,1120,866,1790,1349,1385,1090,1405,1153,968,1014,1337,1211,1856,1128,1064,979,665,880,665,1020,1020,615,1011,1099,857,1099,1031,648,971,1099,503,523,983,503,1666,1099,1101,1099,1099,728,817,710,1099,969,1526,941,970,814,704,973,704,1020,463,667,1020,1038,1020,1038,1020,1020,849,1709,852,1103,1020,627,1038,799,701,1020,692,688,616,1154,1224,548,621,517,891,1103,1347,1415,1437,949,1241,1241,1241,1241,1241,1241,1588,1084,999,999,999,999,546,546,546,546,1309,1349,1385,1385,1385,1385,1385,1020,1394,1337,1337,1337,1337,1064,1090,1136,1011,1011,1011,1011,1011,1011,1587,857,1031,1031,1031,1031,503,503,503,503,1099,1099,1101,1101,1101,1101,1101,1020,1114,1099,1099,1099,1099,970,1099,970,1790,1726,968,817,1064,979,814,648,822,910,1020,1854,528,528,528,891,891,891,1020,1020,1020,1457,2174,705,705,1038,1475
Calibri	2	463,667,821,1020,1038,1464,1397,452,621,621,1020,1020,511,627,517,794,1038,1038,1038,1038,1038,1038,1038,1038,1038,1038,548,548,1020,1020,1020,949,1831,1185,1114,1070,1260,1000,941,1292,1276,516,653,1064,861,1751,1320,1340,1058,1360,1112,926,998,1314,1162,1823,1063,998,959,628,787,628,1020,1020,596,1053,1053,852,1053,978,625,1053,1053,470,490,931,470,1620,1053,1051,1053,1053,702,797,686,1053,913,1464,887,916,809,644,943,644,1020,463,667,1020,1038,1020,1038,1020,1020,804,1709,882,1049,1020,627,1038,807,694,1020,688,685,598,1102,1200,517,629,504,865,1049,1303,1375,1383,949,1185,1185,1185,1185,1185,1185,1563,1070,1000,1000,1000,1000,516,516,516,516,1279,1320,1340,1340,1340,1340,1340,1020,1347,1314,1314,1314,1314,998,1058,1080,1053,1053,1053,1053,1053,1053,1545,852,978,978,978,978,470,470,470,470,1076,1053,1051,1051,1051,1051,1051,1020,1084,1053,1053,1053,1053,916,1053,916,1775,1668,926,797,998,959,809,625,809,922,1020,1854,511,511,511,857,857,857,1020,1020,1020,1413,2126,694,694,1038,1444
Calibri Light	0	463,667,779,1020,1038,1448,1372,438,612,612,1020,1020,501,627,501,742,1038,1038,1038,1038,1038,1038,1038,1038,1038,1038,538,538,1020,1020,1020,949,1826,1154,1096,1096,1243,1001,942,1285,1268,500,640,1033,858,1730,1307,1340,1040,1364,1090,927,990,1302,1135,1804,1027,961,949,608,742,608,1020,1020,586,964,1064,871,1064,1012,612,960,1064,452,471,903,452,1620,1064,1068,1064,1064,706,792,673,1064,901,1431,857,903,806,612,927,612,1020,463,667,1020,1038,1020,1038,1020,1020,779,1709,808,1020,1020,627,1038,812,690,1020,686,684,588,1111,1187,501,634,497,851,1020,1279,1353,1353,949,1154,1154,1154,1154,1154,1154,1550,1096,1001,1001,1001,1001,500,500,500,500,1262,1307,1340,1340,1340,1340,1340,1020,1340,1302,1302,1302,1302,961,1040,1049,964,964,964,964,964,964,1581,871,1012,1012,1012,1012,452,452,452,452,1064,1064,1068,1068,1068,1068,1068,1020,1068,1064,1064,1064,1064,903,1064,903,1767,1748,927,792,961,949,806,612,801,929,1020,1854,501,501,501,838,838,838,1020,1020,1020,1391,2099,688,688,1038,1428
Calibri Light	2	463,667,779,1020,1038,1448,1372,438,612,612,1020,1020,501,627,501,742,1038,1038,1038,1038,1038,1038,1038,1038,1038,1038,538,538,1020,1020,1020,949,1826,1154,1096,1075,1243,1001,942,1285,1268,500,640,1033,858,1730,1307,1325,1040,1346,1090,912,990,1302,1135,1804,1027,961,949,608,742,608,1020,1020,586,1038,1038,857,1038,962,612,1038,1038,452,471,903,452,1606,1038,1036,1038,1038,692,792,673,1038,886,1431,857,890,806,612,927,612,1020,463,667,1020,1038,1020,1038,1020,1020,779,1709,870,1020,1020,627,1038,812,690,1020,686,684,588,1085,1187,501,634,497,851,1020,1279,1353,1353,949,1154,1154,1154,1154,1154,1154,1550,1075,1001,1001,1001,1001,500,500,500,500,1262,1307,1325,1325,1325,1325,1325,1020,1326,1302,1302,1302,1302,961,1040,1049,1038,1038,1038,1038,1038,1038,1535,857,962,962,962,962,452,452,452,452,1064,1038,1036,1036,1036,1036,1036,1020,1068,1038,1038,1038,1038,890,1038,890,1767,1665,912,792,961,949,806,612,801,929,1020,1854,501,501,501,838,838,838,1020,1020,1020,1391,2099,688,688,1038,1428
Calibri	3	463,667,898,1020,1038,1493,1443,478,638,638,1020,1020,528,627,547,889,1038,1038,1038,1038,1038,1038,1038,1038,1038,1038,565,565,1020,1020,1020,949,1840,1241,1148,1062,1291,999,940,1305,1292,546,678,1120,866,1790,1344,1369,1090,1387,1153,953,1014,1337,1211,1857,1128,1064,979,665,870,665,1020,1020,615,1081,1081,843,1081,1006,648,1081,1080,503,523,983,503,1646,1080,1080,1081,1081,721,807,710,1080,961,1526,941,963,814,704,973,704,1020,463,667,1020,1038,1020,1038,1020,1020,849,1709,903,1103,1020,627,1038,799,701,1020,692,688,616,1134,1224,548,621,517,891,1103,1347,1415,1437,949,1241,1241,1241,1241,1241,1241,1588,1062,999,999,999,999,546,546,546,546,1309,1344,1369,1369,1369,1369,1369,1020,1387,1337,1337,1337,1337,1064,1090,1136,1081,1081,1081,1081,1081,1081,1564,843,1006,1006,1006,1006,503,503,503,503,1099,1080,1080,1080,1080,1080,1080,1020,1114,1080,1080,1080,1080,963,1081,963,1790,1673,953,807,1064,979,814,648,822,910,1020,1854,528,528,528,891,891,891,1020,1020,1020,1456,2174,705,705,1038,1475
Californian FB	1	461,451,606,1208,1092,1706,1860,385,827,827,1036,1036,481,791,461,678,1100,729,1071,1006,1143,1040,1053,963,1042,1077,461,481,1036,1036,1036,731,1454,1427,1165,1444,1499,1196,1206,1509,1599,727,729,1427,1178,1950,1599,1544,1219,1581,1452,1063,1327,1565,1427,2353,1419,1280,1352,793,678,793,778,829,598,944,1133,938,1200,930,674,1020,1147,584,500,1163,578,1675,1151,1069,1161,1122,797,838,778,1118,1008,1677,1161,1030,1004,827,604,827,596,229,451,948,1167,1006,1272,590,934,598,1182,635,870,1126,1036,1182,598,606,1036,771,724,598,1118,1124,461,598,525,694,870,1580,1673,1556,731,1427,1427,1427,1427,1427,1427,1847,1444,1196,1196,1196,1196,727,727,727,727,1499,1599,1544,1544,1544,1544,1544,995,1544,1565,1565,1565,1565,1280,1219,1235,944,944,944,944,944,944,1425,938,930,930,930,930,584,584,584,584,1055,1151,1069,1069,1069,1069,1069,987,1069,1118,1118,1118,1118,1030,1161,1030,1860,1599,1063,838,1280,1352,1004,674,598,598,1075,2154,539,539,539,877,877,877,772,858,1425,1208,2507,606,606,1444,1597
Californian FB	2	334,514,569,1151,911,1292,1556,391,637,637,848,858,356,623,315,575,924,678,842,780,889,922,938,858,866,895,399,399,594,719,594,637,1348,1253,1053,1196,1378,1128,1063,1319,1331,655,608,1352,1059,1559,1327,1300,1081,1262,1188,926,1092,1466,1217,1606,1366,1178,1128,584,563,584,778,770,557,891,874,717,881,700,506,782,854,516,440,885,489,1319,874,870,825,842,721,659,606,905,815,1198,909,840,778,573,629,573,596,166,514,752,1024,1006,1184,590,815,557,1106,580,864,987,987,1106,557,578,987,606,562,557,905,922,315,557,488,565,864,1442,1501,1420,637,1253,1253,1253,1253,1253,1253,1724,1196,1128,1128,1128,1128,655,655,655,655,1378,1327,1300,1300,1300,1300,1300,987,1300,1466,1466,1466,1466,1178,1038,1012,891,891,891,891,891,891,1219,717,700,700,700,700,516,516,516,516,799,874,870,870,870,870,870,987,870,905,905,905,905,840,856,840,1733,1395,926,659,1178,1128,778,506,557,557,1024,2040,387,387,387,682,682,682,766,850,1188,1092,1866,500,500,1246,1532
Californian FB	0	438,416,578,1151,1047,1647,1772,414,788,788,995,987,438,698,438,598,1047,696,1020,938,1087,991,1010,901,993,1026,438,438,578,700,578,696,1499,1341,1143,1407,1397,1174,1149,1491,1556,670,713,1382,1124,1858,1524,1479,1130,1493,1393,1030,1253,1544,1346,2214,1376,1212,1350,733,598,733,778,770,545,903,1087,903,1092,877,592,971,1083,555,504,1106,551,1589,1092,1006,1108,1069,745,811,725,1083,940,1595,1083,958,995,666,590,666,596,219,416,903,1027,1006,1208,590,860,545,1106,588,829,987,987,1106,545,578,987,734,675,545,1083,1028,389,545,501,653,829,1580,1580,1580,696,1341,1341,1341,1341,1341,1341,1720,1407,1174,1174,1174,1174,670,670,670,670,1397,1524,1479,1479,1479,1479,1479,987,1479,1544,1544,1544,1544,1212,1130,1090,903,903,903,903,903,903,1372,903,877,877,877,877,555,555,555,555,1083,1092,1006,1006,1006,1006,1006,987,1006,1083,1083,1083,1083,958,1108,958,1860,1536,1030,811,1212,1350,995,592,545,545,1024,2048,389,389,389,707,707,707,715,783,1356,1204,2331,578,578,1498,1524
Calisto MT	0	522,575,831,1366,981,1686,1599,362,662,662,961,1366,575,598,575,1087,1044,1044,1044,1044,1044,1044,1044,1044,1044,1044,575,575,1366,1366,1366,788,1878,1579,1323,1473,1665,1366,1280,1686,1642,748,897,1579,1343,1985,1665,1622,1260,1622,1473,1130,1343,1642,1430,2134,1536,1536,1343,662,1087,662,961,1024,682,1004,1044,918,1110,938,618,1004,1130,575,532,1044,555,1729,1130,1110,1087,1067,725,788,618,1130,1024,1556,1067,1044,981,981,1087,981,1366,522,575,918,1087,1409,1536,1087,897,682,1556,682,874,1366,597,1556,1024,811,1366,705,705,682,1024,918,-1,682,705,748,874,1686,1686,1686,788,1579,1579,1579,1579,1579,1579,2218,1473,1366,1366,1366,1366,748,748,748,748,1665,1665,1622,1622,1622,1622,1622,1366,1622,1642,1642,1642,1642,1536,1260,1130,1004,1004,1004,1004,1004,1004,1473,918,938,938,938,938,575,575,575,575,1100,1130,1110,1110,1110,1110,1110,1366,1110,1130,1130,1130,1130,1044,1087,1044,2218,1686,1130,788,1536,-1,-1,1044,682,682,1024,2048,575,575,575,1024,1024,1024,961,897,725,2048,2218,512,512,1047,2005
Calisto MT	1	522,705,1130,1366,1024,1686,1642,575,682,682,981,1366,705,725,705,1153,1044,1044,1044,1044,1044,1044,1044,1044,1044,1044,705,705,1366,1366,1366,831,1898,1599,1343,1556,1686,1366,1280,1749,1642,788,961,1599,1366,2005,1642,1665,1280,1665,1493,1130,1386,1622,1473,2175,1579,1536,1323,748,1153,748,1194,1024,682,1024,1067,918,1110,961,705,1044,1151,641,598,1110,618,1706,1151,1130,1110,1067,788,831,705,1130,1087,1686,1087,1024,981,811,1153,811,1366,522,705,961,1110,1409,1536,1153,961,682,1536,725,961,1366,725,1536,1024,811,1366,705,705,682,1130,1110,-1,682,705,768,961,1686,1686,1686,831,1599,1599,1599,1599,1599,1599,2218,1556,1366,1366,1366,1366,788,788,788,788,1686,1642,1665,1665,1665,1665,1665,1366,1665,1622,1622,1622,1622,1536,1386,1174,1024,1024,1024,1024,1024,1024,1450,918,961,961,961,961,641,641,641,641,1130,1151,1130,1130,1130,1130,1130,1366,1130,1130,1130,1130,1130,1024,1110,1024,2241,1622,1130,831,1536,-1,-1,1044,682,682,1024,2048,705,705,705,1237,1237,1237,981,918,725,2048,2241,555,555,1044,2048
Calisto MT	3	502,575,1130,1366,1004,1556,1473,575,682,662,938,1366,575,639,575,1153,1004,1004,1004,1004,1004,1004,1004,1004,1004,1004,575,575,1366,1366,1366,854,1706,1407,1260,1323,1536,1300,1217,1556,1516,748,938,1516,1260,1835,1450,1493,1174,1493,1430,1110,1386,1450,1409,2005,1516,1323,1260,639,1153,618,1174,1024,682,1004,961,768,1024,811,598,897,1044,598,555,1024,575,1556,1067,938,981,981,748,705,618,1067,874,1366,961,981,811,811,1153,811,1366,502,575,768,1087,1409,1323,1153,938,682,1536,705,831,1366,639,1536,1024,811,1366,662,662,682,1174,1110,575,682,662,662,831,1556,1556,1556,854,1407,1407,1407,1407,1407,1407,2134,1323,1300,1300,1300,1300,748,748,748,748,1536,1450,1493,1493,1493,1493,1493,1366,1493,1450,1450,1450,1450,1323,1409,1004,1004,1004,1004,1004,1004,1004,1323,768,811,811,811,811,598,598,598,598,918,1067,938,938,938,938,938,1366,938,1067,1067,1067,1067,981,981,981,2111,1343,1110,705,1323,1260,811,1004,682,682,1024,2048,575,575,575,1087,1087,1087,1044,961,725,2048,1962,492,492,1004,2048
Calisto MT	2	479,532,854,1366,961,1599,1430,449,618,575,938,1366,532,555,532,1087,958,958,958,958,958,958,958,958,958,958,532,532,1366,1366,1366,811,1878,1366,1237,1280,1493,1280,1194,1473,1516,725,874,1450,1217,1812,1493,1409,1174,1409,1386,1110,1343,1493,1386,1985,1450,1300,1217,618,1087,575,874,1024,682,961,918,725,981,748,492,874,1024,555,492,938,512,1556,1044,897,961,918,682,662,575,1044,854,1366,918,938,768,981,1087,981,1366,479,532,725,1024,1409,1300,1087,811,682,1556,598,682,1366,555,1556,682,811,1366,662,662,682,1024,918,-1,682,662,639,682,1599,1599,1599,811,1366,1366,1366,1366,1366,1366,2028,1280,1280,1280,1280,1280,725,725,725,725,1493,1493,1409,1409,1409,1409,1409,1366,1409,1493,1493,1493,1493,1300,1343,938,961,961,961,961,961,961,1280,725,748,748,748,748,555,555,555,555,918,1044,897,897,897,897,897,1366,897,1044,1044,1044,1044,938,961,938,2005,1343,1110,662,1300,-1,-1,1044,682,682,1024,2048,532,532,532,981,981,981,874,874,725,2048,2068,383,383,961,2005
Cambria	1	451,686,865,1265,1112,1998,1515,515,836,836,927,1213,475,690,475,1035,1213,1213,1213,1213,1213,1213,1213,1213,1213,1213,573,573,1213,1213,1213,925,1887,1335,1334,1174,1443,1183,1129,1324,1478,716,698,1396,1128,1733,1391,1424,1257,1424,1355,1051,1309,1385,1299,1969,1267,1238,1160,753,1035,753,1213,759,583,1096,1211,960,1223,1087,668,1065,1222,644,619,1212,631,1823,1236,1166,1223,1211,945,940,748,1223,1087,1635,1076,1087,981,804,656,804,1213,451,686,960,1138,1203,1313,656,1091,583,1742,860,1069,1213,690,1742,583,774,1213,895,895,583,1240,1204,565,583,895,892,1069,1928,1998,1928,925,1335,1335,1335,1335,1335,1335,1803,1174,1183,1183,1183,1183,716,716,716,716,1452,1391,1424,1424,1424,1424,1424,1213,1424,1385,1385,1385,1385,1238,1264,1386,1096,1096,1096,1096,1096,1096,1627,960,1087,1087,1087,1087,644,644,644,644,1171,1236,1166,1166,1166,1166,1166,1213,1166,1223,1223,1223,1223,1087,1211,1087,1950,1755,1051,940,1238,1160,981,668,583,583,1024,2048,481,481,475,815,815,809,1058,1058,908,1582,2826,657,657,1310,1401
Cambria	2	451,574,797,1268,1000,1757,1350,480,761,761,850,1082,408,653,408,954,1082,1082,1082,1082,1082,1082,1082,1082,1082,1082,530,530,1082,1082,1082,834,1813,1205,1221,1105,1324,1164,1079,1198,1370,656,613,1235,1071,1622,1374,1273,1137,1273,1209,986,1175,1295,1178,1836,1116,1122,1049,694,954,694,1082,759,554,1077,1067,887,1073,936,599,1070,1086,555,545,1018,546,1636,1096,1038,1079,1068,834,782,707,1096,942,1490,920,942,921,768,646,768,1082,451,574,896,1025,1134,1227,646,973,554,1742,811,960,1082,653,1742,554,769,1082,808,808,554,1128,1166,494,554,808,832,960,1757,1806,1757,834,1205,1205,1205,1205,1205,1205,1709,1105,1164,1164,1164,1164,656,656,656,656,1330,1374,1273,1273,1273,1273,1273,1082,1273,1295,1295,1295,1295,1122,1147,1160,1077,1077,1077,1077,1077,1077,1452,887,936,936,936,936,555,555,555,555,1042,1096,1038,1038,1038,1038,1038,1082,1038,1096,1096,1096,1096,942,1067,942,1836,1581,986,782,1122,1049,921,599,554,554,1024,2048,437,437,408,751,751,719,1011,1011,908,1472,2502,593,593,1238,1324
Cambria	3	451,672,820,1232,1062,1991,1458,500,812,812,899,1173,461,666,461,983,1173,1173,1173,1173,1173,1173,1173,1173,1173,1173,555,555,1173,1173,1173,898,1887,1258,1280,1130,1390,1150,1098,1268,1415,699,682,1341,1088,1676,1355,1383,1221,1383,1294,1026,1234,1339,1221,1904,1200,1181,1114,727,983,727,1173,721,554,1167,1162,926,1167,1021,656,1157,1187,619,608,1102,608,1774,1199,1106,1170,1156,934,906,745,1197,1024,1583,989,1024,967,759,633,759,1173,451,672,947,1094,1203,1251,633,1036,554,1742,850,1049,1173,666,1742,554,774,1173,872,872,554,1217,1165,551,554,872,869,1049,1921,1991,1921,898,1258,1258,1258,1258,1258,1258,1728,1130,1150,1150,1150,1150,699,699,699,699,1398,1355,1383,1383,1383,1383,1383,1173,1383,1339,1339,1339,1339,1181,1231,1324,1167,1167,1167,1167,1167,1167,1538,926,1021,1021,1021,1021,619,619,619,619,1116,1199,1106,1106,1106,1106,1106,1173,1106,1197,1197,1197,1197,1024,1162,1024,1878,1652,1026,906,1181,1114,967,654,554,554,1024,2048,467,467,461,817,817,815,1020,1020,908,1520,2812,632,632,1252,1366
Candara	0	444,516,926,1033,909,1033,1396,521,723,723,1033,1033,516,516,516,547,1125,716,946,995,1092,1006,1130,968,1127,1123,516,516,1033,1033,1033,723,2066,1262,1200,1125,1316,1066,1002,1271,1335,566,851,1212,1003,1748,1380,1421,1132,1421,1240,1047,1043,1398,1134,1815,1143,1127,1062,723,547,723,1033,1033,562,1005,1138,925,1127,1051,694,1105,1109,446,446,1000,469,1677,1109,1144,1138,1139,726,858,735,1097,984,1569,1032,952,933,723,516,723,1033,444,516,1033,909,1000,909,516,859,836,1310,617,929,1033,516,1310,500,547,1033,547,547,562,1128,1371,516,470,547,617,929,1550,1550,1550,723,1262,1262,1262,1262,1262,1262,1668,1125,1066,1066,1066,1066,566,566,566,566,1316,1380,1421,1421,1421,1421,1421,1024,1421,1398,1398,1398,1398,1127,1132,1103,1005,1005,1005,1005,1005,1005,1612,925,1051,1051,1051,1051,446,446,446,446,1122,1109,1144,1144,1144,1144,1144,1033,1144,1097,1097,1097,1097,952,1142,952,1846,1766,1047,858,1127,1062,933,1033,782,884,1024,2048,516,516,516,1033,1033,1033,723,723,1351,2048,1550,516,516,909,1362
Candara	1	444,516,936,1033,909,1033,1396,516,723,723,1033,1033,516,516,516,547,1094,685,982,964,1099,969,1083,952,1098,1081,516,516,1033,1033,1033,723,2066,1290,1224,1131,1321,1080,1005,1273,1338,571,818,1207,994,1769,1361,1427,1138,1427,1220,1071,1077,1347,1175,1877,1203,1130,1054,723,547,723,1033,1033,562,1006,1136,912,1127,1049,741,1128,1126,510,510,1045,528,1704,1126,1144,1146,1136,789,859,743,1107,1002,1613,1055,1002,890,723,516,723,1033,444,516,1033,909,1000,909,500,859,836,1353,574,929,1033,516,1353,500,547,1033,547,547,562,1128,1371,516,470,547,637,929,1550,1550,1550,723,1290,1290,1290,1290,1290,1290,1695,1131,1080,1080,1080,1080,571,571,571,571,1321,1361,1427,1427,1427,1427,1427,1024,1427,1347,1347,1347,1347,1130,1138,1112,1006,1006,1006,1006,1006,1006,1611,912,1049,1049,1049,1049,510,510,510,510,1130,1126,1144,1144,1144,1144,1144,1033,1144,1107,1107,1107,1107,1002,1136,1002,1863,1765,1049,859,1130,1054,890,1033,782,884,1024,2048,516,516,516,1033,1033,1033,723,723,1351,2048,1550,516,516,909,1407
Candara	2	422,516,892,1033,909,1033,1326,490,723,723,1033,1033,516,516,516,547,1095,698,885,950,1021,939,1063,922,1075,1055,516,516,1033,1033,1033,723,1962,1232,1118,1010,1211,986,931,1163,1225,494,786,1127,931,1594,1245,1318,1072,1318,1134,998,1033,1282,1153,1843,1155,1049,1000,723,490,723,981,1000,562,980,1106,864,1102,974,681,1040,1075,465,465,997,470,1644,1071,1085,1099,1089,745,803,761,1071,960,1515,1013,928,859,723,516,723,981,422,516,1033,909,1000,909,516,859,836,1245,541,929,1033,516,1245,500,547,1033,547,547,562,1128,1371,516,470,547,590,929,1550,1550,1550,723,1232,1232,1232,1232,1232,1232,1599,1010,986,986,986,986,494,494,494,494,1211,1245,1318,1318,1318,1318,1318,1033,1318,1282,1282,1282,1282,1049,1057,1046,980,980,980,980,980,980,1547,864,974,974,974,974,465,465,465,465,1092,1071,1085,1085,1085,1085,1085,1033,1085,1071,1071,1071,1071,928,1099,928,1736,1678,998,803,1049,1000,859,1033,782,884,1024,2048,516,516,516,1033,1033,1033,723,723,1351,2048,1550,516,516,909,1294
Candara Light	0	444,516,915,1032,909,1032,1376,479,723,723,1032,1032,516,516,516,547,1155,750,911,1026,1083,1042,1176,985,1155,1161,516,516,1032,1032,1032,723,2066,1239,1176,1118,1313,1055,997,1270,1333,553,887,1219,1006,1729,1376,1415,1128,1415,1260,1022,1008,1448,1096,1753,1085,1128,1071,723,547,723,1032,1032,561,1006,1141,940,1126,1053,649,1083,1094,393,385,956,420,1673,1094,1145,1130,1141,664,858,727,1087,965,1526,1010,905,956,723,516,723,1032,444,516,1032,909,999,909,516,858,836,1219,594,930,1032,516,1219,500,547,1032,547,547,561,1128,1370,516,469,547,594,930,1550,1550,1550,723,1233,1233,1233,1233,1233,1233,1620,1118,1055,1055,1055,1055,559,559,559,559,1313,1399,1415,1415,1415,1415,1415,1032,1415,1448,1448,1448,1448,1122,1126,1096,1006,1006,1006,1006,1006,1006,1675,940,1053,1053,1053,1053,385,385,385,385,1114,1094,1145,1145,1145,1145,1145,1032,1145,1087,1087,1087,1087,905,1130,905,1810,1858,1022,858,1122,1071,956,1032,782,885,1024,2048,516,516,516,1032,1032,1032,723,723,1352,2048,1550,516,516,909,1319
Candara Light	2	432,516,928,1032,909,1032,1296,479,723,723,1032,1032,516,516,516,547,1071,664,854,946,1004,920,1051,895,1065,1040,516,516,1032,1032,1032,723,1921,1245,1077,979,1169,950,893,1151,1167,430,762,1085,909,1542,1184,1309,1022,1309,1087,969,1010,1268,1147,1829,1130,1036,981,723,479,723,961,993,561,942,1100,862,1094,967,674,1012,1059,446,446,981,430,1626,1053,1077,1094,1071,735,797,774,1061,944,1477,1006,899,858,723,516,723,961,432,516,1032,909,999,909,516,858,836,1219,590,930,1032,-1,1219,500,547,1032,547,547,561,1128,1370,516,469,547,590,930,1550,1550,1550,723,1245,1245,1245,1245,1245,1245,1602,979,950,950,950,950,430,430,430,430,1169,1184,1309,1309,1309,1309,1309,1032,1309,1268,1268,1268,1268,1036,1022,1083,942,942,942,942,942,942,1518,862,967,967,967,967,446,446,446,446,1073,1053,1077,1077,1077,1077,1077,1032,1077,1061,1061,1061,1061,899,1094,899,1714,1729,969,797,1036,981,858,1032,782,885,1024,2048,516,516,516,1032,1032,1032,723,723,1352,2048,1550,516,516,909,1268
Candara	3	433,516,927,1033,909,1033,1361,503,723,723,1033,1033,516,516,516,547,1126,744,924,956,1045,963,1079,957,1088,1073,516,516,1033,1033,1033,723,2014,1216,1169,1049,1261,1031,981,1205,1299,574,817,1180,961,1658,1323,1333,1133,1333,1194,1035,1061,1300,1173,1862,1186,1065,1023,723,503,723,1007,1007,562,1031,1115,866,1112,986,693,1077,1095,488,488,1017,519,1669,1093,1095,1107,1112,757,812,746,1086,981,1564,1025,965,859,723,516,723,1007,433,516,1033,909,1000,909,500,859,836,1277,590,929,1033,516,1277,500,547,1033,547,547,562,1128,1371,516,470,547,590,929,1550,1550,1550,723,1216,1216,1216,1216,1216,1216,1598,1049,1031,1031,1031,1031,574,574,574,574,1279,1323,1333,1333,1333,1333,1333,1033,1333,1300,1300,1300,1300,1065,1119,1075,1031,1031,1031,1031,1031,1031,1588,866,986,986,986,986,488,488,488,488,1114,1093,1095,1095,1095,1095,1095,1033,1095,1086,1086,1086,1086,965,1104,965,1750,1676,1035,812,1065,1023,859,1033,782,884,1024,2048,516,516,516,1033,1033,1033,723,723,1351,2048,1550,516,516,909,1328
Castellar	0	737,492,836,1024,981,1962,1579,369,492,492,897,1124,492,1174,492,788,1473,788,1087,1087,1174,981,1174,1087,1280,1174,492,492,1124,1124,1124,598,1886,1665,1366,1579,1772,1174,1174,1665,1855,788,1087,1665,1280,2154,1855,1772,1280,1855,1579,981,1473,1772,1665,2261,1855,1665,1366,682,788,788,961,1024,682,1665,1366,1579,1772,1174,1174,1665,1855,788,1087,1665,1280,2154,1855,1772,1280,1855,1579,981,1473,1772,1665,2261,1855,1665,1366,981,410,981,1366,737,492,874,981,1366,1665,410,897,682,1556,662,788,1460,1174,1556,-1,819,1124,662,662,682,1180,928,-1,682,662,641,788,1228,1228,1228,598,1665,1665,1665,1665,1665,1665,1962,1579,1174,1174,1174,1174,788,788,788,788,1772,1855,1772,1772,1772,1772,1772,1368,1772,1772,1772,1772,1772,1665,1280,-1,1665,1665,1665,1665,1665,1665,1962,1579,1174,1174,1174,1174,788,788,788,788,1772,1855,1772,1772,1772,1772,1772,1124,1772,1772,1772,1772,1772,1665,1280,1665,2068,2068,981,981,1665,-1,-1,1217,682,682,1174,2347,492,492,492,897,897,897,874,874,725,1985,2418,492,492,1473,2005
Century Schoolbook	0	569,606,797,1139,1139,1706,1669,418,682,682,1024,1241,569,682,569,569,1139,1139,1139,1139,1139,1139,1139,1139,1139,1139,569,569,1241,1241,1241,909,1509,1479,1479,1479,1593,1479,1366,1593,1706,834,1139,1593,1366,1933,1669,1593,1366,1593,1479,1290,1366,1669,1479,2009,1442,1442,1251,682,1241,682,1241,1024,682,1139,1139,909,1176,1024,682,1100,1251,645,606,1214,645,1821,1251,1024,1176,1139,909,948,797,1251,1100,1593,1100,1100,985,682,1241,682,1241,588,606,1139,1139,1241,1442,1241,1024,682,1509,684,872,1241,682,1509,1024,819,1124,682,682,682,1180,1241,682,682,682,614,872,1706,1706,1706,909,1479,1479,1479,1479,1479,1479,2048,1479,1479,1479,1479,1479,834,834,834,834,1593,1669,1593,1593,1593,1593,1593,1241,1593,1669,1669,1669,1669,1442,1366,1176,1139,1139,1139,1139,1139,1139,1630,909,1024,1024,1024,1024,645,645,645,645,1024,1251,1024,1024,1024,1024,1024,1124,1024,1251,1251,1251,1251,1100,1176,1100,2048,1706,1290,948,1442,1251,985,1139,682,682,1139,2048,418,418,418,797,797,797,1024,1024,1241,2048,2048,530,530,1139,2048
Centaur	0	502,426,897,1366,1004,1665,1300,385,682,682,725,1366,406,641,406,1087,1004,1004,1004,1004,1004,1004,1004,1004,1004,1004,406,426,1366,1366,1366,575,2005,1280,1044,1280,1473,1153,1044,1386,1579,641,641,1280,1153,1792,1579,1516,1087,1516,1366,961,1366,1473,1473,2005,1386,1366,1260,641,1087,641,1024,1024,682,768,961,768,981,748,618,854,961,492,469,938,492,1450,961,961,981,961,641,662,598,938,811,1260,831,831,831,1044,1087,1044,1366,502,426,768,1004,1468,1366,1087,897,682,1665,492,938,1366,641,1665,-1,874,1366,641,641,682,1024,981,-1,682,641,641,938,1409,1409,1409,575,1280,1280,1280,1280,1280,1280,2005,1280,1153,1153,1153,1153,641,641,641,641,1473,1579,1516,1516,1516,1516,1516,1366,1516,1473,1473,1473,1473,1366,1087,1004,768,768,768,768,768,768,1130,768,748,748,748,748,492,492,492,492,1044,961,961,961,961,961,961,1366,961,938,938,938,938,831,981,831,2005,1409,961,662,1366,-1,-1,1130,682,682,1024,2048,406,406,406,854,854,854,725,725,768,2048,2324,512,512,1004,2134
Century	0	569,606,797,1139,1139,1706,1669,418,682,682,1024,1241,569,682,569,569,1139,1139,1139,1139,1139,1139,1139,1139,1139,1139,569,569,1241,1241,1241,909,1509,1479,1479,1479,1593,1479,1366,1593,1706,834,1139,1593,1366,1933,1669,1593,1366,1593,1479,1290,1366,1669,1479,2009,1442,1442,1251,682,1241,682,1241,1024,682,1139,1139,909,1176,1024,682,1100,1251,645,606,1214,645,1821,1251,1024,1176,1139,909,948,797,1251,1100,1593,1100,1100,985,682,1241,682,1241,588,606,1139,1139,1241,1442,1241,1024,682,1509,684,872,1241,682,1509,1024,819,1124,682,682,682,1180,1241,682,682,682,614,872,1706,1706,1706,909,1479,1479,1479,1479,1479,1479,2048,1479,1479,1479,1479,1479,834,834,834,834,1593,1669,1593,1593,1593,1593,1593,1241,1593,1669,1669,1669,1669,1442,1366,1176,1139,1139,1139,1139,1139,1139,1630,909,1024,1024,1024,1024,645,645,645,645,1024,1251,1024,1024,1024,1024,1024,1124,1024,1251,1251,1251,1251,1100,1176,1100,2048,1706,1290,948,1442,1251,985,1139,682,682,1139,2048,418,418,418,797,797,797,1024,1024,1241,2048,2048,530,530,1139,2048
Chiller	0	573,510,567,2177,727,1075,1075,350,819,819,784,1184,502,754,502,969,946,645,848,899,913,874,793,866,963,825,502,502,926,754,926,731,1239,1030,1032,1071,852,879,709,795,840,709,801,932,842,1180,975,950,809,965,881,686,805,891,762,1225,948,805,1022,819,969,819,1030,1024,528,621,672,621,690,700,432,670,694,340,459,610,365,936,702,647,690,614,508,545,557,692,537,735,649,737,735,709,709,709,741,573,510,610,1026,811,1243,817,758,709,1290,621,819,842,963,1151,741,647,817,848,899,586,692,827,502,985,451,621,819,1345,1311,1358,731,1030,1030,1030,1030,1030,1030,1425,985,879,879,879,879,709,709,709,709,852,975,950,950,950,950,950,649,1135,891,891,891,891,805,748,844,621,621,621,621,621,621,1094,621,700,700,700,700,340,340,340,340,647,702,647,647,647,647,647,1702,858,692,692,692,692,737,672,737,1485,1198,686,545,805,-1,-1,1450,731,741,963,2206,502,502,502,635,635,635,1235,1235,614,2365,1614,547,547,946,1591
Colonna MT	0	501,427,725,1365,832,1600,1344,384,576,576,725,1365,405,661,405,1024,1003,555,811,853,1024,853,939,832,832,939,405,405,1365,1365,1365,597,1643,1387,1109,1173,1365,1088,939,1216,1387,704,640,1323,1088,1579,1579,1323,1152,1323,1408,917,1259,1451,1323,1728,1323,1429,1109,576,1024,576,961,1024,683,875,1045,917,1109,960,683,1195,1088,576,512,1067,576,1664,1109,1024,1109,1109,811,747,747,1088,1067,1429,1024,1109,853,731,1024,731,1344,501,427,917,1003,1387,1429,1024,951,683,1643,725,1024,1365,661,1643,1024,811,1365,576,576,683,853,1067,-1,683,576,811,1024,1408,1408,1408,597,1387,1387,1387,1387,1387,1387,1685,1173,1088,1088,1088,1088,704,704,704,704,1365,1579,1323,1323,1323,1323,1323,1365,0,1451,1451,1451,1451,1429,1152,1088,875,875,875,875,875,875,1387,917,960,960,960,960,576,576,576,576,1024,1109,1024,1024,1024,1024,1024,1365,1024,1088,1088,1088,1088,1152,1109,1109,1707,1621,917,747,1429,-1,-1,1045,683,683,1024,2048,405,405,405,768,768,768,800,813,1024,2048,2317,555,555,1004,1920
Comic Sans MS	0	612,487,869,1726,1420,1680,1340,795,750,750,1085,984,567,853,510,1048,1250,922,1250,1250,1250,1250,1250,1250,1250,1250,612,612,781,1045,781,1073,1907,1498,1291,1234,1478,1279,1243,1392,1573,1119,1362,1251,1128,1808,1632,1635,1066,1795,1287,1420,1392,1509,1331,2129,1482,1301,1420,771,1126,771,1190,1284,1139,1048,1215,1052,1203,1122,1041,1087,1183,574,826,1106,561,1591,1072,1077,1095,1065,984,997,965,1065,996,1401,1209,1066,1102,750,863,750,1224,612,487,1276,1625,1253,1302,828,1300,1139,1629,1079,1183,984,853,1629,1284,838,984,1333,1333,1139,1065,1421,510,1139,1333,920,1183,1333,1333,1333,1073,1498,1498,1498,1498,1498,1498,2226,1234,1279,1279,1279,1279,1119,1119,1119,1119,1478,1632,1635,1635,1635,1635,1635,984,1635,1509,1509,1509,1509,1301,1066,908,1048,1048,1048,1048,1048,1048,1867,1052,1122,1122,1122,1122,574,574,574,574,1042,1072,1077,1077,1077,1077,1077,984,1077,1065,1065,1065,1065,1066,1095,883,2445,1837,1420,997,1301,1420,1102,874,1139,1139,904,1808,369,369,612,806,806,843,1222,1222,793,1383,2542,781,781,1250,1808
Comic Sans MS	1	888,487,896,1726,1420,1680,1340,888,750,750,1085,1250,888,1250,888,1048,1250,1250,1250,1250,1250,1250,1250,1250,1250,1250,888,888,1250,1250,1250,1159,1907,1498,1291,1267,1478,1279,1243,1392,1573,1119,1362,1251,1128,1808,1665,1635,1091,1795,1311,1420,1425,1509,1382,2129,1482,1301,1420,771,1126,771,1250,1284,1139,1138,1215,1052,1203,1145,1041,1087,1183,574,826,1106,561,1591,1072,1077,1095,1065,984,997,965,1065,996,1401,1209,1132,1102,750,863,750,1250,975,487,1250,1625,1250,1250,863,1300,1139,1629,1250,1308,1250,1250,1629,1284,1250,1250,1250,1250,1139,1250,1558,1250,1139,1250,1250,1308,1250,1250,1250,1159,1498,1498,1498,1498,1498,1498,2226,1267,1279,1279,1279,1279,1119,1119,1119,1119,1478,1665,1635,1635,1635,1635,1635,1250,1635,1509,1509,1509,1509,1301,1066,1093,1138,1138,1138,1138,1138,1138,1867,1052,1145,1145,1145,1145,574,574,574,574,1042,1072,1077,1077,1077,1077,1077,1250,1092,1065,1065,1065,1065,1132,1095,1132,2445,1837,1420,1039,1301,1420,1102,1206,1139,1139,904,1808,463,463,888,888,888,880,1250,1222,1250,1383,2542,1250,1250,1267,1808
Comic Sans MS	2	612,487,869,1726,1420,1680,1340,795,750,750,1085,984,567,853,510,1048,1250,922,1250,1250,1250,1250,1250,1250,1250,1250,612,612,781,1045,781,1073,1907,1498,1291,1234,1478,1279,1243,1392,1573,1119,1362,1251,1128,1808,1632,1635,1066,1795,1287,1420,1392,1509,1331,2129,1482,1301,1420,771,1126,771,1190,1284,1139,1048,1215,1052,1203,1122,1041,1087,1183,574,826,1106,561,1591,1072,1077,1095,1065,984,997,965,1065,996,1401,1209,1066,1102,750,863,750,1224,612,487,1276,1625,1253,1302,828,1300,1139,1629,1079,1183,984,853,1629,1284,838,984,1333,1333,1139,1065,1421,510,1139,1333,920,1183,1333,1333,1333,1073,1498,1498,1498,1498,1498,1498,2226,1234,1279,1279,1279,1279,1119,1119,1119,1119,1478,1632,1635,1635,1635,1635,1635,984,1635,1509,1509,1509,1509,1301,1066,908,1048,1048,1048,1048,1048,1048,1867,1052,1122,1122,1122,1122,574,574,574,574,1042,1072,1077,1077,1077,1077,1077,984,1077,1065,1065,1065,1065,1066,1095,883,2445,1837,1420,997,1301,1420,1102,874,1139,1139,904,1808,369,369,612,806,806,843,1222,1222,793,1383,2542,781,781,1250,1808
Comic Sans MS	3	888,487,896,1726,1420,1680,1340,888,750,750,1085,1250,888,1250,888,1048,1250,1250,1250,1250,1250,1250,1250,1250,1250,1250,888,888,1250,1250,1250,1159,1907,1498,1291,1267,1478,1279,1243,1392,1573,1119,1362,1251,1128,1808,1665,1635,1091,1795,1311,1420,1425,1509,1382,2129,1482,1301,1420,771,1126,771,1250,1284,1139,1138,1215,1052,1203,1145,1041,1087,1183,574,826,1106,561,1591,1072,1077,1095,1065,984,997,965,1065,996,1401,1209,1132,1102,750,863,750,1250,975,487,1250,1625,1250,1250,863,1300,1139,1629,1250,1308,1250,1250,1629,1284,1250,1250,1250,1250,1139,1250,1558,1250,1139,1250,1250,1308,1250,1250,1250,1159,1498,1498,1498,1498,1498,1498,2226,1267,1279,1279,1279,1279,1119,1119,1119,1119,1478,1665,1635,1635,1635,1635,1635,1250,1635,1509,1509,1509,1509,1301,1066,1093,1138,1138,1138,1138,1138,1138,1867,1052,1145,1145,1145,1145,574,574,574,574,1042,1072,1077,1077,1077,1077,1077,1250,1092,1065,1065,1065,1065,1132,1095,1132,2445,1837,1420,1039,1301,1420,1102,1206,1139,1139,904,1808,463,463,888,888,888,880,1250,1222,1250,1383,2542,1250,1250,1267,1808
Consolas	0	1126,1126,1126,1126,1126,1126,1126,1126,1126,1126,1126,1126,1126,1126,1126,1126,1126,1126,1126,1126,1126,1126,1126,1126,1126,1126,1126,1126,1126,1126,1126,1126,1126,1126,1126,1126,1126,1126,1126,1126,1126,1126,1126,1126,1126,1126,1126,1126,1126,1126,1126,1126,1126,1126,1126,1126,1126,1126,1126,1126,1126,1126,1126,1126,1126,1126,1126,1126,1126,1126,1126,1126,1126,1126,1126,1126,1126,1126,1126,1126,1126,1126,1126,1126,1126,1126,1126,1126,1126,1126,1126,1126,1126,1126,1126,1126,1126,1126,1126,1126,1126,1126,1126,1126,1126,1126,1126,1126,1126,1126,1126,1126,1126,1126,1126,1126,1126,1126,1126,1126,1126,1126,1126,1126,1126,1126,1126,1126,1126,1126,1126,1126,1126,1126,1126,1126,1126,1126,1126,1126,1126,1126,1126,1126,1126,1126,1126,1126,1126,1126,1126,1126,1126,1126,1126,1126,1126,1126,1126,1126,1126,1126,1126,1126,1126,1126,1126,1126,1126,1126,1126,1126,1126,1126,1126,1126,1126,1126,1126,1126,1126,1126,1126,1126,1126,1126,1126,1126,1126,1126,1126,1126,1126,1126,1126,1126,1126,1126,1126,1126,1126,1126,1126,1126,1126,1126,1126,1126,1126,1126,1126,1126,1126,1126,1126,1126,1126,1126
Consolas	1	1126,1126,1126,1126,1126,1126,1126,1126,1126,1126,1126,1126,1126,1126,1126,1126,1126,1126,1126,1126,1126,1126,1126,1126,1126,1126,1126,1126,1126,1126,1126,1126,1126,1126,1126,1126,1126,1126,1126,1126,1126,1126,1126,1126,1126,1126,1126,1126,1126,1126,1126,1126,1126,1126,1126,1126,1126,1126,1126,1126,1126,1126,1126,1126,1126,1126,1126,1126,1126,1126,1126,1126,1126,1126,1126,1126,1126,1126,1126,1126,1126,1126,1126,1126,1126,1126,1126,1126,1126,1126,1126,1126,1126,1126,1126,1126,1126,1126,1126,1126,1126,1126,1126,1126,1126,1126,1126,1126,1126,1126,1126,1126,1126,1126,1126,1126,1126,1126,1126,1126,1126,1126,1126,1126,1126,1126,1126,1126,1126,1126,1126,1126,1126,1126,1126,1126,1126,1126,1126,1126,1126,1126,1126,1126,1126,1126,1126,1126,1126,1126,1126,1126,1126,1126,1126,1126,1126,1126,1126,1126,1126,1126,1126,1126,1126,1126,1126,1126,1126,1126,1126,1126,1126,1126,1126,1126,1126,1126,1126,1126,1126,1126,1126,1126,1126,1126,1126,1126,1126,1126,1126,1126,1126,1126,1126,1126,1126,1126,1126,1126,1126,1126,1126,1126,1126,1126,1126,1126,1126,1126,1126,1126,1126,1126,1126,1126,1126,1126
Consolas	2	1126,1126,1126,1126,1126,1126,1126,1126,1126,1126,1126,1126,1126,1126,1126,1126,1126,1126,1126,1126,1126,1126,1126,1126,1126,1126,1126,1126,1126,1126,1126,1126,1126,1126,1126,1126,1126,1126,1126,1126,1126,1126,1126,1126,1126,1126,1126,1126,1126,1126,1126,1126,1126,1126,1126,1126,1126,1126,1126,1126,1126,1126,1126,1126,1126,1126,1126,1126,1126,1126,1126,1126,1126,1126,1126,1126,1126,1126,1126,1126,1126,1126,1126,1126,1126,1126,1126,1126,1126,1126,1126,1126,1126,1126,1126,1126,1126,1126,1126,1126,1126,1126,1126,1126,1126,1126,1126,1126,1126,1126,1126,1126,1126,1126,1126,1126,1126,1126,1126,1126,1126,1126,1126,1126,1126,1126,1126,1126,1126,1126,1126,1126,1126,1126,1126,1126,1126,1126,1126,1126,1126,1126,1126,1126,1126,1126,1126,1126,1126,1126,1126,1126,1126,1126,1126,1126,1126,1126,1126,1126,1126,1126,1126,1126,1126,1126,1126,1126,1126,1126,1126,1126,1126,1126,1126,1126,1126,1126,1126,1126,1126,1126,1126,1126,1126,1126,1126,1126,1126,1126,1126,1126,1126,1126,1126,1126,1126,1126,1126,1126,1126,1126,1126,1126,1126,1126,1126,1126,1126,1126,1126,1126,1126,1126,1126,1126,1126,1126
Consolas	3	1126,1126,1126,1126,1126,1126,1126,1126,1126,1126,1126,1126,1126,1126,1126,1126,1126,1126,1126,1126,1126,1126,1126,1126,1126,1126,1126,1126,1126,1126,1126,1126,1126,1126,1126,1126,1126,1126,1126,1126,1126,1126,1126,1126,1126,1126,1126,1126,1126,1126,1126,1126,1126,1126,1126,1126,1126,1126,1126,1126,1126,1126,1126,1126,1126,1126,1126,1126,1126,1126,1126,1126,1126,1126,1126,1126,1126,1126,1126,1126,1126,1126,1126,1126,1126,1126,1126,1126,1126,1126,1126,1126,1126,1126,1126,1126,1126,1126,1126,1126,1126,1126,1126,1126,1126,1126,1126,1126,1126,1126,1126,1126,1126,1126,1126,1126,1126,1126,1126,1126,1126,1126,1126,1126,1126,1126,1126,1126,1126,1126,1126,1126,1126,1126,1126,1126,1126,1126,1126,1126,1126,1126,1126,1126,1126,1126,1126,1126,1126,1126,1126,1126,1126,1126,1126,1126,1126,1126,1126,1126,1126,1126,1126,1126,1126,1126,1126,1126,1126,1126,1126,1126,1126,1126,1126,1126,1126,1126,1126,1126,1126,1126,1126,1126,1126,1126,1126,1126,1126,1126,1126,1126,1126,1126,1126,1126,1126,1126,1126,1126,1126,1126,1126,1126,1126,1126,1126,1126,1126,1126,1126,1126,1126,1126,1126,1126,1126,1126
Constantia	0	514,564,736,1130,901,1682,1386,406,755,755,887,1130,524,736,524,825,1103,641,992,935,1087,974,1108,990,1099,1119,524,524,1130,1130,1130,890,1727,1381,1223,1334,1538,1189,1104,1435,1620,696,640,1350,1138,1854,1534,1647,1191,1647,1293,1044,1256,1523,1374,2088,1346,1215,1182,707,825,707,1130,1024,840,983,1141,945,1162,981,634,1040,1187,580,543,1095,575,1774,1192,1107,1146,1133,785,829,723,1166,989,1499,984,986,983,720,712,720,1130,514,524,929,991,1130,1076,742,1106,840,1631,611,1048,1130,736,844,840,702,1130,738,738,840,1131,1172,524,840,738,678,1048,1687,1687,1687,880,1381,1381,1381,1381,1381,1381,1839,1334,1189,1189,1189,1189,696,696,696,696,1538,1534,1647,1647,1647,1647,1647,1130,1647,1523,1523,1523,1523,1215,1198,1250,983,983,983,983,983,983,1511,945,981,981,981,981,580,580,580,580,1122,1192,1107,1107,1107,1107,1107,1130,1107,1166,1166,1166,1166,986,1141,986,2022,1692,1044,829,1215,1182,983,1130,840,840,1024,2048,424,424,454,744,744,784,1132,1232,642,1477,2440,628,628,1056,1437
Constantia	1	490,624,746,1130,891,1682,1487,416,790,790,902,1130,586,716,586,825,1182,748,993,935,1072,957,1123,967,1095,1119,586,586,1130,1130,1130,930,1805,1371,1354,1351,1617,1233,1153,1516,1695,800,744,1497,1181,1915,1548,1697,1314,1696,1444,1080,1272,1570,1358,2009,1404,1264,1207,727,825,727,1130,1024,840,1097,1247,992,1270,1101,725,1117,1305,679,644,1248,674,1917,1310,1226,1252,1239,889,935,798,1284,1061,1563,1093,1049,1041,740,722,740,1130,490,564,929,1083,1142,1076,742,1154,840,1631,723,1058,1130,716,848,840,702,1130,738,738,840,1267,1228,585,840,738,791,1058,1687,1687,1687,915,1371,1371,1371,1371,1371,1371,1897,1351,1233,1233,1233,1233,800,800,800,800,1569,1548,1697,1697,1697,1697,1697,1130,1697,1570,1570,1570,1570,1264,1326,1386,1097,1097,1097,1097,1097,1097,1640,992,1101,1101,1101,1101,679,679,679,679,1234,1310,1226,1226,1226,1226,1226,1130,1226,1284,1284,1284,1284,1049,1247,1049,2026,1814,1080,935,1264,1207,1041,1130,840,840,1024,2048,461,461,491,811,811,851,1132,1232,642,1540,2440,638,638,1056,1422
Constantia	2	483,564,706,1130,901,1687,1501,386,751,755,887,1130,524,693,524,805,1103,630,942,935,1062,952,1108,990,1099,1108,524,524,1130,1130,1130,890,1727,1353,1203,1320,1537,1166,1082,1387,1597,692,638,1344,1117,1827,1487,1595,1176,1596,1277,1043,1232,1496,1365,2055,1318,1212,1162,707,805,707,1130,1024,840,1052,1053,936,1062,916,616,1041,1127,557,537,1048,552,1709,1142,1072,1069,1044,792,865,738,1139,936,1424,1016,983,996,720,712,720,1130,483,524,929,991,1130,1076,742,1106,840,1631,652,1014,1130,693,844,840,702,1130,738,738,840,1101,1172,499,840,738,653,1014,1687,1687,1687,880,1353,1353,1353,1353,1353,1353,1840,1320,1166,1166,1166,1166,692,692,692,692,1537,1487,1595,1595,1595,1595,1595,1130,1595,1496,1496,1496,1496,1212,1181,1209,1052,1052,1052,1052,1052,1052,1491,936,916,916,916,916,557,557,557,557,1079,1142,1072,1072,1072,1072,1072,1130,1072,1139,1139,1139,1139,983,1052,983,1976,1611,1043,865,1212,1162,996,1054,840,840,1024,2048,416,416,445,736,736,775,1132,1232,642,1437,2425,614,614,1056,1437
Constantia	3	470,624,742,1130,901,1682,1559,412,787,791,902,1130,586,681,586,825,1182,748,993,935,1072,957,1123,967,1095,1119,586,524,1130,1130,1130,930,1805,1367,1300,1356,1627,1223,1141,1489,1695,796,741,1522,1176,1906,1474,1679,1262,1680,1407,1118,1266,1503,1358,1975,1371,1261,1228,728,825,728,1130,1024,840,1185,1178,1002,1190,1053,729,1170,1252,661,640,1182,653,1859,1267,1201,1190,1175,901,932,848,1266,1044,1554,1107,1065,1041,722,722,723,1130,470,564,929,1083,1142,1076,742,1171,840,1631,784,1044,1130,681,848,840,702,1130,738,738,840,1229,1251,565,840,738,791,1044,1687,1687,1687,915,1367,1367,1367,1367,1367,1367,1900,1356,1223,1223,1223,1223,796,796,796,796,1627,1474,1679,1679,1679,1679,1679,1130,1679,1503,1503,1503,1503,1261,1274,1351,1185,1185,1185,1185,1185,1185,1663,1002,1053,1053,1053,1053,661,661,661,661,1220,1267,1201,1201,1201,1201,1201,1130,1201,1266,1266,1266,1266,1065,1175,1065,2048,1774,1118,932,1261,1228,1041,1130,840,840,1024,2048,451,451,491,801,801,846,1132,1232,642,1540,2440,624,624,1056,1422
Cooper Black	0	512,631,885,1229,1229,1660,1780,467,1021,1021,1229,1229,614,582,614,966,1229,1229,1229,1229,1229,1229,1229,1229,1229,1229,614,614,1024,1229,1024,987,1636,1693,1469,1474,1643,1415,1354,1626,1642,847,1284,1694,1296,1810,1700,1594,1401,1600,1590,1321,1435,1679,1644,2129,1628,1597,1405,1021,966,1021,1024,1024,1024,1161,1295,1078,1332,1086,869,1184,1390,730,756,1503,748,1975,1374,1233,1363,1327,1095,976,948,1388,1285,2025,1232,1268,1053,1021,1024,1021,1365,512,631,1229,1229,1229,1229,1024,1475,1024,1594,777,1094,1024,582,1594,1024,848,1229,821,820,1024,1229,1229,-1,1024,821,823,1094,1914,1914,1914,987,1693,1693,1693,1693,1693,1693,2119,1475,1415,1415,1415,1415,847,847,847,847,1643,1700,1594,1594,1594,1594,1594,1229,1593,1679,1679,1679,1679,1597,1401,1322,1161,1161,1161,1161,1161,1161,1637,1078,1086,1086,1086,1086,730,730,730,730,1233,1374,1233,1233,1233,1233,1233,1229,1233,1388,1388,1388,1388,1268,1363,1268,2218,1811,1321,976,1597,-1,-1,1229,1024,1024,1229,1749,614,615,614,1145,1145,1145,1475,1475,1365,1843,2558,570,570,1229,1948
Copperplate Gothic Bold	0	512,774,1137,1570,1461,1809,1584,569,683,683,1033,1570,628,455,628,1555,1461,1461,1461,1461,1461,1461,1461,1461,1461,1461,628,628,1024,1570,1024,1000,1682,1666,1651,1718,1717,1556,1490,1757,1757,671,1238,1642,1449,1979,1785,1752,1567,1752,1656,1475,1381,1671,1577,2311,1541,1460,1462,683,1555,683,1024,1024,1024,1421,1387,1427,1441,1314,1248,1474,1486,593,1035,1403,1176,1677,1523,1460,1335,1480,1406,1261,1165,1414,1331,1965,1300,1226,1247,683,1024,683,1365,512,774,1461,1461,1570,1461,1024,1374,1024,1808,1046,997,1024,455,1818,1024,945,1570,969,969,1024,984,1307,-1,1024,969,1046,997,2526,2527,2526,1000,1666,1666,1666,1666,1666,1666,2381,1718,1556,1556,1556,1556,672,672,671,671,1717,1785,1752,1752,1752,1752,1752,1570,1752,1671,1671,1671,1671,1460,1465,2522,1421,1421,1421,1421,1421,1421,2090,1427,1314,1314,1314,1314,593,593,592,593,1463,1523,1460,1460,1460,1460,1460,1570,1460,1414,1414,1414,1414,1226,1239,1226,2435,2007,1475,1261,1460,-1,-1,1461,1024,1024,1577,1361,628,628,628,1106,1106,1106,1104,1104,1365,1884,2644,640,640,1461,2083
Copperplate Gothic Light	0	512,699,1070,1570,1475,1842,1528,535,649,649,858,1570,573,407,573,1460,1475,1475,1475,1475,1475,1475,1475,1475,1475,1475,573,573,1024,1570,1024,1051,1696,1510,1594,1735,1686,1474,1460,1720,1677,586,1192,1527,1389,1880,1722,1865,1479,1865,1574,1532,1358,1617,1467,2168,1407,1333,1324,649,1460,649,1024,1024,1024,1267,1325,1443,1401,1221,1208,1434,1393,512,1005,1263,1146,1583,1434,1536,1229,1536,1308,1268,1132,1342,1231,1823,1157,1114,1091,649,1024,649,1365,512,699,1475,1475,1447,1475,1024,1258,1024,1865,1046,1024,1024,407,1865,1024,969,1570,929,928,1024,908,1307,-1,1024,928,1046,1024,2365,2365,2365,1051,1510,1510,1510,1510,1510,1510,2026,1735,1474,1474,1474,1474,586,586,586,586,1686,1722,1865,1865,1865,1865,1865,1570,1865,1617,1617,1617,1617,1333,1398,2535,1267,1267,1267,1267,1267,1267,1771,1443,1221,1221,1221,1221,512,512,512,512,1401,1434,1536,1536,1536,1536,1536,1570,1536,1342,1342,1342,1342,1114,1160,1114,2186,1738,1532,1268,1333,-1,-1,1474,1024,1024,1571,1215,573,573,573,969,969,969,1238,1238,1365,1720,2688,661,661,1475,1911
Corbel	0	410,541,742,1341,1050,1648,1371,401,614,614,1101,1050,540,681,541,563,1052,918,1046,928,1058,983,1074,876,1054,1074,541,546,1050,1050,1050,873,2070,1301,1215,1207,1374,1129,1033,1368,1367,503,767,1239,1066,1683,1426,1496,1168,1514,1212,1130,1137,1374,1243,1806,1196,1217,1199,646,563,646,1050,1000,700,1003,1097,898,1097,1019,651,1087,1090,475,494,997,475,1697,1080,1092,1087,1072,686,828,711,1060,946,1458,932,982,910,615,465,615,1050,410,541,1050,1050,1050,1050,465,873,700,1686,777,997,1050,681,1270,700,836,1050,641,606,700,1180,1184,541,700,631,838,997,1670,1776,1592,873,1301,1301,1301,1301,1301,1301,1814,1207,1129,1129,1129,1129,503,503,503,503,1404,1426,1496,1496,1496,1496,1496,1050,1496,1374,1374,1374,1374,1217,1162,1248,1003,1003,1003,1003,1003,1003,1592,898,1019,1019,1019,1019,475,475,475,475,1077,1080,1092,1092,1092,1092,1092,1050,1092,1060,1060,1060,1060,982,1087,982,2163,1759,1130,828,1217,1199,910,1050,700,700,1000,1700,449,449,449,809,809,809,951,951,908,1623,2333,600,600,1050,1752
Corbel	1	422,599,808,1361,1080,1694,1417,431,626,626,1081,1080,649,681,599,603,1055,1013,1022,999,1081,1002,1127,1000,1138,1128,599,649,1080,1080,1080,920,2098,1346,1276,1197,1411,1163,1067,1377,1430,565,824,1294,1101,1692,1490,1504,1230,1557,1286,1182,1168,1434,1306,1864,1302,1299,1231,646,603,646,1080,1000,800,1054,1141,903,1142,1050,672,1126,1146,509,538,1057,517,1745,1136,1134,1126,1126,716,868,777,1116,1006,1534,1068,1052,958,625,485,625,1080,422,599,1080,1080,1080,1080,485,920,800,1686,815,1052,1080,681,1270,800,836,1080,687,656,800,1180,1224,599,800,695,876,1052,1731,1852,1653,920,1346,1346,1346,1346,1346,1346,1913,1197,1163,1163,1163,1163,565,565,565,565,1483,1490,1504,1504,1504,1504,1504,1080,1504,1434,1434,1434,1434,1299,1230,1273,1054,1054,1054,1054,1054,1054,1635,903,1050,1050,1050,1050,509,509,509,509,1116,1136,1134,1134,1134,1134,1134,1080,1134,1116,1116,1116,1116,1052,1126,1052,2144,1779,1182,868,1299,1231,958,1080,800,800,1000,1700,497,497,497,932,932,932,971,971,908,1797,2410,610,610,1080,1752
Corbel	2	410,541,721,1290,1030,1694,1302,380,580,580,1097,1050,542,661,542,563,1034,929,1032,929,1028,998,1039,859,1032,1039,542,542,1050,1050,1050,850,2035,1252,1210,1154,1332,1073,979,1375,1340,511,743,1169,1017,1620,1381,1427,1166,1427,1190,1120,1059,1320,1172,1759,1188,1097,1162,633,563,633,1050,1000,700,1037,999,849,1050,934,644,1022,1070,437,461,929,491,1602,1060,1006,1023,1012,651,816,699,1020,957,1459,933,962,874,599,465,599,1050,410,541,1030,1030,1030,1030,465,873,700,1686,814,980,1050,661,1270,700,836,1050,630,591,700,1180,1184,541,700,598,778,980,1710,1819,1615,850,1252,1252,1252,1252,1252,1252,1701,1154,1073,1073,1073,1073,511,511,511,511,1356,1381,1427,1427,1427,1427,1427,1050,1427,1320,1320,1320,1320,1097,1120,1234,1037,1037,1037,1037,1037,1037,1569,849,934,934,934,934,437,437,437,437,1009,1060,1006,1006,1006,1006,1006,1050,1006,1020,1020,1020,1020,962,1023,962,2035,1611,1120,816,1097,1162,874,1030,700,700,1000,1700,449,449,449,789,809,809,951,951,908,1626,2379,588,588,1030,1752
Corbel Light	0	399,492,680,1323,1024,1608,1327,375,604,604,1120,1024,455,682,492,528,1051,831,1069,864,1038,967,1026,766,979,1024,492,455,1024,1024,1024,829,2046,1260,1159,1217,1339,1098,1001,1360,1309,444,715,1151,1034,1675,1366,1487,1110,1487,1145,1081,1110,1319,1186,1753,1100,1141,1169,645,528,645,1024,999,610,973,1061,893,1061,991,633,1061,1038,436,436,905,436,1663,1038,1053,1061,1053,670,791,651,1008,891,1389,809,918,868,645,446,645,1024,399,492,1024,1024,1024,1024,446,829,610,1686,741,948,1024,682,1270,610,836,1024,600,561,610,1180,1147,489,610,573,803,948,1614,1708,1536,829,1260,1260,1260,1260,1260,1260,1726,1217,1098,1098,1098,1098,444,444,444,444,1339,1366,1487,1487,1487,1487,1487,1024,1487,1319,1319,1319,1319,1141,1110,1202,973,973,973,973,973,973,1589,893,991,991,991,991,436,436,436,436,1042,1038,1053,1053,1053,1053,1053,1024,1053,1008,1008,1008,1008,918,1051,918,2169,1743,1081,791,1141,1169,868,1024,610,610,999,1700,403,403,403,659,696,698,932,932,907,1468,2263,592,592,1024,1751
Corbel Light	2	399,489,641,1262,1004,1626,1161,336,537,537,1112,1024,461,643,479,528,1044,881,1042,922,1001,995,893,795,954,965,473,469,1024,1024,1024,786,2028,1182,1180,1124,1282,1038,936,1362,1313,477,682,1090,944,1593,1343,1417,1081,1403,1161,1094,967,1292,1073,1688,1087,1036,1100,623,528,623,1024,1018,610,956,969,815,979,879,555,991,1030,377,399,819,432,1569,1022,967,1008,971,578,778,637,971,909,1423,852,924,885,573,446,573,1024,399,489,1004,985,1004,1004,446,829,610,1686,731,942,1024,643,1270,610,805,1024,588,532,610,1067,1182,489,610,532,721,942,1630,1739,1526,786,1182,1182,1182,1182,1182,1182,1538,1124,1038,1038,1038,1038,477,477,477,477,1286,1343,1417,1417,1417,1417,1417,1024,1417,1292,1292,1292,1292,1036,1038,1180,956,956,956,956,956,956,1534,813,879,879,879,879,377,377,377,377,973,1022,967,967,967,967,967,1024,967,971,971,971,971,924,1001,924,2021,1575,1094,778,1036,1100,885,1004,610,610,999,1700,403,403,403,666,692,692,932,932,907,1407,2279,578,578,1004,1751
Corbel	3	422,599,808,1323,1060,1770,1460,431,626,626,1081,1080,658,681,615,603,1025,986,1022,940,1059,999,1110,928,1118,1120,620,643,1080,1080,1080,920,2044,1326,1246,1185,1381,1116,1026,1389,1362,551,799,1198,1102,1633,1418,1444,1201,1454,1223,1153,1161,1349,1274,1854,1298,1162,1228,646,603,646,1080,1000,800,1102,1035,891,1107,991,737,1056,1113,502,529,994,557,1638,1103,1048,1049,1052,734,857,765,1075,1012,1497,1026,1006,934,625,485,625,1080,422,599,1060,1081,1060,1060,485,920,800,1686,903,1024,1080,681,1270,800,870,1080,678,657,800,1180,1186,599,800,672,841,1024,1798,1907,1717,920,1326,1326,1326,1326,1326,1326,1879,1185,1116,1116,1116,1116,551,551,551,551,1433,1418,1444,1444,1444,1444,1444,1080,1444,1349,1349,1349,1349,1162,1190,1297,1102,1102,1102,1102,1102,1102,1596,891,991,991,991,991,502,502,502,502,1050,1103,1048,1048,1048,1048,1048,1080,1048,1075,1075,1075,1075,1006,1049,1006,2057,1653,1153,857,1162,1228,934,1060,800,800,1000,1700,497,497,497,926,938,938,971,971,908,1950,2492,600,600,1060,1752
Courier New	0	1229,1229,1229,1229,1229,1229,1229,1229,1229,1229,1229,1229,1229,1229,1229,1229,1229,1229,1229,1229,1229,1229,1229,1229,1229,1229,1229,1229,1229,1229,1229,1229,1229,1229,1229,1229,1229,1229,1229,1229,1229,1229,1229,1229,1229,1229,1229,1229,1229,1229,1229,1229,1229,1229,1229,1229,1229,1229,1229,1229,1229,1229,1229,1229,1229,1229,1229,1229,1229,1229,1229,1229,1229,1229,1229,1229,1229,1229,1229,1229,1229,1229,1229,1229,1229,1229,1229,1229,1229,1229,1229,1229,1229,1229,1229,1229,1229,1229,1229,1229,1229,1229,1229,1229,1229,1229,1229,1229,1229,1229,1229,1229,1229,1229,1229,1229,1229,1229,1229,1229,1229,1229,1229,1229,1229,1229,1229,1229,1229,1229,1229,1229,1229,1229,1229,1229,1229,1229,1229,1229,1229,1229,1229,1229,1229,1229,1229,1229,1229,1229,1229,1229,1229,1229,1229,1229,1229,1229,1229,1229,1229,1229,1229,1229,1229,1229,1229,1229,1229,1229,1229,1229,1229,1229,1229,1229,1229,1229,1229,1229,1229,1229,1229,1229,1229,1229,1229,1229,1229,1229,1229,1229,1229,1229,1229,1229,1229,1229,1229,1229,1229,1229,1229,1229,1229,1229,1229,1229,1229,1229,1229,1229,1229,1229,1229,1229,1229,1229
Courier New	1	1229,1229,1229,1229,1229,1229,1229,1229,1229,1229,1229,1229,1229,1229,1229,1229,1229,1229,1229,1229,1229,1229,1229,1229,1229,1229,1229,1229,1229,1229,1229,1229,1229,1229,1229,1229,1229,1229,1229,1229,1229,1229,1229,1229,1229,1229,1229,1229,1229,1229,1229,1229,1229,1229,1229,1229,1229,1229,1229,1229,1229,1229,1229,1229,1229,1229,1229,1229,1229,1229,1229,1229,1229,1229,1229,1229,1229,1229,1229,1229,1229,1229,1229,1229,1229,1229,1229,1229,1229,1229,1229,1229,1229,1229,1229,1229,1229,1229,1229,1229,1229,1229,1229,1229,1229,1229,1229,1229,1229,1229,1229,1229,1229,1229,1229,1229,1229,1229,1229,1229,1229,1229,1229,1229,1229,1229,1229,1229,1229,1229,1229,1229,1229,1229,1229,1229,1229,1229,1229,1229,1229,1229,1229,1229,1229,1229,1229,1229,1229,1229,1229,1229,1229,1229,1229,1229,1229,1229,1229,1229,1229,1229,1229,1229,1229,1229,1229,1229,1229,1229,1229,1229,1229,1229,1229,1229,1229,1229,1229,1229,1229,1229,1229,1229,1229,1229,1229,1229,1229,1229,1229,1229,1229,1229,1229,1229,1229,1229,1229,1229,1229,1229,1229,1229,1229,1229,1229,1229,1229,1229,1229,1229,1229,1229,1229,1229,1229,1229
Courier New	3	1229,1229,1229,1229,1229,1229,1229,1229,1229,1229,1229,1229,1229,1229,1229,1229,1229,1229,1229,1229,1229,1229,1229,1229,1229,1229,1229,1229,1229,1229,1229,1229,1229,1229,1229,1229,1229,1229,1229,1229,1229,1229,1229,1229,1229,1229,1229,1229,1229,1229,1229,1229,1229,1229,1229,1229,1229,1229,1229,1229,1229,1229,1229,1229,1229,1229,1229,1229,1229,1229,1229,1229,1229,1229,1229,1229,1229,1229,1229,1229,1229,1229,1229,1229,1229,1229,1229,1229,1229,1229,1229,1229,1229,1229,1229,1229,1229,1229,1229,1229,1229,1229,1229,1229,1229,1229,1229,1229,1229,1229,1229,1229,1229,1229,1229,1229,1229,1229,1229,1229,1229,1229,1229,1229,1229,1229,1229,1229,1229,1229,1229,1229,1229,1229,1229,1229,1229,1229,1229,1229,1229,1229,1229,1229,1229,1229,1229,1229,1229,1229,1229,1229,1229,1229,1229,1229,1229,1229,1229,1229,1229,1229,1229,1229,1229,1229,1229,1229,1229,1229,1229,1229,1229,1229,1229,1229,1229,1229,1229,1229,1229,1229,1229,1229,1229,1229,1229,1229,1229,1229,1229,1229,1229,1229,1229,1229,1229,1229,1229,1229,1229,1229,1229,1229,1229,1229,1229,1229,1229,1229,1229,1229,1229,1229,1229,1229,1229,1229
Courier New	2	1229,1229,1229,1229,1229,1229,1229,1229,1229,1229,1229,1229,1229,1229,1229,1229,1229,1229,1229,1229,1229,1229,1229,1229,1229,1229,1229,1229,1229,1229,1229,1229,1229,1229,1229,1229,1229,1229,1229,1229,1229,1229,1229,1229,1229,1229,1229,1229,1229,1229,1229,1229,1229,1229,1229,1229,1229,1229,1229,1229,1229,1229,1229,1229,1229,1229,1229,1229,1229,1229,1229,1229,1229,1229,1229,1229,1229,1229,1229,1229,1229,1229,1229,1229,1229,1229,1229,1229,1229,1229,1229,1229,1229,1229,1229,1229,1229,1229,1229,1229,1229,1229,1229,1229,1229,1229,1229,1229,1229,1229,1229,1229,1229,1229,1229,1229,1229,1229,1229,1229,1229,1229,1229,1229,1229,1229,1229,1229,1229,1229,1229,1229,1229,1229,1229,1229,1229,1229,1229,1229,1229,1229,1229,1229,1229,1229,1229,1229,1229,1229,1229,1229,1229,1229,1229,1229,1229,1229,1229,1229,1229,1229,1229,1229,1229,1229,1229,1229,1229,1229,1229,1229,1229,1229,1229,1229,1229,1229,1229,1229,1229,1229,1229,1229,1229,1229,1229,1229,1229,1229,1229,1229,1229,1229,1229,1229,1229,1229,1229,1229,1229,1229,1229,1229,1229,1229,1229,1229,1229,1229,1229,1229,1229,1229,1229,1229,1229,1229
Curlz MT	0	616,446,432,922,674,1083,1284,246,397,397,823,1264,328,653,317,741,1100,662,877,870,1047,1030,1044,803,895,1006,342,313,1264,1264,1264,827,1128,1278,1149,1065,1339,1090,936,1247,1374,551,905,1276,936,1708,1585,1411,1128,1468,1251,985,973,1350,1282,1847,1243,1491,1120,438,741,438,1264,1024,434,739,901,834,901,862,590,907,928,436,479,866,496,1458,1059,979,979,1018,758,629,618,979,903,1368,897,809,803,504,311,504,1264,616,446,842,1092,819,1276,311,686,532,1065,725,670,1264,653,831,1024,504,1264,684,653,434,979,926,406,326,594,760,670,1358,1364,1352,850,1278,1278,1278,1278,1278,1278,1800,1065,1090,1090,1090,1090,551,551,551,551,1298,1585,1411,1411,1411,1411,1411,1217,1411,1350,1350,1350,1350,1491,1096,995,739,739,739,739,739,739,1270,834,862,862,862,862,457,457,457,457,963,1059,979,979,979,979,979,975,1038,979,979,979,979,809,874,809,1942,1608,985,629,1491,1120,803,881,469,567,989,1470,297,264,297,549,549,549,676,676,483,1231,1614,375,348,1100,1073
Dubai	1	461,469,836,1106,1106,1919,1403,475,737,737,1024,1106,422,778,422,1085,1106,1106,1106,1106,1106,1106,1106,1106,1106,1106,422,422,1106,1106,1106,967,1847,1368,1249,1184,1391,1130,1085,1327,1475,584,975,1321,1067,1726,1468,1487,1180,1487,1231,1159,1182,1409,1343,1894,1282,1303,1190,737,1085,737,1106,1106,668,1014,1116,907,1110,1008,694,1081,1108,524,524,1057,524,1630,1110,1110,1116,1110,788,895,758,1106,975,1407,1026,967,909,737,553,737,1106,461,469,1106,1106,1106,1106,553,1106,862,1534,823,1092,1106,778,1159,750,891,1106,737,733,668,1116,1229,422,680,733,893,1092,1794,1878,1835,967,1368,1368,1368,1368,1368,1368,1855,1184,1130,1130,1130,1130,584,584,584,584,1391,1468,1487,1487,1487,1487,1487,1106,1487,1409,1409,1409,1409,1303,1204,1153,1014,1014,1014,1014,1014,1014,1497,907,1008,1008,1008,1008,524,524,524,524,1118,1110,1110,1110,1110,1110,1110,1106,1110,1106,1106,1106,1106,967,1116,967,1880,1610,1159,895,1303,1190,909,1106,799,895,1229,2048,389,389,389,760,760,760,1106,1106,719,1376,2779,655,655,1106,1853
Dubai Light	0	520,430,782,1106,1106,1952,1337,483,737,737,1024,1106,340,778,340,993,1106,1106,1106,1106,1106,1106,1106,1106,1106,1106,340,340,1106,1106,1106,901,1851,1260,1219,1163,1335,1106,1047,1292,1442,510,887,1137,1034,1686,1430,1415,1135,1415,1161,1122,1165,1372,1253,1849,1157,1159,1110,737,993,737,1106,1106,535,930,1020,838,1020,930,647,983,1047,430,430,877,430,1554,1047,1018,1020,1020,686,838,721,1036,899,1321,842,897,823,737,553,737,1106,520,430,1106,1106,1106,1106,553,1106,684,1593,823,1016,1106,778,1067,674,874,1106,737,737,535,1047,1229,340,541,737,893,1016,1739,1821,1780,901,1260,1260,1260,1260,1260,1260,1802,1163,1106,1106,1106,1106,510,510,510,510,1335,1430,1415,1415,1415,1415,1415,1106,1415,1372,1372,1372,1372,1159,1169,1073,930,930,930,930,930,930,1452,838,930,930,930,930,430,430,430,430,1040,1047,1018,1018,1018,1018,1018,1106,1018,1036,1036,1036,1036,897,1020,897,1855,1589,1122,838,1159,1110,823,1106,713,799,1229,2048,315,315,315,592,592,592,1106,1106,614,1174,2812,655,655,1106,1788
Dubai Medium	0	477,457,825,1106,1106,1946,1384,485,737,737,1024,1106,401,778,401,1051,1106,1106,1106,1106,1106,1106,1106,1106,1106,1106,401,401,1106,1106,1106,948,1853,1327,1233,1178,1370,1118,1069,1321,1458,551,944,1260,1055,1702,1444,1458,1165,1458,1208,1139,1182,1393,1307,1884,1235,1260,1161,737,1051,737,1106,1106,623,983,1079,881,1075,975,676,1047,1075,489,489,993,489,1602,1079,1069,1079,1075,760,877,750,1073,946,1384,963,940,883,737,553,737,1106,477,457,1106,1106,1106,1106,553,1106,815,1550,823,1065,1106,778,1124,723,874,1106,737,735,623,1083,1229,401,635,735,893,1065,1772,1853,1812,948,1327,1327,1327,1327,1327,1327,1841,1178,1118,1118,1118,1118,551,551,551,551,1370,1444,1458,1458,1458,1458,1458,1106,1458,1393,1393,1393,1393,1260,1192,1122,983,983,983,983,983,983,1475,881,975,975,975,975,489,489,489,489,1075,1079,1069,1069,1069,1069,1069,1106,1069,1073,1073,1073,1073,940,1079,940,1882,1604,1139,877,1260,1161,883,1106,770,858,1229,2048,381,381,381,735,735,735,1106,1106,688,1303,2806,655,655,1106,1825
Dubai	0	492,446,819,1106,1106,1966,1368,492,737,737,1024,1106,385,778,385,1024,1106,1106,1106,1106,1106,1106,1106,1106,1106,1106,385,385,1106,1106,1106,932,1860,1296,1221,1174,1356,1108,1057,1317,1446,524,920,1212,1044,1683,1425,1436,1155,1436,1190,1122,1182,1380,1276,1878,1198,1227,1139,737,1024,737,1106,1106,588,958,1049,858,1049,950,662,1020,1051,463,463,944,463,1579,1055,1038,1049,1049,737,862,741,1047,924,1368,911,918,862,737,553,737,1106,492,446,1106,1106,1106,1106,553,1106,778,1565,823,1044,1106,778,1096,702,860,1106,737,737,588,1057,1229,385,600,737,893,1044,1753,1835,1794,932,1296,1296,1296,1296,1296,1296,1829,1174,1108,1108,1108,1108,524,524,524,524,1356,1425,1436,1436,1436,1436,1436,1106,1436,1380,1380,1380,1380,1227,1184,1098,958,958,958,958,958,958,1458,858,950,950,950,950,463,463,463,463,1042,1055,1038,1038,1038,1038,1038,1106,1038,1047,1047,1047,1047,918,1049,918,1884,1597,1122,862,1227,1139,862,1106,748,827,1229,2048,375,375,375,715,715,715,1106,1106,666,1245,2826,655,655,1106,1802
Ebrima	0	561,582,803,1210,1104,1676,1639,471,618,618,854,1401,444,819,444,798,1104,1104,1104,1104,1104,1104,1104,1104,1104,1104,444,444,1401,1401,1401,918,1956,1321,1174,1268,1436,1036,1000,1405,1454,545,731,1188,964,1839,1532,1544,1147,1544,1225,1088,1073,1407,1272,1913,1208,1132,1168,618,776,618,1401,850,549,1042,1204,946,1206,1071,641,1206,1159,496,496,1018,496,1764,1159,1200,1204,1206,712,869,694,1159,981,1480,940,991,926,618,490,618,1401,561,582,1104,1104,1138,1104,490,918,848,1823,803,1036,1401,819,1823,635,772,1401,750,750,578,1182,938,444,420,719,882,1036,1856,1906,1950,918,1321,1321,1321,1321,1321,1321,1762,1268,1036,1036,1036,1036,545,545,545,545,1436,1532,1544,1544,1544,1544,1544,1401,1544,1407,1407,1407,1407,1132,1147,1114,1042,1042,1042,1042,1042,1042,1704,946,1071,1071,1071,1071,496,496,496,496,1145,1159,1200,1200,1200,1200,1200,1401,1200,1159,1159,1159,1159,991,1204,991,1906,1900,1088,869,1132,1168,926,641,760,690,1024,2048,469,469,469,772,772,772,768,768,832,1501,2478,647,647,1104,1583
Ebrima	1	565,670,1010,1213,1178,1776,1740,600,756,756,932,1448,555,828,555,908,1178,1178,1178,1178,1178,1178,1178,1178,1178,1178,555,555,1448,1448,1448,897,1954,1440,1313,1278,1510,1090,1065,1456,1569,649,912,1329,1047,1960,1618,1553,1258,1553,1337,1148,1200,1481,1366,2058,1342,1243,1243,756,893,756,1448,850,643,1102,1270,983,1268,1108,785,1268,1233,582,582,1145,582,1876,1239,1252,1270,1268,815,901,797,1239,1110,1633,1131,1102,981,756,668,756,1448,565,670,1178,1178,1139,1178,668,994,946,1790,840,1190,1448,828,1790,690,778,1448,828,828,621,1255,1043,555,441,807,934,1190,1950,1977,2005,897,1440,1440,1440,1440,1440,1440,1915,1278,1090,1090,1090,1090,649,649,649,649,1510,1618,1552,1552,1552,1552,1552,1448,1553,1481,1481,1481,1481,1243,1258,1286,1102,1102,1102,1102,1102,1102,1696,983,1108,1108,1108,1108,582,582,582,582,1215,1239,1251,1251,1251,1251,1251,1448,1252,1239,1239,1239,1239,1102,1270,1102,1925,1893,1148,901,1243,1243,981,785,785,785,1024,2048,594,594,594,1010,1010,1010,832,832,865,1868,2573,705,705,1178,1579
Elephant	0	512,662,768,1575,1454,2013,2007,420,958,958,983,1706,557,575,557,739,1552,1079,1497,1470,1434,1380,1450,1282,1397,1446,639,639,1706,1706,1706,1266,2019,1532,1804,1624,1927,1778,1606,1862,2058,1098,1343,1909,1677,2214,1843,1855,1665,1855,1868,1454,1642,1747,1526,2429,1565,1524,1708,942,739,942,1706,1024,1024,1178,1262,1092,1272,1085,737,1106,1329,696,676,1286,690,1937,1337,1167,1268,1251,1049,991,825,1335,1034,1661,1108,1030,1110,778,911,778,1706,512,662,1174,1659,1806,1647,911,1225,1024,2048,1114,1016,1706,575,2048,-1,674,1706,-1,-1,1024,1368,1202,-1,991,-1,1126,1016,-1,-1,-1,1266,1532,1532,1532,1532,1532,1532,2314,1624,1778,1778,1778,1778,1098,1098,1098,1098,1927,1843,1855,1855,1855,1855,1855,1706,1855,1747,1747,1747,1747,1524,1667,1298,1178,1178,1178,1178,1178,1178,1663,1092,1085,1085,1085,1085,696,696,696,696,1176,1337,1167,1167,1167,1167,1167,1706,1167,1335,1335,1335,1335,1030,1262,1030,2638,1769,1454,991,1524,-1,-1,1319,1024,1024,1024,2048,475,475,475,940,940,940,983,983,1204,2048,-1,666,666,1550,1495
Elephant	2	492,958,791,1513,1382,1972,1724,420,918,918,983,1706,537,635,537,614,1618,1081,1430,1516,1485,1356,1470,1260,1419,1470,639,639,1706,1706,1706,1059,2019,1995,1917,1534,1923,1823,1673,1806,2058,1081,1393,1837,1737,2585,2130,1751,1749,1776,1903,1454,1659,1747,1874,2757,1565,1767,1708,958,739,958,1706,1024,1024,1356,1210,1004,1354,1038,756,1284,1296,754,711,1274,715,1976,1376,1133,1292,1264,1133,922,739,1376,1085,1739,1368,1300,1102,821,911,821,1706,492,958,1044,1577,1806,1507,911,1225,1024,2048,1290,1020,1706,635,2048,-1,674,1706,-1,-1,1024,1368,1202,-1,1024,-1,1085,1006,-1,-1,-1,1059,1995,1995,1995,1995,1995,1995,2699,1534,1823,1823,1823,1823,1081,1081,1081,1081,1923,2130,1751,1751,1751,1751,1751,1706,1751,1747,1747,1747,1747,1767,1720,1329,1356,1356,1356,1356,1356,1356,1724,1004,1038,1038,1038,1038,754,754,754,754,1214,1376,1133,1133,1133,1133,1133,1706,1133,1376,1376,1376,1376,1300,1233,1300,2611,1665,1454,922,1767,-1,-1,1319,1024,1024,1024,2048,475,475,475,934,934,934,983,983,1204,2048,-1,666,666,1534,1499
Engravers MT	0	662,831,1217,1024,1323,2410,2048,831,725,725,1323,1155,831,1087,831,1194,1323,1323,1323,1323,1323,1323,1323,1323,1323,1323,831,831,1155,1155,1155,1323,1706,1792,1792,1749,2028,1686,1686,2048,2048,1087,1450,2048,1686,2284,2005,1962,1729,1962,2048,1599,1792,2048,1792,2410,2048,2048,1686,725,569,725,1190,1024,682,1792,1792,1749,2028,1686,1686,2048,2048,1087,1450,2048,1686,2284,2005,1962,1729,1962,2048,1599,1792,2048,1792,2410,2048,2048,1686,807,410,807,1065,662,831,874,1323,1024,2048,410,934,682,1556,662,1087,1460,1087,1556,1024,819,1124,918,918,682,1180,901,-1,682,918,725,1087,1708,1708,1708,1323,1792,1792,1792,1792,1792,1792,2347,1749,1686,1686,1686,1686,1087,1087,1087,1087,2028,2005,1962,1962,1962,1962,1962,1155,2048,2048,2048,2048,2048,2048,1729,3198,1792,1792,1792,1792,1792,1792,2347,1749,1686,1686,1686,1686,1087,1087,1087,1087,2028,2005,1962,1962,1962,1962,1962,1124,2048,2048,2048,2048,2048,2048,1729,2048,2347,2347,1599,1599,2048,-1,-1,1024,682,682,1024,2093,831,831,831,1217,1217,1217,934,934,831,2499,1679,575,575,1323,2007
Eras Bold ITC	0	512,727,813,1334,1334,1852,1571,467,762,752,1019,1334,604,547,604,908,1334,1334,1334,1334,1334,1334,1334,1334,1334,1334,604,604,1019,1334,1019,1069,1785,1667,1453,1373,1584,1350,1257,1598,1676,700,1057,1567,1200,1886,1681,1774,1307,1807,1435,1132,1300,1592,1543,2225,1403,1321,1365,762,888,762,1020,1019,1024,1240,1340,1036,1351,1212,811,1350,1394,639,642,1277,634,1909,1392,1329,1345,1346,880,989,872,1345,1207,1859,1301,1211,1072,885,1019,885,1361,512,696,1334,1334,1334,1334,1019,1231,1024,1697,789,1075,1019,547,1697,1019,645,1334,841,840,1024,1334,1334,424,1024,840,843,1079,1901,1901,1901,1069,1667,1667,1667,1667,1667,1667,1972,1373,1350,1350,1350,1350,700,700,700,700,1584,1681,1774,1774,1774,1774,1774,1334,1750,1592,1592,1592,1592,1321,1307,1340,1240,1240,1240,1240,1240,1240,1820,1036,1212,1212,1212,1212,639,639,639,639,1329,1392,1329,1329,1329,1329,1329,1334,1321,1346,1346,1346,1346,1211,1348,1211,2188,1995,1132,989,1321,1365,1072,1334,1024,1024,1334,1686,473,505,505,894,925,872,1232,1232,1361,1822,2682,638,642,1395,1933
Eras Demi ITC	0	512,641,700,1249,1249,1742,1489,415,707,698,1027,1249,530,528,530,878,1249,1249,1249,1249,1249,1249,1249,1249,1249,1249,530,530,1024,1249,1024,1012,1725,1542,1339,1329,1546,1251,1171,1561,1590,602,954,1374,1100,1815,1611,1709,1206,1730,1292,1050,1180,1538,1456,2156,1312,1201,1268,707,865,707,1024,1024,1024,1161,1274,1001,1281,1148,704,1291,1317,546,549,1124,543,1830,1311,1265,1273,1270,795,898,761,1280,1104,1781,1139,1104,988,849,1024,849,1365,512,621,1249,1249,1249,1249,1024,1162,1024,1660,742,967,1024,528,1660,1024,604,1249,792,792,1024,1249,1249,319,1024,792,806,970,1792,1792,1792,1012,1542,1542,1542,1542,1542,1542,1830,1329,1251,1251,1251,1251,602,602,602,602,1546,1611,1709,1709,1709,1709,1709,1249,1694,1538,1538,1538,1538,1201,1206,1247,1161,1161,1161,1161,1161,1161,1763,1001,1148,1148,1148,1148,547,546,547,547,1265,1311,1265,1265,1265,1265,1265,1249,1260,1282,1282,1282,1282,1104,1280,1104,2148,1963,1050,898,1201,1268,988,1249,1024,1024,1249,1582,447,467,467,809,829,795,1164,1164,1365,1591,2522,597,599,1296,1789
Eras Light ITC	0	512,489,498,1098,1098,1546,1342,323,609,604,1040,1098,399,494,399,824,1098,1098,1098,1098,1098,1098,1098,1098,1098,1098,399,399,1032,1098,1032,911,1618,1318,1136,1250,1478,1073,1019,1495,1435,426,770,1032,923,1687,1486,1593,1028,1593,1038,905,965,1441,1301,2017,1151,987,1095,609,824,609,1032,1032,1024,1021,1158,937,1156,1032,513,1185,1180,382,383,853,383,1691,1167,1152,1145,1136,644,736,564,1165,921,1644,851,912,838,784,1032,784,1374,512,489,1098,1098,1098,1098,1032,1040,1024,1593,659,775,1032,494,1593,1032,532,1098,707,706,1024,1098,1098,132,1024,706,740,776,1599,1599,1599,911,1318,1318,1318,1318,1318,1318,1578,1250,1073,1073,1073,1073,426,426,426,426,1478,1486,1593,1593,1593,1593,1593,1098,1593,1441,1441,1441,1441,987,1028,1082,1021,1021,1021,1021,1021,1021,1662,937,1032,1032,1032,1032,383,382,383,383,1152,1167,1152,1152,1152,1152,1152,1098,1152,1169,1169,1169,1169,912,1158,912,2077,1907,905,736,987,1095,838,1098,1024,1024,1098,1398,399,399,399,658,657,658,1043,1043,1374,1180,2237,522,524,1114,1533
Eras Medium ITC	0	512,562,594,1170,1170,1640,1412,367,656,649,1034,1170,461,510,461,850,1170,1170,1170,1170,1170,1170,1170,1170,1170,1170,461,461,1028,1170,1028,959,1669,1425,1233,1288,1510,1158,1091,1527,1509,510,858,1195,1008,1748,1546,1649,1113,1658,1159,974,1068,1487,1375,1983,1228,1089,1178,655,844,656,1028,1028,1024,1088,1214,967,1215,1087,604,1235,1245,461,462,982,459,1757,1235,1206,1206,1200,716,813,658,1220,1008,1710,989,1004,909,815,1028,815,1370,512,552,1170,1170,1170,1170,1028,1098,1024,1625,699,866,1028,510,1625,1028,567,1170,748,747,1024,1170,1170,221,1024,747,771,869,1691,1691,1691,959,1425,1425,1425,1425,1425,1425,1698,1288,1158,1158,1158,1158,510,510,510,510,1510,1546,1649,1649,1649,1649,1649,1170,1641,1487,1487,1487,1487,1089,1113,1161,1088,1088,1088,1088,1088,1088,1710,967,1087,1087,1087,1087,461,461,461,461,1206,1235,1206,1206,1206,1206,1206,1170,1204,1223,1223,1223,1223,1004,1216,1004,2111,1934,974,813,1089,1178,909,1170,1024,1024,1170,1486,421,431,431,730,739,723,1101,1101,1370,1376,2373,558,560,1202,1655
Felix Titling	0	596,342,682,1024,1004,1642,1855,342,748,748,725,1124,342,512,342,575,1192,532,1110,1153,1110,1153,1192,1110,1192,1192,342,342,1124,1124,1124,725,1886,1409,1194,1579,1729,1110,1024,1556,1516,532,532,1686,1110,1812,1642,1665,1087,1665,1622,981,1237,1536,1409,2111,1386,1174,1450,641,575,641,1124,1024,682,1409,1194,1579,1729,1110,1024,1556,1516,532,532,1686,1110,1812,1642,1665,1087,1665,1622,981,1237,1536,1409,2111,1386,1174,1450,983,410,983,1087,596,342,1110,1130,819,1174,410,981,682,1556,618,897,1460,1124,1556,1024,819,1124,662,682,682,1180,1237,342,682,319,705,897,1341,1341,1341,725,1409,1409,1409,1409,1409,1409,1772,1579,1110,1110,1110,1110,532,532,532,532,1729,1642,1665,1665,1665,1665,1665,1124,1665,1536,1536,1536,1536,1174,1087,1962,1409,1409,1409,1409,1409,1409,1772,1579,1110,1110,1110,1110,532,532,532,532,1729,1642,1665,1665,1665,1665,1665,1124,1665,1536,1536,1536,1536,1174,1087,1174,2028,2028,981,981,1174,1450,1450,1110,682,682,1024,2048,342,342,342,682,682,682,774,774,717,2048,2361,492,492,1237,2007
Forte	0	544,748,727,1368,1110,1749,1174,391,705,662,682,1366,449,512,406,961,1087,768,918,1087,1004,1004,1044,956,1004,1004,598,598,1366,1366,1366,831,2079,1493,1343,1260,1393,1260,1024,1280,1536,1188,1087,1409,788,2218,1642,1300,1217,1386,1280,1044,961,1280,1114,1665,1473,1409,1280,788,961,831,961,1024,682,1130,961,788,1174,874,752,1126,1024,512,598,1024,938,1579,1044,1110,1130,1122,664,918,705,1087,883,1386,1024,1024,874,797,1204,799,1366,544,748,788,1536,1425,1409,1204,1110,682,1511,748,662,1366,512,1511,1024,819,1368,788,788,682,1251,1102,1024,682,788,725,662,1536,1536,1749,831,1493,1493,1493,1493,1493,1493,2068,1260,1260,1260,1260,1260,1188,1188,1188,1188,1386,1642,1300,1300,1300,1300,1300,1366,1307,1280,1280,1280,1280,1409,1217,1194,1130,1130,1130,1130,1130,1130,1579,788,874,874,874,874,512,512,512,512,1110,1044,1110,1110,1110,1110,1110,1368,1110,1087,1087,1087,1087,1024,1130,1024,2111,1642,1044,918,1409,1280,874,1139,686,711,1024,2048,426,426,449,682,682,678,938,938,717,2048,2623,449,449,1407,2048
Franklin Gothic Book	0	512,550,647,1201,1201,1475,1365,371,601,601,1201,1201,512,512,512,930,1201,1201,1201,1201,1201,1201,1201,1201,1201,1201,512,512,1201,1201,1201,1035,1526,1097,1238,1186,1325,1122,1040,1325,1316,512,765,1287,1003,1659,1346,1292,1145,1292,1255,1166,994,1241,1099,1674,1065,1045,1066,601,930,601,1024,1024,1024,1083,1100,954,1103,1066,614,1006,1106,470,469,1026,471,1667,1110,1064,1094,1097,675,950,630,1109,922,1360,868,850,867,601,1024,601,1201,512,550,1201,1201,1365,1202,1024,1201,1024,1584,715,704,1201,512,1584,1024,1201,1201,792,792,1024,1095,1201,223,1024,792,704,704,1802,1802,1802,1035,1097,1097,1097,1097,1097,1097,1856,1186,1122,1122,1122,1122,512,512,512,512,1325,1346,1292,1292,1292,1292,1292,1201,1292,1241,1241,1241,1241,1045,1159,1162,1083,1083,1083,1083,1083,1083,1722,954,1066,1066,1066,1066,470,470,470,470,1061,1110,1064,1064,1064,1064,1064,1201,1064,1109,1109,1109,1109,850,1094,850,1972,1747,1166,950,1045,1066,867,1201,1024,1024,1201,1365,512,512,512,821,821,821,1201,1201,1365,1526,2172,439,439,1200,1592
Franklin Gothic Book	2	512,547,633,1201,1201,1583,1366,364,601,601,1201,1201,512,512,512,960,1201,1201,1201,1201,1201,1201,1201,1201,1201,1201,512,512,1201,1201,1201,1020,1529,1155,1251,1179,1328,1144,1039,1333,1343,508,755,1275,1042,1670,1341,1315,1140,1309,1297,1171,1000,1259,1082,1663,1103,1049,1076,601,960,601,1024,1024,1024,1096,1101,971,1101,1065,614,1031,1115,470,469,1003,470,1673,1122,1066,1097,1092,694,945,628,1111,910,1380,893,870,859,601,1024,601,1201,512,548,1201,1201,1365,1200,1024,1201,1024,1584,721,691,1201,512,1584,1024,1201,1201,792,792,1024,1201,1201,264,1024,792,702,690,1802,1802,1802,1019,1155,1155,1155,1155,1155,1155,1790,1179,1144,1144,1144,1144,508,508,508,508,1328,1341,1315,1315,1315,1315,1315,1201,1315,1259,1259,1259,1259,1049,1154,1135,1096,1096,1096,1096,1096,1096,1723,971,1065,1065,1065,1065,470,470,470,470,1046,1122,1066,1066,1066,1066,1066,1201,1066,1111,1111,1111,1111,870,1098,870,2001,1834,1171,945,1049,1076,859,1201,1024,1024,1201,1365,512,512,512,765,765,765,1201,1201,1365,1535,2319,433,433,1200,1628
Franklin Gothic Demi	0	512,602,759,1201,1201,1412,1470,397,601,601,1201,1201,527,527,527,1096,1201,1201,1201,1201,1201,1201,1201,1201,1201,1201,527,527,1201,1201,1201,1045,1591,1245,1334,1285,1328,1167,1135,1315,1328,593,780,1291,1031,1761,1324,1309,1236,1318,1346,1189,1002,1330,1138,1788,1228,1068,1184,601,1096,601,1024,1024,1024,1109,1115,1048,1105,1095,655,1133,1114,543,550,1112,543,1688,1124,1096,1105,1114,711,969,720,1109,924,1477,1011,912,877,601,1024,601,1201,512,602,1201,1201,1365,1202,1024,1201,1024,1584,728,698,1201,527,1584,1024,1201,1201,792,792,1024,1201,1201,309,1024,792,721,698,1802,1802,1802,1044,1245,1245,1245,1245,1245,1245,1726,1285,1167,1167,1167,1167,593,593,592,593,1328,1324,1309,1309,1309,1309,1309,1201,1309,1330,1330,1330,1330,1068,1249,1279,1109,1109,1109,1109,1109,1109,1639,1048,1095,1095,1095,1095,543,543,543,543,1096,1124,1096,1096,1096,1096,1096,1201,1096,1109,1109,1109,1109,912,1105,912,1904,1720,1189,969,1068,1184,877,1201,1024,1024,1201,1365,527,527,527,897,897,897,1201,1201,1365,1623,2081,422,422,1200,1768
Franklin Gothic Demi Cond	0	382,698,1047,1047,1047,1361,1326,698,698,698,1047,1047,523,558,523,1081,1047,1047,1047,1047,1047,1047,1047,1047,1047,1047,523,523,1047,1047,1047,977,1291,1047,1151,1117,1151,977,907,1187,1186,558,663,1081,872,1535,1151,1151,1047,1151,1116,1047,802,1186,942,1465,977,907,942,698,1082,698,1024,1024,942,977,977,907,977,942,593,942,977,488,488,942,488,1430,977,942,977,977,628,837,628,977,733,1186,768,733,733,698,1024,698,1365,382,698,1047,1047,1047,1047,1024,1047,942,1595,663,907,1024,558,1595,1024,1047,1047,698,698,942,977,1117,523,942,698,628,907,1640,1640,1640,977,1047,1047,1047,1047,1047,1047,1396,1117,977,977,977,977,558,558,558,558,1152,1151,1151,1151,1151,1151,1151,1047,1151,1186,1186,1186,1186,907,1047,1116,977,977,977,977,977,977,1430,907,942,942,942,942,488,488,488,488,942,977,942,942,942,942,942,1047,942,977,977,977,977,733,977,733,1605,1465,1047,837,907,942,733,1047,942,942,907,1361,488,488,489,872,872,872,1047,1047,1365,1570,1989,558,559,1047,1500
Franklin Gothic Demi	2	512,590,745,1201,1201,1730,1465,390,601,601,1201,1201,527,527,527,905,1201,1201,1201,1201,1201,1201,1201,1201,1201,1201,527,527,1201,1201,1201,1031,1584,1260,1342,1275,1337,1170,1089,1347,1315,587,799,1281,1001,1768,1335,1318,1229,1326,1345,1175,1002,1316,1124,1815,1221,1086,1173,601,905,601,1024,1024,1024,1108,1109,1038,1106,1079,652,1051,1119,551,549,1108,539,1667,1117,1093,1106,1109,720,953,736,1098,931,1474,971,921,885,601,1024,601,1201,512,590,1201,1201,1365,1202,1024,1201,1024,1584,728,706,1201,527,1584,1024,1201,1201,792,792,1024,1201,1201,363,1024,792,719,706,1802,1802,1802,1029,1260,1260,1260,1260,1260,1260,1724,1275,1170,1170,1170,1170,587,587,587,587,1337,1335,1317,1317,1317,1317,1317,1201,1318,1316,1316,1316,1316,1086,1242,1279,1108,1108,1108,1108,1108,1108,1720,1038,1079,1079,1079,1079,552,552,552,551,1084,1117,1093,1093,1093,1093,1093,1201,1094,1098,1098,1098,1098,921,1106,921,1862,1697,1175,953,1086,1173,885,1201,1024,1024,1201,1365,527,527,527,904,904,904,1201,1201,1365,1630,2493,433,434,1200,1690
Franklin Gothic Heavy	0	512,646,845,1201,1201,1455,1515,461,601,601,1201,1201,563,563,563,1047,1201,1201,1201,1201,1201,1201,1201,1201,1201,1201,563,563,1201,1201,1201,1119,1570,1306,1316,1287,1391,1193,1120,1400,1395,657,852,1343,1103,1722,1405,1415,1317,1415,1413,1244,963,1331,1307,1843,1322,1211,1204,601,1047,601,1024,1024,1024,1201,1203,1071,1203,1201,803,1166,1210,609,609,1175,603,1752,1203,1217,1201,1206,781,1085,761,1199,1037,1521,1133,1049,965,601,1024,601,1201,512,646,1201,1201,1365,1199,1024,1201,1024,1584,786,771,1201,563,1584,1024,1201,1201,792,792,1024,1201,1201,380,1024,792,796,771,1802,1802,1802,1119,1306,1306,1306,1306,1306,1306,1865,1287,1193,1193,1193,1193,657,657,657,657,1391,1405,1415,1415,1415,1415,1415,1201,1415,1331,1331,1331,1331,1211,1331,1319,1201,1201,1201,1201,1201,1201,1627,1071,1201,1201,1201,1201,609,609,609,609,1216,1203,1217,1217,1217,1217,1217,1201,1217,1199,1199,1199,1199,1049,1201,1049,1945,1733,1244,1085,1211,1204,965,1201,1024,1024,1201,1365,563,563,563,939,939,939,1201,1201,1365,1754,2131,452,452,1200,1638
Franklin Gothic Heavy	2	512,647,832,1201,1201,1573,1473,454,601,601,1201,1201,563,563,563,868,1201,1201,1201,1201,1201,1201,1201,1201,1201,1201,563,563,1201,1201,1201,1050,1570,1290,1323,1296,1404,1173,1094,1394,1384,625,854,1312,1079,1739,1395,1407,1227,1423,1360,1264,1027,1319,1251,1815,1242,1198,1184,601,868,601,1024,1024,1024,1216,1200,1072,1204,1196,792,1136,1204,602,605,1188,594,1742,1197,1192,1201,1195,801,1070,739,1197,1020,1485,1083,993,972,601,1024,601,1201,512,647,1201,1201,1365,1201,1024,1201,1024,1584,795,761,1201,563,1584,1024,1201,1201,792,792,1024,1201,1201,436,1024,792,780,760,1802,1802,1802,1051,1290,1290,1290,1290,1290,1290,1826,1296,1173,1173,1173,1173,625,625,625,625,1404,1395,1407,1407,1407,1407,1407,1201,1407,1319,1319,1319,1319,1198,1240,1282,1216,1216,1216,1216,1216,1216,1627,1072,1196,1196,1196,1196,602,602,602,602,1171,1197,1192,1192,1192,1192,1192,1201,1192,1197,1197,1197,1197,993,1201,993,1933,1729,1264,1070,1198,1184,972,1201,1024,1024,1201,1365,563,563,563,959,959,958,1201,1201,1365,1741,2291,447,446,1200,1687
Franklin Gothic Medium	0	512,564,775,1201,1201,1580,1468,438,601,601,1201,1201,493,493,493,981,1201,1201,1201,1201,1201,1201,1201,1201,1201,1201,493,493,1201,1201,1201,1027,1469,1235,1244,1186,1341,1099,1040,1315,1313,546,761,1257,1021,1640,1331,1318,1227,1318,1316,1170,990,1218,1107,1809,1160,1113,1091,601,981,601,1024,1024,1024,1107,1103,954,1103,1074,647,1061,1110,501,501,1090,501,1782,1109,1083,1103,1109,679,930,660,1105,910,1427,904,905,857,601,1024,601,1201,512,564,1201,1201,1365,1202,1024,1201,1024,1584,730,674,1201,493,1584,1024,1201,1201,792,792,1024,1201,1201,247,1024,792,715,673,1802,1802,1802,1027,1235,1235,1235,1235,1235,1235,1732,1186,1099,1099,1099,1099,546,546,546,546,1341,1331,1318,1318,1318,1318,1318,1201,1318,1218,1218,1218,1218,1113,1241,1142,1107,1107,1107,1107,1107,1107,1757,954,1074,1074,1074,1074,501,501,501,501,1083,1109,1083,1083,1083,1083,1083,1201,1083,1105,1105,1105,1105,905,1098,905,1924,1728,1170,930,1113,1091,857,1201,1024,1024,1201,1365,493,493,493,769,769,769,1201,1201,1365,1518,2303,418,418,1201,1591
Franklin Gothic Medium Cond	0	382,698,1047,1046,1046,1395,1291,698,523,523,1046,1046,489,593,489,977,1046,1046,1046,1046,1046,1046,1046,1046,1046,1046,488,489,1046,1046,1046,1012,1221,1012,1116,1081,1151,942,872,1152,1116,488,628,1047,837,1465,1151,1152,1012,1151,1081,1047,768,1116,942,1430,907,837,872,523,977,523,1024,1024,1024,942,977,837,977,907,523,907,942,454,454,872,454,1430,942,942,977,977,558,803,558,943,733,1151,733,733,698,523,1024,523,1365,382,698,1046,1046,1047,1046,1024,1046,1024,1600,628,802,1046,593,1600,1024,1046,1046,696,696,1024,1046,1046,489,1024,696,628,802,1569,1569,1569,1012,1012,1012,1012,1012,1012,1012,1430,1081,942,942,942,942,488,488,488,488,1151,1151,1152,1152,1152,1152,1152,1046,1151,1116,1116,1116,1116,837,1012,1047,942,942,942,942,942,942,1430,837,907,907,907,907,454,454,454,454,907,942,942,942,942,942,942,1046,942,943,942,943,942,733,977,733,1640,1465,1047,803,837,872,698,1046,1024,1024,1046,1291,453,453,454,768,768,768,1046,1046,1365,1466,2024,488,488,1046,1465
Franklin Gothic Medium	2	512,505,768,1201,1201,1532,1419,431,601,601,1201,1201,493,493,493,890,1201,1201,1201,1201,1201,1201,1201,1201,1201,1201,493,493,1201,1201,1201,991,1502,1234,1251,1211,1310,1099,1017,1325,1323,553,767,1264,1000,1633,1330,1324,1223,1312,1309,1132,945,1239,1113,1782,1131,1061,1077,601,890,601,1024,1024,1024,1097,1085,979,1096,1068,645,1039,1102,508,508,1110,508,1746,1100,1075,1082,1085,711,938,657,1083,915,1432,936,933,863,601,1024,601,1201,512,505,1201,1201,1502,1201,1024,1201,1024,1584,721,675,1201,493,1584,1024,1201,1201,792,792,1024,1201,1201,281,1024,792,707,674,1802,1802,1802,992,1234,1234,1234,1234,1234,1234,1717,1211,1099,1099,1099,1099,553,553,553,553,1310,1330,1324,1324,1324,1324,1324,1201,1324,1239,1239,1239,1239,1061,1237,1149,1097,1097,1097,1097,1097,1097,1698,979,1068,1068,1068,1068,508,508,508,508,1075,1100,1075,1075,1075,1075,1075,1201,1075,1083,1083,1083,1083,933,1082,933,1766,1707,1132,938,1061,1077,863,1201,1024,1024,1201,1365,493,493,493,757,757,756,1201,1201,1365,1494,2228,426,425,1200,1573
Freestyle Script	0	512,536,488,700,700,1222,1285,258,732,732,700,700,423,497,423,688,700,700,700,700,700,700,700,700,700,700,423,423,1024,700,1024,750,1397,911,916,856,944,807,806,818,941,462,870,947,633,1163,1020,913,901,911,902,806,924,1065,850,1138,879,844,788,869,688,868,1024,1024,1024,530,570,560,535,562,523,625,640,270,455,728,440,727,527,475,540,520,626,521,500,532,567,774,513,691,449,869,1024,869,1365,512,536,700,700,700,700,1024,847,1024,1543,512,565,1024,497,1543,1024,700,700,461,461,1024,532,700,423,1024,461,512,565,1249,1249,1249,750,911,911,911,911,911,911,1302,856,807,807,807,807,462,462,462,462,944,1020,913,913,913,913,913,700,914,1065,1065,1065,1065,844,901,564,530,530,530,530,530,530,777,560,562,562,562,562,270,270,270,270,489,527,475,475,475,475,475,700,475,532,532,532,532,691,540,691,1345,810,806,521,844,-1,-1,700,1024,1024,700,1014,205,423,423,437,461,461,700,700,1365,1270,1693,344,344,700,1293
French Script MT	0	512,575,532,1260,748,1366,1323,276,385,385,748,1260,385,385,385,1004,748,748,748,748,748,748,748,748,748,748,385,385,1260,1260,1260,874,1878,1044,1386,961,1430,1067,1130,1067,1642,1067,961,1665,1174,2005,1792,1174,1110,1174,1516,1174,1067,1516,1366,1706,1323,1430,1110,385,1004,385,1151,1024,682,705,682,512,618,532,406,725,725,385,406,768,385,981,682,641,705,705,492,532,449,705,555,788,662,705,598,897,981,897,1366,512,575,748,768,1260,1153,981,961,682,1579,532,788,1366,385,1556,1025,705,1260,492,492,682,938,981,385,682,492,492,788,1175,1174,1175,874,1044,1044,1044,1044,1044,1044,1706,961,1067,1067,1067,1067,1067,1067,1067,1067,1430,1792,1174,1174,1174,1174,1174,1260,1174,1516,1516,1516,1516,1431,1175,768,705,705,705,705,705,705,897,512,532,532,532,532,385,385,385,385,618,682,641,641,641,641,641,1260,641,705,705,705,705,705,705,705,1962,938,1174,532,1430,1110,598,811,682,682,748,1516,385,385,385,682,768,682,897,897,575,2048,1921,512,512,758,1855
Footlight MT Light	0	512,619,661,1365,939,1472,1301,320,725,725,725,1365,491,832,491,1045,1131,1131,1131,1131,1131,1131,1131,1131,1131,1131,491,491,1365,1365,1365,917,1877,1237,1109,1259,1451,981,875,1365,1408,619,597,1195,960,1813,1387,1493,981,1493,1109,917,1067,1387,1259,1984,1237,1195,1216,640,1045,640,960,1024,683,960,1045,917,1067,896,640,1024,1131,555,533,1024,555,1643,1131,1003,1088,1067,811,747,597,1131,981,1536,1067,960,917,981,1045,981,1365,512,619,917,1195,1387,1195,1045,853,683,1567,640,811,1365,832,1567,683,768,1365,725,725,683,1045,896,-1,683,725,661,811,1749,1749,1749,917,1237,1237,1237,1237,1237,1237,1557,1259,981,981,981,981,619,619,619,619,1451,1387,1493,1493,1493,1493,1493,1365,1493,1387,1387,1387,1387,1195,981,1088,960,960,960,960,960,960,1515,917,896,896,896,896,555,555,555,555,1003,1131,1003,1003,1003,1003,1003,1365,1003,1131,1131,1131,1131,960,1088,960,1771,1685,917,747,1195,-1,-1,1088,683,683,1024,2048,491,491,491,939,939,939,896,896,576,2048,2069,512,512,1130,1856
Gabriola	0	358,470,535,854,776,1482,1094,305,507,507,560,788,336,506,336,562,816,468,672,676,811,699,821,781,780,814,356,356,788,788,788,730,1386,1014,901,992,1112,860,798,1026,1134,449,448,970,827,1318,1082,1086,848,1086,968,720,841,1148,936,1456,978,839,904,542,552,541,744,325,400,732,818,626,866,631,474,769,849,394,364,796,396,1268,878,728,846,800,604,593,496,852,664,1006,790,678,684,556,574,556,752,358,465,667,904,922,848,574,773,400,1362,585,664,788,506,782,400,556,788,602,600,400,774,958,358,400,436,581,664,1278,1276,1380,730,1014,1014,1014,1014,1014,1014,1294,992,860,860,860,860,449,449,449,449,1112,1082,1086,1086,1086,1086,1086,788,1086,1148,1148,1148,1148,839,843,868,732,732,732,732,732,732,1028,626,631,631,631,631,394,394,394,394,786,878,728,728,728,728,728,788,728,852,852,852,852,678,814,678,1443,1120,720,593,839,904,684,749,400,400,1024,2048,307,307,307,557,552,552,938,938,454,929,2146,426,426,959,1408
Gadugi	0	561,582,803,1210,1104,1676,1639,471,618,618,854,1401,444,819,444,798,1104,1104,1104,1104,1104,1104,1104,1104,1104,1104,444,444,1401,1401,1401,918,1956,1321,1174,1268,1436,1036,1000,1405,1454,545,731,1188,964,1839,1532,1544,1147,1544,1225,1088,1073,1407,1272,1913,1208,1132,1168,618,776,618,1401,850,549,1042,1204,946,1206,1071,641,1206,1159,496,496,1018,496,1764,1159,1200,1204,1206,712,869,694,1159,981,1480,940,991,926,618,490,618,1401,561,582,1104,1104,1138,1104,490,918,848,1823,803,1036,1401,819,1823,635,772,1401,750,750,578,1182,938,444,420,719,882,1036,1856,1906,1950,918,1321,1321,1321,1321,1321,1321,1762,1268,1036,1036,1036,1036,545,545,545,545,1436,1532,1544,1544,1544,1544,1544,1401,1544,1407,1407,1407,1407,1132,1147,1114,1042,1042,1042,1042,1042,1042,1704,946,1071,1071,1071,1071,496,496,496,496,1145,1159,1200,1200,1200,1200,1200,1401,1200,1159,1159,1159,1159,991,1204,991,1906,1900,1088,869,1132,1168,926,1104,760,690,1024,2048,469,469,469,772,772,772,768,768,832,1501,2478,647,647,1104,1583
Gadugi	1	565,670,1010,1213,1178,1776,1740,600,756,756,932,1448,555,828,555,908,1178,1178,1178,1178,1178,1178,1178,1178,1178,1178,555,555,1448,1448,1448,897,1954,1440,1313,1278,1510,1090,1065,1456,1569,649,912,1329,1047,1960,1618,1553,1258,1553,1337,1148,1200,1481,1366,2058,1342,1243,1243,756,893,756,1448,850,643,1102,1270,983,1268,1108,785,1268,1233,582,582,1145,582,1876,1239,1252,1270,1268,815,901,797,1239,1110,1633,1131,1102,981,756,668,756,1448,565,670,1178,1178,1139,1178,668,994,946,1790,840,1190,1448,828,1790,690,778,1448,828,828,621,1255,1043,555,441,807,934,1190,1950,1977,2005,897,1440,1440,1440,1440,1440,1440,1915,1278,1090,1090,1090,1090,649,649,649,649,1510,1618,1552,1552,1552,1552,1552,1448,1553,1481,1481,1481,1481,1243,1258,1286,1102,1102,1102,1102,1102,1102,1696,983,1108,1108,1108,1108,582,582,582,582,1215,1239,1251,1251,1251,1251,1251,1448,1252,1239,1239,1239,1239,1102,1270,1102,1925,1893,1148,901,1243,1243,981,1178,785,785,1024,2048,594,594,594,1010,1010,1010,832,832,865,1868,2573,705,705,1178,1579
Garamond	0	512,448,832,1365,917,1685,1493,363,597,597,875,1365,448,640,448,1024,960,960,960,960,960,960,960,960,960,960,448,448,1365,1365,1365,747,1877,1387,1259,1301,1579,1344,1152,1579,1557,725,683,1515,1173,1707,1579,1600,1152,1579,1280,981,1259,1451,1387,1813,1429,1344,1344,555,1024,555,1024,1024,683,832,1045,853,1024,853,661,917,1045,469,469,960,469,1579,1045,1045,1045,1003,683,747,597,1003,960,1365,939,853,875,981,1024,981,1365,512,448,853,1173,1387,1344,1024,875,683,1557,533,747,1365,640,1557,1024,811,1365,640,640,683,1024,917,683,683,640,683,747,1664,1664,1685,747,1387,1387,1387,1387,1387,1387,1749,1301,1344,1344,1344,1344,725,725,725,725,1579,1579,1600,1600,1600,1600,1600,1365,1600,1451,1451,1451,1451,1344,1152,1024,832,832,832,832,832,832,1195,853,853,853,853,853,469,469,469,469,1067,1045,1045,1045,1045,1045,1045,1124,1045,1003,1003,1003,1003,853,1045,853,1920,1429,981,747,1344,1344,875,1259,683,683,1024,2048,448,448,448,917,917,917,875,875,725,2048,2091,405,405,960,2005
Garamond	1	512,533,1131,1365,960,1707,1643,576,725,725,1003,1365,533,683,533,1131,960,811,960,960,960,960,960,960,960,960,533,533,1365,1365,1365,853,1899,1344,1387,1387,1600,1451,1259,1493,1771,811,768,1387,1301,1877,1728,1621,1259,1621,1429,1045,1408,1557,1365,1835,1408,1344,1365,747,1131,747,1195,1024,683,981,1131,960,1131,960,619,1109,1131,576,533,1088,533,1728,1131,1067,1131,1131,704,853,640,1131,939,1451,1024,960,960,811,1109,811,1365,512,533,960,1387,1408,1344,1109,1024,683,1536,619,939,1365,683,1536,1024,811,1365,640,640,683,939,1109,683,683,640,683,939,1707,1707,1707,853,1344,1344,1344,1344,1344,1344,1877,1387,1451,1451,1451,1451,811,811,811,811,1600,1728,1621,1621,1621,1621,1621,1365,1621,1557,1557,1557,1557,1344,1259,1109,981,981,981,981,981,981,1429,960,960,960,960,960,576,576,576,576,1067,1131,1067,1067,1067,1067,1067,1365,1067,1131,1131,1131,1131,960,1131,960,2027,1493,1045,853,1344,1365,960,1451,683,683,1024,2048,512,512,512,1003,1003,1003,1024,1024,725,2048,2112,576,576,960,2048
Garamond	2	512,448,853,1365,896,1536,1856,448,555,555,875,1365,448,533,448,1024,960,960,960,960,960,960,960,960,960,960,448,448,1365,1365,1365,747,1877,1557,1152,1280,1493,1408,1173,1451,1579,661,661,1216,1301,1685,1600,1387,1088,1408,1280,1024,1195,1472,1643,1813,1515,1323,1237,619,1024,619,1024,1024,683,832,832,555,832,597,448,661,853,469,427,1067,448,1280,875,725,832,875,619,597,512,875,704,1088,1024,683,853,981,1024,981,1365,512,448,619,1280,1387,1280,1024,896,683,1557,533,789,1365,533,1557,1024,811,1365,576,576,683,1024,917,683,683,576,469,789,1515,1515,1515,747,1557,1557,1557,1557,1557,1557,1813,1280,1408,1408,1408,1408,661,661,661,661,1557,1600,1387,1387,1387,1387,1387,1365,1387,1472,1472,1472,1472,1323,1131,853,832,832,832,832,832,832,1003,555,597,597,597,597,469,469,469,469,811,875,725,725,725,725,725,1365,725,875,875,875,875,683,832,683,2005,939,1024,597,1323,1237,853,1259,683,683,1024,2048,448,448,448,853,853,853,896,853,725,2048,1856,491,491,960,2005
Georgia	0	494,678,843,1317,1249,1674,1455,441,768,768,967,1317,552,766,552,960,1257,880,1144,1130,1157,1082,1159,1029,1221,1159,640,640,1317,1317,1317,980,1902,1374,1339,1315,1534,1338,1227,1485,1669,798,1060,1422,1236,1899,1571,1524,1249,1524,1437,1149,1267,1549,1365,1998,1455,1260,1232,768,960,768,1317,1317,1024,1032,1147,930,1176,990,666,1043,1192,600,598,1097,586,1804,1210,1104,1170,1146,839,885,707,1178,1017,1510,1034,1008,909,881,768,881,1317,494,678,1137,1274,1170,1259,768,1024,1024,1929,1024,1190,1317,766,1929,1317,859,1317,1024,1024,1024,1160,1024,572,1024,1024,1024,1190,2150,2150,2150,980,1374,1374,1374,1374,1374,1374,1988,1315,1338,1338,1338,1338,798,798,798,798,1534,1571,1524,1524,1524,1524,1524,1317,1524,1549,1549,1549,1549,1260,1258,1123,1032,1032,1032,1032,1032,1032,1509,930,990,990,990,990,600,600,600,600,1089,1210,1104,1104,1104,1104,1104,1317,1104,1178,1178,1178,1178,1008,1145,1008,2044,1672,1149,885,1260,1232,909,1063,1024,1024,1317,1755,464,464,464,840,840,840,967,967,804,1653,2469,850,850,1315,1930
Georgia	1	520,771,1044,1440,1312,1801,1637,551,915,915,987,1440,672,776,672,966,1436,1003,1283,1279,1330,1227,1327,1135,1385,1327,752,752,1440,1440,1440,1123,1980,1553,1551,1465,1708,1477,1375,1653,1870,913,1219,1673,1404,2096,1719,1679,1436,1679,1633,1329,1401,1707,1561,2307,1656,1499,1412,915,966,915,1440,1440,1024,1220,1322,1088,1358,1171,805,1181,1392,724,709,1294,705,2080,1413,1302,1347,1328,1065,1050,814,1386,1161,1768,1204,1151,1076,1024,794,1024,1440,520,771,1240,1413,1440,1500,794,1154,1024,1929,1130,1250,1440,776,1929,1440,860,1440,1130,1130,1024,1368,1124,692,1024,1130,1130,1250,2194,2194,2194,1123,1553,1553,1553,1553,1553,1553,2191,1465,1477,1477,1477,1477,913,913,913,913,1708,1719,1679,1679,1679,1679,1679,1440,1679,1707,1707,1707,1707,1499,1450,1347,1220,1220,1220,1220,1220,1220,1756,1088,1171,1171,1171,1171,724,724,724,724,1306,1413,1302,1302,1302,1302,1302,1440,1302,1386,1386,1386,1386,1151,1321,1151,2254,1921,1329,1050,1499,1412,1076,1186,1024,1024,1440,1900,550,550,550,1063,1063,1063,987,987,896,1929,2680,811,811,1465,1940
Georgia	2	494,678,843,1317,1249,1674,1455,441,768,768,967,1317,552,766,552,960,1257,880,1144,1130,1157,1082,1159,1017,1221,1159,786,786,1317,1317,1317,980,1902,1374,1339,1315,1534,1338,1227,1485,1669,798,1060,1422,1236,1899,1571,1496,1249,1496,1437,1149,1267,1549,1365,1998,1455,1260,1232,768,960,768,1317,1317,1024,1173,1134,929,1178,966,673,1173,1152,609,596,1081,584,1801,1208,1100,1184,1137,945,883,711,1178,1102,1684,1026,1146,909,881,768,881,1317,494,678,1137,1274,1170,1259,768,1024,1024,1929,1024,1190,1317,766,1929,1221,859,1317,1024,1024,1024,1161,1024,572,1024,1024,1024,1190,2150,2150,2150,980,1374,1374,1374,1374,1374,1374,1988,1315,1338,1338,1338,1338,798,798,798,798,1534,1571,1496,1524,1496,1496,1524,1317,1524,1549,1549,1549,1549,1260,1258,1110,1173,1173,1173,1173,1173,1173,1565,929,966,966,966,966,609,609,609,609,1119,1208,1100,1100,1100,1100,1100,1317,1100,1178,1178,1178,1178,1146,1132,1146,2044,1690,1149,883,1260,1232,909,1063,1024,1024,1317,1755,400,400,400,790,790,790,967,967,804,1653,2514,850,850,1315,1930
Georgia	3	520,771,1044,1440,1312,1801,1637,551,915,915,987,1440,672,776,672,966,1436,1003,1283,1279,1330,1227,1327,1160,1385,1327,752,752,1440,1440,1440,1123,1980,1553,1555,1465,1708,1477,1375,1653,1870,923,1219,1673,1404,2116,1699,1679,1446,1679,1633,1337,1401,1707,1561,2307,1643,1499,1412,915,966,915,1440,1440,1024,1352,1329,1097,1357,1141,780,1330,1383,749,747,1313,726,2052,1413,1302,1357,1331,1093,1059,854,1403,1254,1912,1195,1371,1059,1024,794,1024,1440,520,771,1240,1413,1440,1500,794,1154,1024,1929,1130,1250,1440,776,1929,1440,860,1440,1130,1130,1024,1386,1274,692,1024,1130,1130,1250,2194,2194,2194,1123,1553,1553,1553,1553,1553,1553,2201,1465,1477,1477,1477,1477,913,913,913,923,1708,1699,1679,1679,1679,1679,1679,1440,1679,1707,1707,1707,1707,1499,1450,1343,1352,1352,1352,1352,1352,1352,1754,1097,1141,1141,1141,1141,749,749,749,749,1305,1413,1302,1302,1302,1302,1302,1440,1302,1403,1403,1403,1403,1371,1326,1371,2264,1910,1337,1059,1499,1412,1059,1186,1024,1024,1440,1900,550,550,550,1063,1063,1063,987,987,896,1929,2697,811,811,1465,1940
Gigi	0	430,625,541,1217,891,1040,1788,348,922,922,1042,954,485,913,485,1001,903,731,946,838,1051,848,883,834,780,903,485,485,924,967,924,1028,1157,1804,1427,1245,1630,1001,1556,1255,1548,897,901,1602,1442,1989,1585,1147,1419,1352,1348,1092,1141,1411,1614,1810,1667,1440,1249,922,1001,922,924,1024,702,891,807,834,825,793,840,737,1067,866,584,893,778,1307,1114,801,1014,760,717,782,768,1030,856,1350,788,1190,786,829,623,829,924,430,508,760,1098,1016,965,623,1194,702,1460,891,979,954,913,1460,1024,573,954,688,674,702,1030,897,434,702,614,801,979,1608,1608,1608,1028,1804,1804,1804,1804,1804,1804,2234,1126,1001,1001,1001,1001,897,897,897,897,1630,1878,1147,1147,1147,1147,1147,954,1251,1411,1411,1411,1411,1440,1419,1194,891,891,891,891,891,891,1219,868,772,772,772,772,928,928,928,928,760,1114,801,801,801,801,801,913,801,1030,1030,1030,1030,1190,1014,1190,1718,1251,1092,782,1440,1249,786,1065,702,702,1317,2034,485,485,485,723,723,723,954,954,741,2048,1423,696,696,1245,1712
Gill Sans MT	3	569,532,981,1196,1004,1473,1493,492,705,705,981,1196,532,705,532,575,1087,1087,1087,1087,1087,1087,1087,1087,1087,1087,532,532,1196,1196,1196,662,2005,1280,1300,1409,1536,1194,1004,1516,1622,618,618,1323,1087,1942,1599,1706,1194,1706,1323,1067,1268,1536,1130,1942,1386,1153,1300,768,575,768,1194,1024,682,1130,1110,961,1110,1044,682,1004,1130,532,532,1042,532,1686,1130,1153,1194,1130,748,768,748,1130,938,1493,1087,1004,938,788,575,788,1196,569,532,961,1110,1130,1130,575,1130,682,1516,748,1110,1196,705,1516,1024,811,1196,662,662,682,1260,1130,683,682,662,768,1110,1729,1729,1729,662,1280,1280,1280,1280,1280,1280,2028,1409,1194,1194,1194,1194,618,618,618,618,1536,1599,1706,1706,1706,1706,1706,1196,1706,1536,1536,1536,1536,1153,1194,1130,1130,1130,1130,1130,1130,1130,1409,961,1044,1044,1044,1044,532,532,532,532,1130,1130,1153,1153,1153,1153,1153,1196,1153,1130,1130,1130,1130,1004,1194,1004,2154,1622,1067,768,1153,1300,938,1130,682,682,1024,2048,532,532,532,1004,1004,1004,1087,1044,725,2048,2218,555,555,1178,2048
Gill Sans MT	1	569,555,981,1196,1110,1473,1536,492,788,788,961,1196,555,682,555,575,1130,1130,1130,1130,1130,1130,1130,1130,1130,1130,555,555,1196,1196,1196,768,2005,1599,1430,1579,1642,1300,1237,1665,1706,682,682,1473,1260,1812,1729,1792,1343,1792,1386,1237,1473,1686,1473,2390,1665,1450,1430,897,575,897,1196,1024,682,1087,1194,1024,1194,1130,618,1110,1194,555,555,1130,555,1962,1194,1217,1194,1194,918,874,831,1194,1044,1599,1130,1044,1067,788,575,788,1196,569,555,1024,1067,1130,1130,575,1067,682,1516,725,1217,1196,683,1516,1024,811,1196,682,682,682,1260,1130,683,682,682,811,1217,1835,1835,1835,768,1599,1599,1599,1599,1599,1599,2198,1579,1300,1300,1300,1300,682,682,682,682,1642,1729,1792,1792,1792,1792,1792,1196,1792,1686,1686,1686,1686,1450,1343,1237,1087,1087,1087,1087,1087,1087,1599,1024,1130,1130,1130,1130,555,555,555,555,1260,1194,1217,1217,1217,1217,1217,1196,1217,1194,1194,1194,1194,1044,1194,1044,2241,1792,1237,874,1450,1430,1067,1130,682,682,1024,2048,555,555,555,1153,1153,1153,1044,1044,725,2048,2218,662,662,1284,2048
Gill Sans MT Condensed	0	682,362,727,1368,768,1237,854,391,469,469,725,1366,362,492,362,575,748,748,748,748,748,748,748,748,748,748,362,362,1366,1366,1366,512,2079,725,788,682,854,745,666,854,854,406,426,725,641,938,854,874,768,874,748,575,641,831,662,1237,725,641,598,532,575,532,961,1024,682,682,725,575,725,641,385,682,725,362,342,705,342,1087,725,705,725,725,512,512,469,725,618,918,662,641,575,684,1079,684,1343,682,362,575,748,1366,641,1079,705,682,1511,426,748,1366,618,1511,1024,819,1366,449,449,682,1139,1102,362,682,449,449,748,1237,1237,1237,512,725,725,725,725,725,725,1024,682,745,745,745,745,406,406,406,406,854,854,874,874,874,874,874,1368,874,831,831,831,831,641,768,725,682,682,682,682,682,682,981,575,641,641,641,641,362,362,362,362,655,725,705,705,705,705,705,1368,705,725,725,725,725,641,725,641,1067,1067,575,512,641,598,575,1139,682,682,1024,2048,362,362,362,662,662,662,725,725,717,2048,1450,299,299,748,2048
Gill Sans MT	2	569,512,725,1196,1024,1450,1409,385,598,598,918,1196,406,512,406,575,1067,1067,1067,1067,1067,1067,1067,1067,1067,1067,406,406,1196,1196,1196,725,2068,1067,1044,1130,1343,1044,854,1237,1430,492,492,1153,854,1665,1409,1343,918,1343,1087,938,1044,1300,1044,1898,1366,1004,1194,682,575,682,961,1024,682,961,961,788,961,897,555,874,961,385,385,938,385,1516,961,918,1004,961,641,725,575,961,768,1260,874,768,938,682,532,682,1196,569,512,788,961,1130,1130,532,1004,682,1516,641,897,1196,512,1516,1024,811,1196,662,662,682,1130,1110,683,682,662,618,897,1729,1729,1729,725,1067,1067,1067,1067,1067,1067,1706,1130,1044,1044,1044,1044,492,492,492,492,1343,1409,1343,1343,1343,1343,1343,1196,1343,1300,1300,1300,1300,1004,918,1024,961,961,961,961,961,961,1323,788,897,897,897,897,385,385,385,385,918,961,918,918,918,918,918,1196,918,961,961,961,961,768,1004,768,1985,1473,938,725,1004,1194,938,1130,682,682,1024,2048,406,406,406,831,831,831,981,938,725,2048,2068,469,469,1178,2048
Gill Sans Ultra Bold Condensed	0	682,565,696,928,1059,1493,1307,393,782,782,1001,928,565,580,565,393,1190,1190,1190,1190,1190,1190,1190,1190,1190,1190,565,565,928,928,928,799,1499,1378,1219,1087,1233,1001,1001,1190,1358,668,786,1321,975,1479,1235,1190,1161,1190,1247,1016,973,1204,1176,1710,1348,1264,1145,739,393,739,913,696,465,985,1114,909,1114,973,805,1059,1118,580,696,1087,580,1669,1118,1001,1114,1118,928,856,782,1118,1016,1378,1190,1030,913,539,928,539,913,682,565,913,1044,928,1264,928,1087,465,1030,637,973,928,580,1030,696,551,928,711,711,465,1124,1190,565,465,711,653,973,1493,1493,1493,799,1378,1378,1378,1378,1378,1378,1698,1087,1001,1001,1001,1001,668,668,668,668,1233,1235,1190,1190,1190,1190,1190,928,1190,1204,1204,1204,1204,1264,1161,1104,985,985,985,985,985,985,1409,909,973,973,973,973,580,580,580,580,1008,1118,1001,1001,1001,1001,1001,928,1001,1118,1118,1118,1118,1030,1118,1030,1595,1507,1016,856,1264,1145,913,1233,465,465,1024,2048,565,565,565,1145,1145,1145,813,813,696,2048,2177,508,508,1190,1393
Gill Sans Ultra Bold	0	682,831,1024,1366,1556,2198,1921,575,1153,1153,1473,1366,831,854,831,575,1749,1749,1749,1749,1749,1749,1749,1749,1749,1749,831,831,1366,1366,1366,1174,1516,2028,1792,1599,1812,1473,1409,1749,1985,981,1153,1942,1430,2154,1812,1749,1706,1749,1835,1493,1430,1772,1729,2517,1985,1855,1686,1087,575,1087,1343,1024,682,1450,1622,1343,1642,1430,1153,1556,1642,854,1024,1599,854,2454,1642,1473,1642,1642,1366,1260,1153,1642,1493,2028,1749,1516,1343,788,1366,788,1343,682,831,1343,1536,1366,1855,1366,1599,682,1516,938,1430,1366,854,1516,1024,811,1366,1044,1044,682,1366,1749,831,682,1044,961,1430,2198,2198,2198,1174,2028,2028,2028,2028,2028,2028,2497,1599,1473,1473,1473,1473,981,981,981,981,1812,1812,1749,1749,1749,1749,1749,1366,1749,1772,1772,1772,1772,1855,1706,1622,1450,1450,1450,1450,1450,1450,2068,1343,1430,1430,1430,1430,854,854,854,854,1483,1642,1473,1473,1473,1473,1473,1366,1473,1642,1642,1642,1642,1516,1642,1516,2347,2218,1493,1260,1855,1686,1343,1812,682,682,1024,2048,831,831,831,1686,1686,1686,1194,1194,1024,2048,3201,748,748,1536,2048
Gill Sans MT	0	569,555,725,1196,1110,1384,1280,385,662,662,854,1196,449,662,449,575,1024,1024,1024,1024,1024,1024,1024,1024,1024,1024,449,469,1196,1196,1196,682,2068,1366,1153,1450,1536,1024,961,1516,1493,512,512,1343,1004,1599,1599,1686,1044,1686,1237,938,1237,1450,1237,2134,1450,1237,1323,682,575,682,961,1130,683,874,1024,897,1044,981,512,874,1024,449,449,981,449,1579,1024,1130,1024,1024,811,788,682,1024,897,1473,1024,897,854,682,532,682,1194,569,555,897,1087,1130,1130,532,831,683,1516,575,1004,1196,661,1516,1130,811,1196,662,662,683,1130,1110,683,683,662,748,1004,1729,1729,1729,682,1366,1366,1366,1366,1366,1366,1835,1450,1024,1024,1024,1024,512,512,512,512,1536,1599,1686,1686,1686,1686,1686,1196,1686,1450,1450,1450,1450,1237,1044,1024,874,874,874,874,874,874,1366,897,981,981,981,981,449,449,449,449,1153,1024,1130,1130,1130,1130,1130,1196,1130,1024,1024,1024,1024,897,1024,897,1878,1706,938,788,1237,1323,854,1130,683,683,1024,2048,449,449,449,874,874,918,1004,1004,725,2048,2068,641,641,1249,2048
Gloucester MT Extra Condensed	0	356,384,787,916,789,1238,1002,345,582,580,841,916,354,476,347,605,790,789,789,789,789,789,789,789,789,789,384,390,916,916,916,661,1232,894,846,802,900,763,732,861,887,425,651,886,714,1065,866,927,829,927,852,731,788,856,849,1223,893,841,717,499,605,478,704,512,683,648,698,624,703,644,394,677,699,356,349,720,352,1047,699,703,707,703,542,595,419,693,640,965,649,646,575,605,514,605,916,356,384,619,960,916,841,514,704,683,1530,460,707,916,476,1530,512,541,916,549,549,683,1131,1043,-1,683,549,518,707,1196,1196,1196,662,894,894,894,894,894,882,1224,802,763,763,763,763,425,425,425,425,900,866,927,927,927,927,927,916,917,856,856,856,856,841,829,705,648,648,648,648,648,648,959,624,644,644,644,644,356,356,356,356,703,699,703,703,703,703,703,916,704,693,693,693,693,646,707,646,1260,1021,731,595,841,-1,-1,522,683,683,1024,2048,357,357,351,680,680,680,661,661,717,1536,1787,406,406,790,1491
Gill Sans MT Ext Condensed Bold	0	331,277,512,1024,576,939,704,512,405,405,917,1024,277,448,277,512,661,384,491,469,704,469,640,448,597,640,277,277,1024,1024,1024,341,1643,640,661,533,661,448,448,661,661,320,363,661,427,917,661,661,640,661,683,491,576,661,619,1003,640,640,448,384,512,384,1024,1024,683,576,555,405,576,533,405,555,576,277,320,555,320,853,576,533,555,555,427,384,427,576,512,789,512,512,405,555,533,555,1024,331,277,405,597,1024,640,533,597,683,1707,405,619,1024,448,1707,1024,811,1024,512,512,683,939,896,491,683,512,363,619,1024,1024,1024,341,640,640,640,640,640,640,789,533,448,448,448,448,320,320,320,320,661,661,661,661,661,661,661,1024,661,661,661,661,661,640,640,555,576,576,576,576,576,576,811,405,533,533,533,533,277,277,277,277,533,576,533,533,533,533,533,1024,533,576,576,576,576,512,555,512,789,811,491,384,640,448,405,405,683,704,1024,2048,277,277,277,576,576,576,597,597,683,2048,1429,363,363,662,1365
Century Gothic	0	567,604,633,1475,1135,1587,1550,405,756,756,870,1241,567,680,567,895,1135,1135,1135,1135,1135,1135,1135,1135,1135,1135,567,567,1241,1241,1241,1210,1776,1515,1176,1665,1524,1098,993,1786,1399,463,987,1210,946,1882,1515,1780,1212,1784,1243,1020,872,1341,1438,1966,1247,1212,983,719,1239,719,1376,1024,774,1399,1397,1325,1403,1331,643,1378,1249,410,416,1028,410,1921,1249,1341,1397,1397,616,795,694,1245,1135,1702,983,1098,870,719,1376,719,1241,573,604,1135,1135,1135,1135,1376,1259,756,1530,756,870,1241,680,1530,1024,819,1124,680,705,768,1180,1155,682,664,680,756,870,1702,1702,1702,1210,1515,1515,1515,1515,1515,1515,2032,1665,1098,1098,1098,1098,463,463,463,463,1618,1515,1780,1780,1780,1780,1780,1241,1778,1341,1341,1341,1341,1212,1212,1135,1399,1399,1399,1399,1399,1399,2370,1325,1331,1331,1331,1331,410,410,410,410,1341,1249,1341,1341,1341,1341,1341,1124,1337,1245,1245,1245,1245,1098,1397,1098,2445,2329,1020,795,1212,983,870,1135,1028,899,1024,2048,719,719,725,1028,991,1028,1133,1133,1241,2048,2404,514,514,1135,2048
Century Gothic	1	573,573,737,1229,1147,1761,1393,451,778,778,901,1229,573,860,573,942,1147,1147,1147,1147,1147,1147,1147,1147,1147,1147,573,573,1229,1229,1229,1147,1515,1515,1188,1597,1434,1065,983,1720,1393,573,983,1270,901,1843,1515,1720,1147,1720,1188,1065,860,1311,1434,1843,1393,1270,1024,655,1311,655,1229,1024,860,1352,1352,1311,1352,1311,573,1352,1229,491,532,1188,491,1925,1229,1311,1352,1352,655,901,614,1229,1147,1638,1147,1188,942,696,1229,696,1229,573,573,1147,1147,1229,1147,1229,1147,1024,1515,737,942,1229,860,1515,1024,819,1124,688,688,860,1180,1229,682,696,688,737,942,1720,1720,1720,1147,1515,1515,1515,1515,1515,1515,1843,1597,1065,1065,1065,1065,573,573,573,573,1520,1515,1720,1720,1720,1720,1720,1229,1720,1311,1311,1311,1311,1270,1147,1229,1352,1352,1352,1352,1352,1352,2212,1311,1311,1311,1311,1311,491,491,491,491,1311,1229,1311,1311,1311,1311,1311,1124,1352,1229,1229,1229,1229,1188,1352,1188,2171,2212,1065,901,1270,1024,942,1147,1106,983,1024,2048,573,573,573,983,983,983,1147,1147,1229,2048,2621,491,491,1147,2048
Century Gothic	3	573,573,737,1229,1147,1761,1393,451,778,778,901,1229,573,860,573,942,1147,1147,1147,1147,1147,1147,1147,1147,1147,1147,573,573,1229,1229,1229,1147,1515,1515,1188,1597,1434,1065,983,1720,1393,573,983,1270,901,1843,1515,1720,1147,1720,1188,1065,860,1311,1434,1843,1393,1270,1024,655,1311,655,1229,1024,860,1352,1352,1311,1352,1311,573,1352,1229,491,532,1188,491,1925,1229,1311,1352,1352,655,901,614,1229,1147,1638,1147,1188,942,696,1229,696,1229,573,573,1147,1147,1229,1147,1229,1147,1024,1515,737,942,1229,860,1515,1024,819,1124,688,688,860,1180,1229,682,696,688,737,942,1720,1720,1720,1147,1515,1515,1515,1515,1515,1515,1843,1597,1065,1065,1065,1065,573,573,573,573,1520,1515,1720,1720,1720,1720,1720,1229,1720,1311,1311,1311,1311,1270,1147,1229,1352,1352,1352,1352,1352,1352,2212,1311,1311,1311,1311,1311,491,491,491,491,1311,1229,1311,1311,1311,1311,1311,1124,1352,1229,1229,1229,1229,1188,1352,1188,2171,2212,1065,901,1270,1024,942,1147,1106,983,1024,2048,573,573,573,983,983,983,1147,1147,1229,2048,2621,491,491,1147,2048
Century Gothic	2	567,604,633,1475,1135,1587,1550,405,756,756,870,1241,567,680,567,895,1135,1135,1135,1135,1135,1135,1135,1135,1135,1135,567,567,1241,1241,1241,1210,1776,1515,1176,1665,1524,1098,993,1786,1399,463,987,1210,946,1882,1515,1780,1212,1784,1243,1020,872,1341,1438,1966,1247,1212,983,719,1239,719,1376,1024,774,1399,1397,1325,1403,1331,643,1378,1249,410,416,1028,410,1921,1249,1341,1397,1397,616,795,694,1245,1135,1702,983,1098,870,719,1376,719,1241,573,604,1135,1135,1135,1135,1376,1259,756,1530,756,870,1241,680,1530,1024,819,1124,680,680,768,1180,1155,682,664,680,756,870,1702,1702,1702,1210,1515,1515,1515,1515,1515,1515,2032,1665,1098,1098,1098,1098,463,463,463,463,1618,1515,1780,1780,1780,1780,1780,1241,1778,1341,1341,1341,1341,1212,1212,1135,1399,1399,1399,1399,1399,1399,2370,1325,1331,1331,1331,1331,410,410,410,410,1341,1249,1341,1341,1341,1341,1341,1124,1337,1245,1245,1245,1245,1098,1397,1098,2445,2329,1020,795,1212,983,870,1135,1028,899,1024,2048,719,719,725,1028,991,1028,1133,1133,1241,2048,2404,514,514,1135,2048
Goudy Old Style	0	512,504,616,1024,1005,1721,1737,330,570,570,804,1024,498,394,497,981,1024,1024,1024,1024,1024,1024,1024,1024,1024,1024,497,498,1024,1024,1024,604,1523,1367,1236,1454,1520,1197,1060,1544,1568,672,631,1332,1115,1758,1516,1605,1084,1578,1343,1026,1245,1587,1378,1980,1284,1198,1057,521,1013,521,1024,1024,1024,867,1030,817,1068,859,603,858,1109,540,499,988,520,1609,1127,1033,1048,1060,710,692,618,1078,853,1296,893,801,692,526,1024,526,1365,512,504,878,1010,1024,1039,1024,1024,1024,1557,576,692,1024,394,1557,1024,690,1024,679,679,1024,1024,1081,-1,1024,679,685,692,1639,1639,1639,604,1367,1367,1367,1367,1367,1367,1767,1454,1197,1197,1197,1197,672,672,672,672,1520,1516,1605,1605,1605,1605,1605,1024,1606,1587,1587,1587,1587,1198,1084,1103,867,867,867,867,867,867,1330,817,859,859,859,859,540,540,540,540,1032,1127,1033,1033,1033,1033,1033,1024,1045,1078,1078,1078,1078,801,1021,801,2008,1602,1026,692,1198,-1,-1,1024,1024,1024,1024,1223,491,491,491,827,827,827,1024,1024,1365,1492,2527,450,450,1024,1817
Goudy Old Style	1	512,572,623,1024,1005,1551,1811,336,574,574,765,1024,544,394,544,822,1024,1024,1024,1024,1024,1024,1024,1024,1024,1024,544,544,1024,1024,1024,680,1556,1410,1380,1377,1555,1206,1104,1505,1617,722,681,1503,1157,1810,1555,1586,1261,1577,1414,1006,1317,1636,1410,2019,1487,1253,1096,588,822,588,1024,1024,1024,875,1051,835,1090,873,631,890,1130,566,528,1052,549,1686,1159,1031,1085,1049,783,683,658,1130,880,1354,926,883,756,577,1024,577,1365,512,572,939,1007,1063,1161,1024,1024,1024,1557,594,684,1024,394,1557,1024,683,1024,689,689,1024,1024,1118,-1,1024,689,694,684,1592,1592,1591,680,1410,1410,1410,1410,1410,1410,1962,1377,1206,1206,1206,1206,722,722,722,722,1555,1555,1586,1586,1586,1586,1586,1024,1627,1636,1636,1636,1636,1253,1261,1101,875,875,875,875,875,875,1336,835,873,873,873,873,566,566,566,566,1028,1159,1031,1031,1031,1031,1031,1024,1027,1130,1130,1130,1130,883,1072,883,2229,1581,1006,683,1253,-1,-1,915,1024,1024,1024,1331,510,510,510,951,951,951,1024,1024,1365,1633,2330,414,414,1024,1884
Goudy Old Style	2	512,469,572,1229,1024,1459,1497,313,543,543,1024,1024,462,313,462,1012,1024,1024,1024,1024,1024,1024,1024,1024,1024,1024,497,462,1024,1024,1024,582,1533,1303,1190,1343,1411,1180,1035,1455,1518,649,600,1369,1113,1735,1456,1511,1025,1527,1187,902,1178,1478,1336,1822,1371,1151,1088,512,1013,512,1024,1024,922,925,862,708,884,714,541,723,921,502,470,863,463,1383,961,818,895,894,598,593,574,968,801,1241,757,724,729,526,1024,526,1365,512,469,1024,1024,1024,1024,1024,1024,1024,1584,617,685,1024,313,1584,1024,710,1024,679,679,973,1024,1024,-1,1024,679,549,685,1590,1590,1590,582,1303,1303,1303,1303,1303,1303,1898,1343,1180,1180,1180,1180,649,649,648,648,1381,1456,1511,1511,1511,1511,1511,1024,1512,1478,1478,1478,1478,1151,992,1007,925,925,925,925,925,925,1225,708,714,714,714,714,502,502,502,502,819,961,818,818,818,818,818,1024,819,968,968,968,968,724,918,724,2027,1269,902,594,1151,-1,-1,724,1024,1024,1024,998,458,457,458,778,777,778,1024,1024,1365,1386,2149,444,444,1024,1844
Goudy Stout	0	1024,1118,1036,1929,1689,1397,2720,1036,1599,1599,1453,1690,846,1008,846,1397,1689,1689,1689,1689,1689,1689,1689,1689,1689,1689,846,846,1690,1690,1690,1118,2123,2665,2383,2020,2343,2423,2463,2504,3156,2071,2343,3040,2423,3453,2385,2534,2270,1974,2826,1972,2690,2652,2499,3511,2605,2705,2559,1405,1397,1405,1190,1024,1689,2665,2383,2020,2343,2423,2463,2426,3156,2071,2343,3040,2423,3453,2385,2534,2270,1974,2826,1972,2690,2652,2499,3511,2605,2705,2559,1405,410,1405,1745,1024,1118,1689,2423,1024,2705,451,1024,1689,1530,1746,1690,1690,1008,1530,1689,2048,1690,1396,1396,1689,1180,1735,1325,1689,1396,1854,1690,1396,1396,1396,1118,2665,2665,2665,2665,2665,2665,3117,2020,2423,2423,2423,2423,2071,2071,2071,2071,2343,2385,2534,2534,2534,2534,2534,1690,2534,2652,2652,2652,2652,2705,2270,3770,2665,2665,2665,2665,2665,2665,3117,2020,2423,2423,2423,2423,2071,2071,2071,2071,2343,2385,2534,2534,2534,2534,2534,1690,2534,2652,2652,2652,2652,2705,2270,2705,3133,3133,1972,1972,2705,2559,2559,1325,1689,1689,1485,2048,846,846,846,1497,1497,1540,1325,1325,1453,2048,2067,1690,1690,1690,2048
Harlow Solid Italic	2	512,593,967,956,956,1389,1619,593,747,747,956,956,511,392,511,769,956,956,956,956,956,956,956,956,956,956,511,511,1024,956,1024,848,1496,2138,1748,1180,1871,1605,1667,1542,2114,1204,1511,1611,1541,2180,2035,1350,1668,1462,1886,1367,1528,1748,1712,2404,1578,1839,1414,932,905,822,1024,1024,1024,957,889,779,968,814,688,892,1023,555,601,881,544,1486,1025,848,894,844,836,715,616,985,687,1165,699,878,799,887,1024,887,1365,512,593,956,956,860,956,1024,1161,1024,1493,765,893,1024,392,1493,-1,735,956,617,617,1024,985,956,-1,1024,617,737,893,1599,1599,1599,848,2138,2138,2138,2138,2138,2138,2507,1180,1605,1605,1605,1605,1204,1204,1204,1204,1871,2035,1350,1350,1350,1350,1350,956,1152,1748,1748,1748,1748,1839,1668,1010,957,957,957,957,957,957,1277,779,814,814,814,814,555,555,555,555,848,1025,848,848,848,848,848,956,853,985,985,985,985,878,894,878,1993,1314,1367,715,1839,-1,-1,956,1024,1024,956,1176,436,436,436,750,750,797,1044,1044,1365,1532,1989,594,594,956,1664
Harrington	0	512,438,650,1334,1018,1640,1308,336,566,566,814,800,454,730,454,598,1130,652,992,1028,1138,986,1092,876,1060,1090,454,454,636,800,636,992,1972,1528,1414,1240,1424,1382,1210,1392,1464,540,560,1206,1182,1576,1356,1360,1372,1374,1398,1178,1092,1338,1298,1764,1212,1260,1238,586,598,586,1000,1000,1000,1084,1110,1012,1140,1006,596,1098,1112,560,520,992,560,1530,1124,1174,1146,1124,822,996,596,1152,992,1340,918,1130,968,664,600,664,1000,512,438,1046,1214,1016,946,600,952,1000,1432,976,750,-1,800,1432,1000,600,-1,-1,-1,1000,-1,1276,454,1000,-1,1057,750,-1,-1,-1,992,1528,1528,1528,1528,1528,1528,2486,1240,1382,1382,1382,1382,540,540,540,540,1424,1356,1360,1360,1360,1360,1360,720,1360,1338,1338,1338,1338,1260,1372,1032,1084,1084,1084,1084,1084,1084,1704,1012,1006,1006,1006,1006,560,560,560,560,1174,1124,1174,1174,1174,1174,1174,800,1174,1152,1152,1152,1152,1130,1130,1130,2420,1910,1178,996,1260,1238,968,720,1000,1000,1024,2048,454,454,454,808,808,804,850,850,900,1252,2326,476,476,1092,1680
Haettenschweiler	0	365,344,766,1645,776,709,872,455,506,506,862,764,322,461,315,684,795,500,770,768,903,770,768,770,774,776,317,317,782,782,780,727,1640,901,776,758,782,668,641,758,778,373,743,831,643,1167,870,782,776,784,821,784,717,801,846,1288,932,901,752,322,684,322,961,762,317,739,729,729,729,731,569,729,733,340,365,840,352,1118,729,721,729,729,729,725,618,729,776,1223,801,791,729,633,348,633,1196,365,340,739,836,887,942,371,711,537,834,391,1128,1165,461,834,762,477,784,410,415,317,729,1194,317,1679,336,383,1120,1044,1044,987,733,901,901,901,901,901,901,1159,758,668,668,668,668,373,373,373,373,866,870,782,782,782,782,782,1196,776,801,801,801,801,901,793,881,739,739,739,739,739,739,1090,729,731,731,731,731,340,340,340,340,862,729,721,721,721,721,721,772,731,729,729,729,729,791,754,791,1081,1128,784,725,901,752,729,651,635,727,801,1096,303,289,322,586,586,625,915,915,479,965,1034,637,637,758,971
Microsoft Himalaya	0	343,457,560,686,686,1143,1067,247,457,457,686,774,343,457,343,381,686,686,686,686,686,686,686,686,686,686,381,381,774,774,774,609,1264,991,915,915,991,838,763,991,991,457,534,991,838,1220,991,991,763,991,915,763,838,991,991,1295,991,991,838,457,381,457,644,686,457,609,686,609,686,609,457,686,686,381,381,686,381,1067,686,686,686,686,457,534,381,686,686,991,686,686,609,659,275,659,742,343,457,686,686,686,686,275,686,457,1043,379,686,774,457,1043,686,549,753,411,411,457,791,622,457,457,411,425,686,1029,1029,1029,609,991,991,991,991,991,991,1220,915,838,838,838,838,457,457,457,457,991,991,991,991,991,991,991,774,991,991,991,991,991,991,763,686,609,609,609,609,609,609,915,609,609,609,609,609,381,381,381,381,686,686,686,686,686,686,686,753,686,686,686,686,686,686,686,686,1220,991,763,534,991,838,609,686,457,457,686,1372,457,457,457,609,609,609,686,686,480,1372,1372,457,457,686,1345
High Tower Text	0	508,547,780,1073,834,1638,1622,416,793,793,1044,1083,504,690,504,1008,977,629,838,770,979,795,985,928,979,954,504,504,803,1083,803,795,2007,1567,1313,1530,1647,1266,1155,1640,1763,801,778,1468,1192,1978,1743,1694,1223,1694,1343,1190,1481,1673,1663,2294,1589,1575,1399,840,1008,840,1143,823,979,918,1026,874,1069,891,725,999,1124,598,530,1073,584,1731,1145,1018,1055,1049,766,811,690,1087,1090,1567,1106,1100,967,903,545,903,979,254,547,874,868,1083,999,545,834,979,1624,776,1090,1083,1083,1180,979,815,1083,846,786,979,952,1038,504,979,711,811,1090,2048,2048,2048,795,1567,1567,1567,1567,1567,1567,1942,1530,1266,1266,1266,1266,801,801,801,801,1647,1743,1694,1694,1694,1694,1694,1083,1694,1673,1673,1673,1673,1575,1223,1196,918,918,918,918,918,918,1389,874,891,891,891,891,598,598,598,598,1028,1145,1018,1018,1018,1018,1018,1083,1018,1087,1087,1087,1087,1100,1026,1100,1944,1499,1190,811,1575,1399,967,760,979,979,1012,1815,504,504,504,918,918,918,842,842,868,1542,2316,659,659,936,1753
High Tower Text	2	487,547,780,1073,821,1552,1509,416,793,793,1044,1083,504,690,504,1008,928,598,803,735,930,756,936,852,961,905,504,504,803,1083,803,756,2007,1499,1247,1452,1563,1204,1098,1559,1675,762,737,1399,1135,1880,1632,1608,1161,1608,1276,1128,1405,1589,1579,2179,1516,1495,1329,840,877,840,1143,823,979,913,905,754,934,780,672,903,944,559,524,940,518,1411,961,846,909,864,770,731,629,973,977,1440,918,963,780,903,545,903,979,244,547,831,858,1083,999,545,834,979,1624,770,1090,1083,1083,1180,979,815,1083,846,766,979,952,1038,504,979,711,674,1090,2048,2048,2048,756,1499,1499,1499,1499,1499,1499,1839,1452,1204,1204,1204,1204,762,762,762,762,1563,1632,1608,1608,1608,1608,1608,1083,1608,1589,1589,1589,1589,1495,1161,1114,913,913,913,913,913,913,1217,754,780,780,780,780,559,559,559,559,866,961,846,846,846,846,846,1083,846,973,973,973,973,963,905,963,2066,1278,1128,731,1495,1329,780,760,979,979,1012,1815,504,504,504,918,918,918,842,842,868,1542,2216,659,659,893,1753
Impact	0	361,553,757,1283,1121,1419,1180,379,642,642,575,1092,344,603,378,810,1098,780,1028,1086,1023,1099,1109,802,1095,1109,414,414,1092,1092,1092,1075,1587,1040,1131,1134,1132,851,815,1129,1137,590,678,1099,779,1468,1109,1119,1028,1119,1103,1059,944,1120,1072,1668,988,969,813,578,810,578,990,1131,683,1032,1064,1013,1064,1047,592,1062,1073,561,573,979,561,1579,1071,1047,1063,1061,733,964,624,1070,895,1371,888,918,719,757,555,757,1075,361,553,1059,1096,1123,969,555,991,683,1605,665,760,1092,603,1605,1131,711,1092,651,668,683,965,1180,683,683,501,675,760,1277,1321,1416,1075,1040,1040,1040,1040,1040,1040,1461,1134,851,851,851,851,590,590,590,590,1144,1109,1119,1119,1119,1119,1119,1092,1119,1120,1120,1120,1120,969,1028,1127,1032,1032,1032,1032,1032,1032,1543,1013,1047,1047,1047,1047,561,561,561,561,1047,1071,1047,1047,1047,1047,1047,1092,1047,1070,1070,1070,1070,918,1063,918,1410,1567,1059,964,969,813,719,908,683,683,1024,2048,344,344,344,706,706,706,1112,1113,712,1133,2099,405,405,1087,1603
Imprint MT Shadow	0	512,492,895,1024,1044,1942,1493,492,662,662,961,1167,492,768,492,1087,1044,874,1044,1044,1044,1044,1044,1044,1044,1044,492,492,1167,1167,1167,662,1704,1493,1430,1493,1749,1430,1386,1622,1749,831,854,1642,1430,1898,1642,1665,1409,1665,1579,1237,1493,1665,1516,2134,1642,1493,1366,662,569,662,1190,1024,682,918,1130,918,1130,918,598,1044,1174,555,555,1067,555,1792,1174,1024,1130,1130,768,768,662,1174,1024,1556,1024,1024,918,682,451,682,1065,512,492,918,1044,1024,1493,532,934,682,1323,598,1130,1167,768,1323,1024,819,1124,618,618,682,938,901,-1,682,618,662,1130,1708,1708,1708,662,1493,1493,1493,1493,1493,1493,2134,1493,1430,1430,1430,1430,831,831,831,831,1749,1642,1665,1665,1665,1665,1665,1167,1665,1665,1665,1665,1665,1493,1409,1130,918,918,918,918,918,918,1473,918,918,918,918,918,555,555,555,555,1044,1174,1024,1024,1024,1024,1024,1124,1024,1174,1174,1174,1174,1024,1130,1024,2154,1579,1237,768,1493,-1,-1,1044,682,682,1024,2048,492,492,492,895,895,895,1044,934,618,2048,1679,641,641,1044,1749
Informal Roman	0	686,417,642,1229,1029,1074,1444,394,606,605,805,791,461,695,471,1114,1026,561,1084,1021,1085,1054,1019,887,946,1077,490,460,1188,820,1108,877,1231,1265,1174,1055,1267,1152,993,1173,1294,644,985,1209,1081,1462,1224,1127,1119,1127,1168,1051,1079,1213,1264,1638,1454,1225,1178,687,1114,687,1024,1047,617,813,752,694,876,731,594,859,918,469,415,970,472,1409,944,626,839,890,729,660,596,884,855,1177,999,855,805,703,1024,703,1204,686,500,818,1034,1024,1253,1024,1171,604,1223,501,494,1024,695,1268,1024,816,795,650,612,621,712,1171,377,760,337,394,514,1069,1110,1234,836,1265,1265,1265,1265,1265,1265,1835,1069,1152,1152,1152,1152,644,644,644,644,1267,1224,1127,1127,1127,1127,1127,784,1111,1213,1213,1213,1213,1225,1171,924,813,813,813,813,813,813,1272,722,731,731,731,731,469,469,469,469,625,945,626,626,626,626,626,788,693,884,884,884,884,855,839,855,1754,1186,1051,660,1225,1178,805,1069,616,622,1047,2087,386,430,429,564,605,646,1054,1171,499,2048,1649,339,360,1026,1522
Ink Free	0	588,410,694,1245,1126,2019,1311,434,829,829,733,967,434,696,434,745,1155,901,1407,1423,1430,1133,1194,1202,1419,1278,434,434,991,1012,991,1022,2048,1274,1413,1122,1339,1212,1210,1485,1401,1358,1192,1178,1178,1655,1413,1466,1139,1444,1280,1126,1444,1327,1122,1452,795,995,1225,829,745,829,991,967,942,1083,1040,760,973,950,860,1110,1145,446,446,991,410,1534,942,877,1067,973,848,911,1012,1022,1096,1460,795,870,1083,834,745,834,1176,588,410,760,1155,1122,1126,745,911,942,1921,772,1059,967,696,1921,967,877,967,918,846,942,1071,1413,434,1024,653,621,1059,1548,1577,1737,1022,1274,1274,1274,1274,1274,1274,1884,1122,1212,1212,1212,1212,1358,1358,1358,1358,1413,1413,1534,1534,1534,1534,1534,967,1534,1327,1327,1327,1327,995,997,1047,1083,1083,1083,1083,1083,1083,1606,760,950,950,950,950,446,446,446,446,877,942,877,877,877,877,877,967,877,1022,1022,1022,1022,870,1067,870,2142,1538,1126,911,995,1225,1083,860,1024,1176,1024,2048,473,473,434,801,801,801,1057,1057,973,1303,2740,694,694,1122,1581
Blackadder ITC	0	325,676,664,1439,898,912,1191,341,802,802,790,1002,453,617,453,782,744,513,678,714,808,738,744,774,752,764,481,481,501,1002,501,1034,1622,1728,1728,1588,1692,1540,1231,1682,1790,1002,1299,2139,1447,2404,1722,1620,1411,1945,1782,1463,1123,2047,1750,2163,1981,1578,1780,802,782,802,1002,1002,1002,738,732,648,822,621,636,744,810,487,519,798,487,1107,850,676,904,718,625,646,569,928,754,1032,894,876,850,802,1002,802,1670,162,676,722,1139,796,1079,1002,1203,1002,543,467,702,1002,1002,543,1002,1002,1002,447,471,1002,928,1203,481,1002,339,461,702,1071,988,1197,1034,1728,1728,1728,1728,1728,1728,2384,1588,1540,1540,1540,1540,1002,1002,1002,1002,1692,1722,1620,1620,1620,1620,1620,1002,1620,2047,2047,2047,2047,1578,1411,1061,738,738,738,738,738,738,1044,648,621,621,621,621,487,487,487,487,934,832,676,676,676,676,676,1002,676,928,928,928,928,876,904,876,2612,1203,1463,646,1578,-1,-1,752,1002,1002,784,1662,481,481,481,636,636,636,1002,1002,1002,2005,1315,501,501,1139,585
Edwardian Script ITC	0	362,588,979,979,979,1096,1821,657,899,899,569,1071,457,733,457,1083,979,979,979,979,979,979,979,979,979,979,457,457,1071,1071,1071,893,1393,1860,1903,1632,1735,1722,1352,1503,1767,1307,1153,1804,1554,2003,1784,1624,1575,1438,1894,1448,1202,1845,1534,1892,2056,1907,1337,899,1083,899,1024,1024,1024,705,539,496,705,504,272,686,641,344,309,616,328,1114,801,594,543,592,569,399,338,641,559,868,713,631,571,899,1024,899,1366,362,588,979,979,1040,979,1024,979,1024,1573,705,733,1231,1071,1573,1024,979,1071,651,651,1024,713,1694,473,1024,651,705,733,1367,1332,1349,893,1860,1860,1860,1860,1860,1860,2644,1632,1722,1722,1722,1722,1307,1307,1307,1307,1735,1784,1624,1624,1624,1624,1624,1071,1624,1845,1845,1845,1845,1907,1532,596,705,705,705,705,705,705,901,496,504,504,504,504,344,344,344,344,594,801,594,594,594,594,594,1071,594,641,641,641,641,631,535,631,2392,852,1448,399,1907,-1,-1,979,1024,1024,911,1223,428,428,428,616,616,616,979,979,1370,1368,1497,510,510,979,1587
Kristen ITC	0	614,512,748,1393,952,1597,1229,440,625,553,881,1126,614,594,614,758,1229,942,1024,942,1004,1014,995,1085,1085,1075,614,614,1126,1126,1126,799,2048,1833,1430,1724,1843,1464,1126,1708,1761,813,1260,1673,1487,2183,1792,1827,1436,1790,1499,1278,1499,1757,1485,1952,1509,1391,1868,922,819,881,1229,1024,1024,1126,1247,1233,1321,1145,1004,1079,1290,569,594,1167,549,1669,1223,1257,1214,1311,915,932,963,1321,1094,1620,1198,909,1057,983,1024,1075,1229,614,512,911,1065,1241,983,1024,799,1024,1300,788,1075,1126,1126,1300,1024,758,1126,676,623,1024,1321,1065,778,1024,623,850,1147,1591,1604,1591,860,1833,1833,1833,1833,1833,1833,2177,1724,1464,1464,1464,1464,813,813,813,813,1358,1792,1827,1827,1827,1827,1827,1126,1769,1757,1757,1757,1757,1391,1554,1124,1126,1126,1126,1126,1126,991,1669,1352,1145,1145,1145,1145,776,776,776,776,1079,1223,1257,1257,1257,1257,1257,1126,1403,1321,1321,1321,1321,909,991,909,2540,1843,1278,932,1391,1868,1057,963,1024,1024,1024,2048,410,410,410,821,821,963,1024,1024,860,2048,1782,727,758,1229,1382
Javanese Text	0	530,580,830,1157,1069,1831,1570,480,1005,1005,973,1132,580,765,580,648,1208,760,1143,1102,1174,1131,1190,1032,1180,1165,580,580,1132,1132,1132,944,1900,1415,1385,1381,1516,1369,1271,1497,1589,725,952,1500,1276,1902,1540,1558,1278,1558,1376,1148,1365,1502,1415,2060,1453,1373,1299,970,648,970,1021,914,800,976,1119,943,1134,988,605,1017,1133,585,554,1119,580,1681,1138,1040,1134,1119,781,838,726,1128,1010,1559,970,1016,942,1036,890,1036,1132,530,580,1001,1046,1178,1257,900,1150,800,1841,709,945,1132,765,1230,800,761,1132,808,768,800,1115,1150,580,800,667,746,945,1671,1763,1706,944,1415,1415,1415,1415,1415,1415,2052,1381,1369,1369,1369,1369,725,725,725,725,1526,1540,1538,1538,1538,1538,1538,1132,1558,1502,1502,1502,1502,1373,1288,1144,976,976,976,976,976,976,1473,943,988,988,988,988,585,585,585,585,1055,1138,1040,1040,1040,1040,1040,1132,1040,1128,1128,1128,1128,1016,1119,1016,2188,1632,1148,838,1373,1299,942,1050,800,800,1024,2048,577,577,577,1017,1017,1017,1298,1358,816,1659,2652,635,635,1142,1861
Jokerman	0	510,804,993,1200,998,2070,1488,677,1149,1149,1026,1006,677,1006,677,1358,1422,835,1144,1388,1463,1301,1276,1291,1315,1412,677,677,1039,1006,1039,1179,1674,1629,1393,1534,1465,1242,1115,1539,1368,672,1276,1412,1401,1926,1771,1575,1412,1636,1363,1202,1335,1554,1408,2194,1641,1419,1442,1149,1358,1149,1103,1276,697,1149,1227,1072,1322,1222,707,1220,1350,633,633,1133,684,1636,1237,1271,1251,1254,1059,901,832,1288,1110,1519,1210,1215,1156,1149,857,1149,1103,510,804,1322,1373,1271,1342,857,1225,1100,2154,1149,1291,1475,1006,2154,1103,1271,1006,855,972,697,1288,1412,677,1534,584,1149,1291,1855,1763,2169,1179,1629,1629,1629,1629,1629,1629,2090,1534,1242,1242,1242,1242,672,672,672,672,1465,1771,1575,1575,1575,1575,1575,1106,1575,1536,1536,1536,1554,1419,1412,1414,1149,1149,1149,1149,1149,1149,1963,1072,1222,1222,1222,1222,633,633,633,633,1271,1237,1271,1271,1271,1271,1271,1006,1271,1288,1288,1288,1288,1215,1227,1215,2330,2004,1202,901,1437,1442,1156,1883,1049,1103,1312,2713,677,677,677,1130,1130,1130,1470,1612,1191,2552,2917,867,867,1422,2036
Juice ITC	0	383,401,819,924,674,1192,772,543,489,489,596,1706,326,571,326,545,723,489,643,707,680,696,766,614,698,766,326,326,1141,1706,1141,739,1696,809,653,670,682,680,631,709,752,377,690,700,614,889,774,723,633,723,696,662,635,729,721,891,748,696,700,467,543,467,1141,1006,1024,723,723,594,723,586,627,713,727,457,436,688,371,1040,725,598,723,723,578,584,592,725,643,1065,653,725,641,489,1141,489,1141,766,401,600,717,1073,750,1141,674,1024,555,485,629,1141,571,555,1024,1096,1706,438,436,1024,725,834,326,1024,438,412,629,1079,1079,1079,739,809,809,809,809,809,809,1171,670,680,680,680,680,377,377,377,377,682,774,723,723,723,723,723,1706,723,729,729,729,729,696,633,793,723,723,723,723,723,723,1014,594,586,586,586,586,457,457,457,457,598,725,598,598,598,598,598,1706,598,725,725,725,725,725,723,725,1073,961,662,584,696,700,641,631,1024,1024,571,899,326,340,326,625,625,625,696,696,1522,977,1743,434,434,723,598
Kunstler Script	0	341,464,463,671,840,1075,895,250,650,650,945,819,242,271,399,740,618,524,721,606,649,616,614,563,592,604,427,256,1024,819,1024,633,1049,1595,1932,1592,1848,1426,1460,1986,1614,1139,1002,1607,1569,1688,1615,1440,1510,1434,1825,1295,1372,1568,1395,1812,1405,1408,1371,650,1396,650,1024,1024,1024,595,628,382,609,404,406,624,735,333,336,672,429,1126,784,443,732,623,464,359,408,663,659,993,579,754,610,748,1024,748,1365,341,461,567,1059,1164,797,1024,751,1024,1961,432,836,1024,271,1961,1024,459,819,478,478,1024,683,686,399,1024,478,342,835,1218,1218,1218,631,1595,1595,1595,1595,1595,1595,2614,1592,1426,1426,1426,1426,1139,1139,1139,1139,1848,1615,1440,1440,1440,1440,1440,819,1436,1568,1568,1568,1568,1408,1565,888,595,595,595,595,595,595,737,382,404,404,404,404,333,333,333,333,443,784,443,443,443,443,443,819,443,663,663,663,663,754,732,754,2361,747,1295,359,1408,1371,610,478,1024,1024,819,633,315,315,242,458,458,393,751,751,1365,1198,1485,578,578,703,1842
Wide Latin	0	614,928,1072,2704,2244,2697,2829,541,1497,1497,1113,1024,901,909,901,1504,2534,1843,2360,2290,2525,2313,2407,1979,2509,2461,901,901,1024,1024,1024,1587,1359,2772,2873,2628,3025,2878,2729,2989,3231,1807,2142,3154,2716,3489,2909,2739,2812,2759,3050,2460,2444,2973,2740,3682,2960,2596,2495,988,1504,988,1024,1024,1024,2000,2014,1795,2132,1812,1528,1882,2307,1255,1203,2402,1187,3450,2335,2015,2070,2030,1826,1819,1301,2279,2182,3169,2445,2148,1915,1081,1024,1081,1365,2534,928,1911,2264,1515,2596,1024,1400,1024,1530,945,1609,1024,-1,1530,-1,1024,1024,1499,1455,1024,1024,1397,-1,1024,1178,923,1609,3325,3223,3602,1587,2772,2772,2772,2772,2772,2772,4000,2628,2878,2878,2878,2878,1807,1807,1807,1807,3025,2909,2739,2739,2739,2739,2739,1024,2761,2973,2973,2973,2973,2596,2528,2137,2000,2000,2000,2000,2000,2000,2906,1795,1812,1812,1812,1812,1255,1255,1255,1255,2019,2335,2015,2015,2015,2015,2015,1024,2020,2279,2279,2279,2279,2148,2070,2148,4057,3111,2460,1819,2596,-1,-1,1830,1024,1024,1649,2725,888,888,901,1570,1570,1570,1607,1607,1365,2703,4008,927,927,2533,3760
Lucida Bright	0	623,543,790,1246,1246,1382,1413,493,648,648,962,1246,543,666,543,1049,1246,1246,1246,1246,1246,1246,1246,1246,1246,1246,543,543,1246,1246,1246,984,1789,1524,1248,1424,1573,1160,1123,1499,1580,666,864,1450,1141,1762,1539,1591,1173,1593,1390,1110,1357,1472,1431,1894,1345,1388,1295,648,1049,648,1246,1024,1234,1112,1252,1042,1314,1085,827,1169,1295,629,709,1228,642,1937,1295,1234,1314,1265,901,1032,802,1295,1117,1629,1141,1129,1220,703,493,703,1246,1246,543,1246,1246,1246,1246,493,1246,1234,1752,876,1086,1246,666,1246,-1,531,1246,827,827,1234,1283,1246,-1,1234,827,876,1086,1752,1752,1752,984,1524,1524,1524,1524,1524,1524,1881,1424,1160,1160,1160,1160,666,666,666,666,1573,1539,1591,1591,1591,1591,1591,1246,1591,1472,1472,1472,1472,1388,1173,1258,1112,1112,1112,1112,1112,1112,1697,1042,1085,1085,1085,1085,629,629,629,629,1221,1295,1234,1234,1234,1234,1234,1246,1234,1295,1295,1295,1295,1129,1314,1129,2076,1860,1110,1032,1388,-1,-1,1246,1234,1234,1024,2048,543,543,543,938,938,938,1246,1246,1246,2048,2097,695,695,1245,1851
Lucida Bright	2	623,543,771,1246,1246,1554,1490,473,635,635,938,1246,543,642,543,938,1246,1246,1246,1246,1246,1246,1246,1246,1246,1246,543,543,1246,1246,1246,965,1764,1530,1241,1463,1577,1164,1127,1549,1589,666,864,1430,1171,1771,1560,1604,1185,1613,1405,1125,1357,1489,1344,1798,1278,1357,1295,635,938,635,1246,1024,1147,1246,1221,998,1246,1061,777,1233,1292,592,703,1147,592,1934,1292,1147,1246,1228,962,901,728,1289,1143,1649,1045,1143,1098,691,493,691,1246,1246,543,1246,1246,1246,1246,493,1246,1147,1727,938,1075,1246,642,1246,-1,567,1246,827,827,1147,1357,1246,-1,1147,827,938,1075,1752,1752,1752,965,1530,1530,1530,1530,1530,1530,1857,1463,1164,1164,1164,1164,666,666,666,666,1577,1560,1604,1604,1604,1604,1604,1246,1604,1489,1489,1489,1489,1357,1185,1235,1246,1246,1246,1246,1246,1246,1805,998,1061,1061,1061,1061,592,592,592,592,1152,1292,1147,1147,1147,1147,1147,1246,1147,1289,1289,1289,1289,1143,1246,1143,2059,1827,1125,901,1357,-1,-1,1246,1147,1147,1024,2048,543,543,543,937,937,937,1246,1246,1246,2048,2182,676,676,1245,1851
Lucida Calligraphy	2	680,518,765,1295,1044,1554,1678,469,722,722,1042,1295,580,642,580,1091,1360,888,1164,1097,1337,1109,1271,1137,1221,1271,562,558,1295,1295,1295,1024,1764,1996,1609,1400,1991,1506,1569,1554,2108,925,1088,2028,1371,2373,2109,1604,1567,1520,1796,1189,1464,2000,1826,2373,1571,1676,1370,722,1039,722,1295,1024,1197,1369,1259,1119,1368,1109,837,1258,1360,771,678,1293,695,2097,1456,1193,1360,1271,1153,924,933,1428,1443,1935,1454,1420,1246,722,493,722,1295,1360,518,962,1214,1295,1340,493,1295,1197,1727,987,1172,1295,642,1246,-1,567,1295,827,827,1197,1378,1295,-1,1197,827,987,1172,1752,1752,1752,1024,1996,1996,1996,1996,1996,1996,2364,1400,1506,1506,1506,1506,925,925,925,925,1990,2109,1604,1604,1604,1604,1604,1295,1604,2000,2000,2000,2000,1676,1365,1235,1369,1369,1369,1369,1369,1369,1875,1119,1109,1109,1109,1109,771,771,771,771,1246,1456,1193,1193,1193,1193,1193,1295,1193,1428,1428,1428,1428,1420,1360,1420,2051,1875,1189,924,1676,-1,-1,942,1197,1197,1024,2048,518,518,580,950,950,950,1295,1295,1246,2048,2182,777,777,1128,1851
Leelawadee UI	1	561,670,1010,1213,1178,1776,1740,600,756,756,932,1448,555,828,555,908,1178,1178,1178,1178,1178,1178,1178,1178,1178,1178,555,555,1448,1448,1448,897,1954,1440,1313,1278,1510,1090,1065,1456,1569,649,912,1329,1047,1960,1618,1553,1258,1553,1337,1148,1200,1481,1366,2058,1342,1243,1243,756,893,756,1448,850,643,1102,1270,983,1268,1108,785,1268,1233,582,582,1145,582,1876,1239,1252,1270,1268,815,901,797,1239,1110,1633,1131,1102,981,756,668,756,1448,565,670,1178,1178,1139,1178,668,994,946,1790,840,1190,1448,828,1790,850,778,1448,828,828,621,1255,1043,555,441,807,934,1190,1950,1977,2005,897,1440,1440,1440,1440,1440,1440,1915,1278,1090,1090,1090,1090,649,649,649,649,1510,1618,1553,1553,1553,1553,1553,1448,1553,1481,1481,1481,1481,1243,1258,1286,1102,1102,1102,1102,1102,1102,1696,983,1108,1108,1108,1108,582,657,582,582,1215,1239,1252,1252,1252,1252,1252,1448,1252,1239,1239,1239,1239,1102,1270,1102,1925,1893,1148,901,1243,1243,981,1178,785,785,1024,2048,594,594,594,1010,1010,1010,832,832,865,1868,2573,705,705,1178,1579
Leelawadee	0	561,582,803,1210,1104,1676,1639,471,618,618,854,1401,444,819,444,798,1104,1104,1104,1104,1104,1104,1104,1104,1104,1104,444,444,1401,1401,1401,918,1956,1321,1174,1268,1436,1036,1000,1405,1454,545,731,1188,964,1678,1532,1544,1147,1544,1225,1088,1073,1407,1272,1913,1208,1132,1168,618,776,618,1401,850,549,1042,1204,946,1206,1071,641,1206,1159,519,496,1018,519,1764,1159,1200,1204,1206,712,869,694,1159,981,1480,940,991,926,618,490,618,1401,561,582,1104,1104,1138,1104,490,918,848,1823,803,1036,1401,819,1823,850,772,1401,750,750,578,1182,938,444,420,719,882,1036,1856,1906,1950,918,1321,1321,1321,1321,1321,1321,1762,1268,1036,1036,1036,1036,545,545,545,545,1436,1532,1544,1544,1544,1544,1544,1401,1544,1407,1407,1407,1407,1132,1147,1114,1042,1042,1042,1042,1042,1042,1704,946,1071,1071,1071,1071,519,519,519,519,1145,1159,1200,1200,1200,1200,1200,1401,1200,1159,1159,1159,1159,991,1204,991,1906,1900,1088,869,1132,1168,926,1104,760,690,1024,2048,469,469,469,772,772,772,768,768,832,1501,2478,647,647,1105,1583
Leelawadee	1	561,670,1010,1213,1178,1776,1740,600,756,756,932,1448,555,828,555,908,1178,1178,1178,1178,1178,1178,1178,1178,1178,1178,555,555,1448,1448,1448,897,1954,1440,1313,1278,1510,1090,1065,1456,1569,649,912,1329,1047,1785,1618,1553,1258,1553,1337,1148,1200,1481,1366,2058,1342,1243,1243,756,893,756,1448,850,643,1102,1270,983,1268,1108,785,1268,1233,657,582,1145,657,1876,1239,1252,1270,1268,815,901,797,1239,1110,1633,1131,1102,981,756,668,756,1448,565,670,1178,1178,1139,1178,668,994,946,1790,840,1190,1448,828,1790,850,778,1448,828,828,621,1255,1043,555,441,807,934,1190,1950,1977,2005,897,1440,1440,1440,1440,1440,1440,1915,1278,1090,1090,1090,1090,649,649,649,649,1510,1618,1553,1553,1553,1553,1553,1448,1553,1481,1481,1481,1481,1243,1258,1286,1102,1102,1102,1102,1102,1102,1696,983,1108,1108,1108,1108,657,657,657,657,1215,1239,1252,1252,1252,1252,1252,1448,1252,1239,1239,1239,1239,1102,1270,1102,1925,1893,1148,901,1243,1243,981,1178,785,785,1024,2048,594,594,594,1010,1010,1010,832,832,865,1868,2573,705,705,1178,1579
Leelawadee UI	0	561,582,803,1210,1104,1676,1639,471,618,618,854,1401,444,819,444,798,1104,1104,1104,1104,1104,1104,1104,1104,1104,1104,444,444,1401,1401,1401,918,1956,1321,1174,1268,1436,1036,1000,1405,1454,545,731,1188,964,1839,1532,1544,1147,1544,1225,1088,1073,1407,1272,1913,1208,1132,1168,618,776,618,1401,850,549,1042,1204,946,1206,1071,641,1206,1159,496,496,1018,496,1764,1159,1200,1204,1206,712,869,694,1159,981,1480,940,991,926,618,490,618,1401,561,582,1104,1104,1138,1104,490,918,848,1823,803,1036,1401,819,1823,850,772,1401,750,750,578,1182,938,444,420,719,882,1036,1856,1906,1950,918,1321,1321,1321,1321,1321,1321,1762,1268,1036,1036,1036,1036,545,545,545,545,1436,1532,1544,1544,1544,1544,1544,1401,1544,1407,1407,1407,1407,1132,1147,1114,1042,1042,1042,1042,1042,1042,1704,946,1071,1071,1071,1071,496,496,496,496,1145,1159,1200,1200,1200,1200,1200,1401,1200,1159,1159,1159,1159,991,1204,991,1906,1900,1088,869,1132,1168,926,1104,760,690,1024,2048,469,469,469,772,772,772,768,768,832,1501,2478,647,647,1105,1583
Leelawadee UI Semilight	0	561,582,744,1223,1079,1641,1436,454,598,598,842,1366,449,817,449,774,1079,768,1079,1079,1124,1079,1079,1034,1079,1079,449,449,1366,1366,1366,899,1944,1303,1144,1270,1408,1030,976,1386,1420,506,697,1133,951,1772,1492,1551,1130,1551,1181,1053,1060,1367,1254,1873,1180,1119,1167,598,763,598,1366,850,528,1026,1175,927,1176,1052,603,1176,1127,458,458,963,458,1723,1127,1174,1175,1176,694,832,651,1128,954,1433,902,959,938,598,476,598,1366,561,582,1079,1079,1138,1079,476,918,832,1813,774,994,1366,817,1813,850,781,1366,712,712,543,1149,954,449,416,712,846,994,1513,1647,1513,899,1303,1303,1303,1303,1303,1304,1734,1270,1030,1030,1030,1030,506,506,506,506,1408,1492,1551,1551,1551,1551,1551,1366,1551,1367,1367,1367,1367,1119,1130,1087,1026,1026,1026,1026,1026,1026,1711,927,1052,1052,1052,1052,458,458,458,458,1117,1127,1174,1174,1174,1174,1174,1366,1174,1128,1128,1128,1128,959,1175,959,1920,1893,1053,832,1119,1167,938,1079,763,669,1024,2048,453,453,453,729,729,729,762,762,821,1432,2451,641,641,1080,1584
Lucida Fax	0	648,592,789,1295,1295,1431,1462,493,697,697,1011,1295,647,715,647,1086,1295,1295,1295,1295,1295,1295,1295,1295,1295,1295,647,647,1295,1295,1295,1033,1795,1459,1264,1450,1591,1178,1153,1524,1604,703,876,1415,1172,1789,1563,1616,1190,1616,1382,1135,1406,1493,1419,1892,1311,1346,1320,697,1086,697,1295,1024,1283,1149,1314,1116,1363,1153,863,1231,1344,691,746,1243,691,1986,1345,1283,1363,1314,925,1081,826,1344,1234,1693,1177,1242,1264,697,543,697,1295,1295,592,1295,1295,1295,1295,543,1295,1283,1860,876,1135,1295,715,1384,-1,691,1295,876,876,1283,1344,1295,-1,1283,876,876,1135,1795,1795,1795,1033,1459,1459,1459,1459,1459,1459,1885,1450,1178,1178,1178,1178,703,703,703,703,1603,1563,1616,1616,1616,1616,1616,1295,1616,1493,1493,1493,1493,1346,1190,1307,1149,1149,1149,1149,1149,1149,1714,1116,1153,1153,1153,1153,691,691,691,691,1268,1345,1283,1283,1283,1283,1283,1295,1283,1344,1344,1344,1344,1242,1363,1242,2079,1920,1135,1081,1346,-1,-1,1295,1283,1283,1024,2048,647,647,647,992,992,992,1295,1295,1295,2048,2146,740,740,1294,1896
Lucida Fax	2	648,592,765,1295,1295,1431,1491,469,685,685,987,1295,647,691,647,987,1295,1295,1295,1295,1295,1295,1295,1295,1295,1295,647,647,1295,1295,1295,1014,1781,1397,1233,1464,1567,1197,1119,1550,1579,678,851,1379,1160,1764,1554,1604,1176,1604,1368,1118,1295,1480,1390,1843,1318,1241,1345,685,987,685,1295,1024,1197,1295,1295,1047,1295,1110,826,1277,1341,650,752,1221,651,1983,1341,1197,1295,1271,1011,950,777,1342,1190,1691,1091,1190,1264,685,518,684,1295,1295,592,1295,1295,1295,1295,518,1295,1196,1783,876,1116,1295,691,1295,-1,573,1295,876,876,1197,1341,1295,-1,1197,876,876,1116,1826,1826,1826,1014,1397,1397,1397,1397,1397,1397,1892,1464,1197,1197,1197,1197,678,678,678,678,1567,1554,1604,1604,1604,1604,1604,1295,1604,1480,1480,1480,1480,1241,1176,1230,1295,1295,1295,1295,1295,1295,1848,1047,1110,1110,1110,1110,650,650,650,650,1170,1341,1197,1197,1197,1197,1197,1295,1197,1342,1342,1342,1342,1190,1295,1190,2090,1872,1118,950,1241,-1,-1,1295,1197,1197,1024,2048,647,647,647,992,992,992,1295,1295,1295,2048,2147,715,715,1296,1844
Lucida Handwriting	2	691,786,831,1382,1382,1703,1769,532,1329,1095,993,1382,714,985,673,934,1382,1382,1382,1382,1382,1382,1382,1382,1382,1382,673,714,1382,1382,1382,1135,1906,1560,1544,1450,1773,1270,1255,1469,1771,1117,1105,1512,1252,1918,1667,1770,1406,1766,1640,1147,1359,1743,1372,1942,1402,1196,1313,1113,1012,1113,1382,1024,1382,1621,1346,1170,1615,1198,740,1462,1535,908,584,1328,832,2201,1652,1373,1252,1302,1108,879,900,1599,1156,1715,1317,1178,1273,1147,617,871,1382,1382,786,1382,1382,1382,1382,617,1382,1382,1795,1332,1592,1382,973,1382,-1,605,1382,839,839,1382,1646,1382,-1,1382,839,1332,1592,2011,2011,2011,1135,1560,1560,1560,1560,1560,1560,1927,1450,1270,1270,1270,1270,1117,1117,1117,1117,1777,1667,1770,1770,1770,1770,1770,1382,1764,1743,1743,1743,1743,1196,1406,1271,1621,1621,1621,1621,1621,1621,1985,1170,1198,1198,1198,1198,908,908,908,908,1367,1652,1373,1373,1373,1373,1373,1382,1373,1599,1599,1599,1599,1178,1252,1178,2152,1944,1147,879,1196,-1,-1,1382,1382,1382,1024,2048,584,584,714,1044,1044,1173,1382,1382,1382,2048,2370,1036,1036,1382,1949
Lucida Sans	0	648,648,765,1295,1295,1369,1428,469,666,666,987,1295,648,666,648,1012,1295,1295,1295,1295,1295,1295,1295,1295,1295,1295,648,648,1295,1295,1295,864,1758,1413,1178,1417,1534,1110,1098,1480,1505,590,637,1337,1092,1764,1513,1591,1132,1591,1295,1103,1295,1419,1339,1752,1282,1276,1238,666,1012,666,1295,1024,1258,1131,1289,1049,1289,1141,753,1277,1271,592,623,1197,592,1912,1271,1258,1289,1289,838,1044,766,1271,1060,1578,1256,1070,1174,666,543,666,1295,648,648,1295,1295,1296,1295,543,1295,1258,1752,864,1073,1295,666,1295,-1,567,1295,864,864,1258,1283,1295,-1,1258,864,864,1073,1641,1641,1789,864,1413,1413,1413,1413,1413,1413,1857,1417,1110,1110,1110,1110,590,590,590,590,1534,1513,1591,1591,1591,1591,1591,1295,1591,1419,1419,1419,1419,1276,1132,1225,1131,1131,1131,1131,1131,1131,1743,1049,1141,1141,1141,1141,592,592,592,592,1234,1271,1258,1258,1258,1258,1258,1295,1258,1271,1271,1271,1271,1070,1289,1070,2048,1901,1103,1044,1276,-1,-1,1295,1258,1258,1024,2048,648,648,648,765,765,765,1295,1295,1295,2048,2073,679,679,1296,1653
Lucida Sans	2	648,648,740,1295,1295,1517,1437,444,666,666,962,1295,648,642,648,987,1295,1295,1295,1295,1295,1295,1295,1295,1295,1295,648,648,1295,1295,1295,950,1758,1406,1215,1391,1521,1121,1098,1438,1505,592,835,1301,1117,1696,1517,1591,1178,1591,1295,1133,1277,1419,1406,1814,1271,1246,1184,666,987,666,1295,1024,1160,1246,1246,1031,1246,1084,783,1246,1271,592,666,1178,592,1912,1271,1160,1246,1246,978,1001,784,1271,1109,1600,1113,1126,1098,666,476,666,1295,1295,648,1295,1295,1295,1295,476,1295,1160,1758,802,1080,1295,642,1295,-1,555,1295,802,802,1160,1283,1295,-1,1160,802,802,1080,1770,1770,1770,950,1406,1406,1406,1406,1406,1406,1828,1391,1121,1121,1121,1121,592,592,592,592,1521,1517,1591,1591,1591,1591,1591,1295,1591,1419,1419,1419,1419,1246,1178,1219,1246,1246,1246,1246,1246,1246,1830,1031,1084,1084,1084,1084,592,592,592,592,1138,1271,1160,1160,1160,1160,1160,1295,1160,1271,1271,1271,1271,1126,1246,1126,2058,1842,1133,1001,1246,-1,-1,1295,1160,1160,1024,2048,648,648,648,740,740,740,1295,1295,1295,2048,2103,672,672,1296,1641
Lucida Sans Typewriter	0	1234,1234,1234,1234,1234,1234,1234,1234,1234,1234,1234,1234,1234,1234,1234,1234,1234,1234,1234,1234,1234,1234,1234,1234,1234,1234,1234,1234,1234,1234,1234,1234,1234,1234,1234,1234,1234,1234,1234,1234,1234,1234,1234,1234,1234,1234,1234,1234,1234,1234,1234,1234,1234,1234,1234,1234,1234,1234,1234,1234,1234,1234,1234,1234,1234,1234,1234,1234,1234,1234,1234,1234,1234,1234,1234,1234,1234,1234,1234,1234,1234,1234,1234,1234,1234,1234,1234,1234,1234,1234,1234,1234,1234,1234,1234,1234,1234,1234,1234,1234,1234,1234,1234,1234,1234,1234,1234,1234,1234,1234,-1,1234,1234,1234,1234,1234,1234,1234,-1,1234,1234,1234,1234,1234,1234,1234,1234,1234,1234,1234,1234,1234,1234,1234,1234,1234,1234,1234,1234,1234,1234,1234,1234,1234,1234,1234,1234,1234,1234,1234,1234,1234,1234,1234,1234,1234,1234,1234,1234,1234,1234,1234,1234,1234,1234,1234,1234,1234,1234,1234,1234,1234,1234,1234,1234,1234,1234,1234,1234,1234,1234,1234,1234,1234,1234,1234,1234,1234,1234,1234,1234,1234,1234,1234,1234,1234,-1,-1,1234,1234,1234,1234,1234,1234,1234,1234,1234,1234,1234,1234,1234,1234,1234,1234,1234,1234,1234,1234
Lucida Sans Typewriter	1	1234,1234,1234,1234,1234,1234,1234,1234,1234,1234,1234,1234,1234,1234,1234,1234,1234,1234,1234,1234,1234,1234,1234,1234,1234,1234,1234,1234,1234,1234,1234,1234,1234,1234,1234,1234,1234,1234,1234,1234,1234,1234,1234,1234,1234,1234,1234,1234,1234,1234,1234,1234,1234,1234,1234,1234,1234,1234,1234,1234,1234,1234,1234,1234,1234,1234,1234,1234,1234,1234,1234,1234,1234,1234,1234,1234,1234,1234,1234,1234,1234,1234,1234,1234,1234,1234,1234,1234,1234,1234,1234,1234,1234,1234,1234,1234,1234,1234,1234,1234,1234,1234,1234,1234,1234,1234,1234,1234,1234,1234,-1,1234,1234,1234,1234,1234,1234,1234,-1,1234,1234,1234,1234,1234,1234,1234,1234,1234,1234,1234,1234,1234,1234,1234,1234,1234,1234,1234,1234,1234,1234,1234,1234,1234,1234,1234,1234,1234,1234,1234,1234,1234,1234,1234,1234,1234,1234,1234,1234,1234,1234,1234,1234,1234,1234,1234,1234,1234,1234,1234,1234,1234,1234,1234,1234,1234,1234,1234,1234,1234,1234,1234,1234,1234,1234,1234,1234,1234,1234,1234,1234,1234,1234,1234,1234,1234,-1,-1,1234,1234,1234,1234,1234,1234,1234,1234,1234,1234,1234,1234,1234,1234,1234,1234,1234,1234,1234,1234
Lucida Sans Typewriter	3	1234,1234,1234,1234,1234,1234,1234,1234,1234,1234,1234,1234,1234,1234,1234,1234,1234,1234,1234,1234,1234,1234,1234,1234,1234,1234,1234,1234,1234,1234,1234,1234,1234,1234,1234,1234,1234,1234,1234,1234,1234,1234,1234,1234,1234,1234,1234,1234,1234,1234,1234,1234,1234,1234,1234,1234,1234,1234,1234,1234,1234,1234,1234,1234,1234,1234,1234,1234,1234,1234,1234,1234,1234,1234,1234,1234,1234,1234,1234,1234,1234,1234,1234,1234,1234,1234,1234,1234,1234,1234,1234,1234,1234,1234,1234,1234,1234,1234,1234,1234,1234,1234,1234,1234,1234,1234,1234,1234,1234,1234,-1,1234,1234,1234,1234,1234,1234,1234,-1,1234,1234,1234,1234,1234,1234,1234,1234,1234,1234,1234,1234,1234,1234,1234,1234,1234,1234,1234,1234,1234,1234,1234,1234,1234,1234,1234,1234,1234,1234,1234,1234,1234,1234,1234,1234,1234,1234,1234,1234,1234,1234,1234,1234,1234,1234,1234,1234,1234,1234,1234,1234,1234,1234,1234,1234,1234,1234,1234,1234,1234,1234,1234,1234,1234,1234,1234,1234,1234,1234,1234,1234,1234,1234,1234,1234,1234,-1,-1,1234,1234,1234,1234,1234,1234,1234,1234,1234,1234,1234,1234,1234,1234,1234,1234,1234,1234,1234,1234
Lucida Sans Typewriter	2	1234,1234,1234,1234,1234,1234,1234,1234,1234,1234,1234,1234,1234,1234,1234,1234,1234,1234,1234,1234,1234,1234,1234,1234,1234,1234,1234,1234,1234,1234,1234,1234,1234,1234,1234,1234,1234,1234,1234,1234,1234,1234,1234,1234,1234,1234,1234,1234,1234,1234,1234,1234,1234,1234,1234,1234,1234,1234,1234,1234,1234,1234,1234,1234,1234,1234,1234,1234,1234,1234,1234,1234,1234,1234,1234,1234,1234,1234,1234,1234,1234,1234,1234,1234,1234,1234,1234,1234,1234,1234,1234,1234,1234,1234,1234,1234,1234,1234,1234,1234,1234,1234,1234,1234,1234,1234,1234,1234,1234,1234,1234,1234,1234,1234,1234,1234,1234,1234,1234,1234,1234,1234,1234,1234,1234,1234,1234,1234,1234,1234,1234,1234,1234,1234,1234,1234,1234,1234,1234,1234,1234,1234,1234,1234,1234,1234,1234,1234,1234,1234,1234,1234,1234,1234,1234,1234,1234,1234,1234,1234,1234,1234,1234,1234,1234,1234,1234,1234,1234,1234,1234,1234,1234,1234,1234,1234,1234,1234,1234,1234,1234,1234,1234,1234,1234,1234,1234,1234,1234,1234,1234,1234,1234,1234,1234,1234,-1,-1,1234,1234,1234,1234,1234,1234,1234,1234,1234,1234,1234,1234,1234,1234,1234,1234,1234,1234,1234,1234
Lucida Console	0	1234,1234,1234,1234,1234,1234,1234,1234,1234,1234,1234,1234,1234,1234,1234,1234,1234,1234,1234,1234,1234,1234,1234,1234,1234,1234,1234,1234,1234,1234,1234,1234,1234,1234,1234,1234,1234,1234,1234,1234,1234,1234,1234,1234,1234,1234,1234,1234,1234,1234,1234,1234,1234,1234,1234,1234,1234,1234,1234,1234,1234,1234,1234,1234,1234,1234,1234,1234,1234,1234,1234,1234,1234,1234,1234,1234,1234,1234,1234,1234,1234,1234,1234,1234,1234,1234,1234,1234,1234,1234,1234,1234,1234,1234,1234,1234,1234,1234,1234,1234,1234,1234,1234,1234,1234,1234,1234,1234,1234,1234,1234,1234,1234,1234,1234,1234,1234,1234,1234,1234,1234,1234,1234,1234,1234,1234,1234,1234,1234,1234,1234,1234,1234,1234,1234,1234,1234,1234,1234,1234,1234,1234,1234,1234,1234,1234,1234,1234,1234,1234,1234,1234,1234,1234,1234,1234,1234,1234,1234,1234,1234,1234,1234,1234,1234,1234,1234,1234,1234,1234,1234,1234,1234,1234,1234,1234,1234,1234,1234,1234,1234,1234,1234,1234,1234,1234,1234,1234,1234,1234,1234,1234,1234,1234,1234,1234,1234,1234,1234,1234,1234,1234,1234,1234,1234,1234,1234,1234,1234,1234,1234,1234,1234,1234,1234,1234,1235,1234
Lucida Sans Unicode	0	648,648,765,1295,1295,1369,1428,469,666,666,987,1628,648,1185,648,1074,1295,1295,1295,1295,1295,1295,1295,1295,1295,1295,648,648,1628,1628,1628,864,1758,1413,1178,1417,1534,1110,1098,1480,1505,590,637,1337,1092,1764,1513,1591,1132,1591,1295,1103,1295,1419,1339,1752,1282,1276,1238,666,1074,666,1295,1024,1258,1131,1289,1049,1289,1141,753,1277,1271,592,623,1197,592,1912,1271,1258,1289,1289,838,1044,766,1271,1060,1578,1256,1070,1174,666,765,666,1295,648,648,1295,1295,1296,1295,761,1295,1258,1752,864,1073,1628,666,1295,1024,567,1628,864,864,1258,1283,1295,1295,1258,864,864,1073,1641,1641,1641,864,1413,1413,1413,1413,1413,1413,1857,1417,1110,1110,1110,1110,590,590,590,590,1534,1513,1591,1591,1591,1591,1591,1628,1591,1419,1419,1419,1419,1276,1132,1225,1131,1131,1131,1131,1131,1131,1743,1049,1141,1141,1141,1141,592,592,592,592,1234,1271,1258,1258,1258,1258,1258,1628,1258,1271,1271,1271,1271,1070,1289,1070,2048,1901,1103,1043,1276,1239,1175,800,1258,1258,1024,2048,648,648,648,765,765,765,1295,1295,1295,2048,2073,679,679,1294,1653
Magneto	1	782,920,963,1368,1589,1192,1585,492,778,778,967,1229,561,1042,623,999,1581,954,1468,1421,1577,1399,1481,1247,1481,1348,778,778,1229,1229,1229,1141,1798,2257,1686,1546,1780,1587,1679,1765,2251,1473,1470,1671,2109,2312,1954,1815,1640,1649,1761,1972,1518,1634,1384,2030,1841,1726,1597,754,569,754,1434,1384,1024,1290,1198,1237,1333,1251,1051,1286,1368,762,858,1376,766,1958,1358,1190,1311,1290,1171,1206,889,1323,1044,1696,997,1327,1059,993,365,993,1231,391,920,1237,1952,1221,1905,365,1507,1024,915,1290,1100,942,1229,915,1024,1024,838,1116,1087,1024,784,1298,494,1024,731,1190,1100,2313,2231,2749,1141,2257,2257,2257,2257,2257,2257,2920,1546,1587,1587,1587,1587,1473,1473,1473,1473,1647,1954,1815,1815,1815,1815,1815,1229,1745,1634,1634,1634,1634,1726,1640,1399,1290,1290,1290,1290,1290,1290,1831,1237,1251,1251,1251,1251,762,762,762,762,1262,1358,1190,1190,1190,1190,1190,1229,1190,1323,1323,1323,1323,1327,1311,1327,2757,1823,1972,1206,1726,1597,1059,1468,1024,1024,1548,2183,485,485,485,776,776,776,1159,1159,696,1960,1640,682,682,1546,1423
Maiandra GD	0	602,616,678,1139,1165,2034,1436,369,721,721,1024,1378,584,631,584,758,1204,815,1165,1165,1165,1165,1165,1165,1165,1165,631,631,1706,1706,1706,811,2048,1364,1204,1346,1493,1051,1075,1503,1626,602,807,1276,954,1948,1642,1716,1118,1716,1309,883,1223,1540,1346,2066,1346,1219,1184,721,758,721,2048,1024,1024,1020,1143,868,1186,1006,635,1028,1128,516,541,1028,530,1743,1151,1229,1190,1161,739,702,678,1118,1104,1683,1038,1069,920,721,1024,721,1706,1204,616,1165,1165,1204,1260,1024,1024,1024,1683,649,758,1706,631,1683,1024,674,1706,768,768,1024,1151,1268,584,1024,768,774,758,1796,1796,1796,811,1364,1364,1364,1364,1364,1364,1720,1346,1051,1051,1051,1051,602,602,602,602,1505,1642,1716,1716,1716,1716,1716,1378,1716,1540,1540,1540,1540,1219,1118,1014,1020,1020,1020,1020,1020,1020,1577,868,1006,1006,1006,1006,516,516,516,516,1229,1151,1229,1229,1229,1229,1229,1706,1229,1118,1118,1118,1118,1069,1190,1069,2257,1835,883,702,1219,1184,920,1165,1024,1024,1024,2048,584,584,584,991,991,991,1024,1024,1208,2048,2902,422,422,1204,1444
Malgun Gothic	0	720,592,809,1242,1128,1713,1675,475,624,624,870,1435,448,840,448,811,1128,1128,1128,1128,1128,1128,1128,1128,1128,1128,448,448,1435,1435,1435,942,2006,1348,1195,1300,1469,1059,1021,1437,1484,553,737,1209,983,1878,1567,1584,1169,1584,1249,1112,1093,1439,1299,1953,1231,1154,1193,624,1564,624,1435,872,557,1065,1230,968,1233,1096,648,1233,1185,504,504,1036,504,1802,1184,1227,1230,1233,724,887,706,1184,998,1508,952,1009,946,624,490,624,1435,720,592,1128,1128,1168,1128,490,937,864,1872,821,1053,1435,840,1872,901,792,1435,764,764,590,1208,956,448,430,732,902,1053,1876,1950,1945,942,1348,1348,1348,1348,1348,1348,1797,1300,1059,1059,1059,1059,553,553,553,553,1469,1567,1584,1584,1584,1584,1584,1435,1584,1439,1439,1439,1439,1154,1169,1131,1065,1065,1065,1065,1065,1065,1748,968,1096,1096,1096,1096,504,504,504,504,1170,1184,1227,1227,1227,1227,1227,1435,1227,1184,1184,1184,1184,1009,1230,1009,1954,1950,1112,887,1154,1193,946,1128,778,701,1051,2101,473,473,473,776,776,776,783,783,855,1515,2536,660,660,1129,1625
Malgun Gothic	1	720,662,975,1245,1187,1793,1755,577,733,733,934,1473,536,847,536,899,1187,1187,1187,1187,1187,1187,1187,1187,1187,1187,536,536,1473,1473,1473,926,2005,1441,1305,1308,1527,1103,1074,1479,1576,635,882,1321,1049,1975,1634,1590,1259,1590,1339,1159,1193,1497,1374,2068,1338,1242,1252,733,1564,733,1473,872,632,1112,1283,998,1282,1126,763,1282,1243,562,572,1137,562,1891,1246,1269,1283,1282,806,946,787,1246,1099,1629,1103,1097,990,733,632,733,1473,720,662,1187,1187,1169,1187,632,997,941,1847,850,1174,1473,841,1847,872,796,1473,827,827,625,1266,1038,536,446,802,943,1174,1973,2006,2026,926,1441,1441,1441,1441,1441,1441,1919,1308,1103,1103,1103,1103,635,635,635,635,1527,1634,1590,1590,1590,1590,1590,1473,1590,1497,1497,1497,1497,1242,1259,1268,1112,1112,1112,1112,1112,1112,1743,998,1126,1126,1126,1126,562,562,562,562,1226,1246,1269,1269,1269,1269,1269,1473,1269,1246,1246,1246,1246,1097,1283,1097,1969,1944,1159,946,1242,1252,990,1187,798,777,1051,2101,572,572,572,966,966,966,835,835,855,1807,2612,707,707,1187,1622
Malgun Gothic Semilight	0	576,597,748,1258,1101,1674,1471,462,608,608,861,1392,462,837,462,788,1101,778,1101,1101,1144,1101,1101,1058,1101,1101,462,462,1392,1392,1392,917,1991,1333,1166,1303,1437,1055,995,1417,1448,506,707,1148,973,1801,1521,1593,1155,1593,1200,1071,1084,1392,1282,1911,1203,1145,1197,608,1564,608,1392,872,537,1049,1198,946,1199,1074,608,1199,1148,460,460,974,460,1758,1148,1198,1198,1199,707,844,657,1149,972,1458,915,976,965,608,485,608,1392,576,597,1101,1101,1168,1101,485,942,850,1858,787,1009,1392,837,1858,872,803,1392,720,720,548,1171,983,462,415,720,859,1009,1925,2001,1996,917,1333,1333,1333,1333,1333,1334,1772,1303,1055,1055,1055,1055,506,506,506,506,1437,1521,1593,1593,1593,1593,1593,1392,1593,1392,1392,1392,1392,1145,1155,1108,1049,1049,1049,1049,1049,1049,1755,946,1074,1074,1074,1074,460,460,460,460,1139,1148,1198,1198,1198,1198,1198,1392,1198,1149,1149,1149,1149,976,1198,976,1959,1955,1071,844,1145,1197,965,1101,784,681,1051,2101,461,461,449,737,737,718,760,760,839,1452,2513,656,656,1101,1625
Marlett	0	-1,-1,-1,-1,-1,-1,-1,-1,-1,-1,-1,-1,-1,-1,-1,-1,2048,2048,2048,2048,2048,2048,2048,2048,2048,2048,-1,-1,-1,-1,-1,-1,-1,-1,-1,-1,-1,-1,-1,-1,-1,-1,-1,-1,-1,-1,-1,-1,-1,-1,-1,-1,-1,-1,-1,2048,-1,-1,-1,-1,-1,-1,-1,-1,-1,2048,2048,2048,2048,2048,2048,2048,2048,2048,2048,2048,2048,2048,2048,2048,2048,2048,2048,2048,2048,2048,2048,2048,2048,2048,-1,-1,-1,-1,-1,-1,0,0,0,-1,-1,-1,-1,-1,-1,-1,-1,-1,-1,-1,-1,-1,-1,-1,-1,-1,-1,-1,-1,-1,-1,-1,-1,-1,-1,-1,-1,-1,-1,-1,-1,-1,-1,-1,-1,-1,-1,-1,-1,-1,-1,-1,-1,-1,-1,-1,-1,-1,-1,-1,-1,-1,-1,-1,-1,-1,-1,-1,-1,-1,-1,-1,-1,-1,-1,-1,-1,-1,-1,-1,-1,-1,-1,-1,-1,-1,-1,-1,-1,-1,-1,-1,-1,-1,-1,-1,-1,-1,-1,-1,-1,-1,-1,-1,-1,-1,-1,-1,-1,-1,-1,-1,-1,-1,-1,-1,-1,-1,-1,-1,-1,-1,-1,-1,-1,-1,-1,-1
Matura MT Script Capitals	0	672,576,981,1365,1067,1685,2773,491,619,619,747,1365,512,725,512,512,1344,747,939,875,1237,1003,1067,1024,960,1003,512,512,1365,1365,1365,896,2005,2731,2240,1813,2581,1536,2453,1600,1621,1707,2368,2432,2389,3008,2859,2368,1856,2197,1984,1813,1835,2304,2517,2901,2773,2304,2752,619,512,619,1196,1024,683,1003,960,875,1003,853,789,981,981,640,619,1024,619,1472,981,1024,981,981,789,1045,683,1088,981,1643,939,1003,939,683,1259,683,1344,672,576,875,1003,1429,1280,1259,960,683,1493,640,875,1365,725,1493,1024,811,1365,789,789,683,1259,1131,-1,683,789,640,896,1685,1685,1685,896,2731,2731,2731,2731,2731,2731,2944,1813,1536,1536,1536,1536,1707,1707,1707,1707,2560,2859,2368,2368,2368,2368,2368,1365,2368,2304,2304,2304,2304,2304,1685,1067,1003,1003,1003,1003,1003,1003,1387,896,853,853,853,853,640,640,640,640,1045,981,1024,1024,1024,1024,1024,1365,1003,1088,1088,1088,1088,1003,1003,1003,2923,1387,1813,1045,2304,-1,-1,917,683,683,1024,2048,491,491,512,725,747,725,896,896,939,1856,2475,533,555,1343,1771
Microsoft Sans Serif	0	544,569,727,1139,1139,1821,1366,391,682,682,797,1196,569,682,569,569,1139,1139,1139,1139,1139,1139,1139,1139,1139,1139,569,569,1196,1196,1196,1139,2079,1366,1366,1479,1479,1366,1251,1593,1479,569,1024,1366,1139,1706,1479,1593,1366,1593,1479,1366,1251,1479,1366,1933,1366,1366,1251,569,569,569,961,1130,682,1139,1139,1024,1139,1139,569,1139,1139,467,467,1024,467,1706,1139,1139,1139,1139,682,1024,569,1139,1024,1479,1024,1024,1024,684,532,684,1196,544,569,1139,1139,1139,1139,532,1139,682,1509,758,1139,1196,682,1509,1024,819,1196,682,682,682,1139,1100,569,682,682,748,1139,1708,1708,1708,1139,1366,1366,1366,1366,1366,1366,2048,1479,1366,1366,1366,1366,569,569,569,569,1479,1479,1593,1593,1593,1593,1593,1196,1593,1479,1479,1479,1479,1366,1366,1251,1139,1139,1139,1139,1139,1139,1821,1024,1139,1139,1139,1139,467,467,467,467,1139,1139,1139,1139,1139,1139,1139,1196,1139,1139,1139,1139,1139,1024,1139,1024,2048,1933,1366,1024,1366,1251,1024,1139,682,682,600,1200,455,455,569,682,682,802,1139,1139,717,1158,2048,682,682,1139,1400
Mistral	0	512,616,960,929,732,1218,1224,616,537,570,661,1024,453,515,453,777,921,792,816,791,805,820,800,713,908,864,453,453,1024,1024,1024,811,1484,903,936,973,990,868,861,1018,1042,433,618,920,642,1216,1071,1086,906,1037,946,708,569,1032,861,1225,828,755,863,726,777,726,1024,1024,1024,769,598,631,836,503,483,550,734,572,602,789,564,1262,956,723,699,714,667,626,554,832,659,1011,770,864,681,726,1024,726,1365,512,616,697,1278,1387,968,1024,1089,1024,1831,742,950,1024,515,1831,1130,1024,1024,587,587,1024,832,1042,590,1024,587,742,950,1504,1504,1504,811,903,903,903,903,903,903,1438,973,868,868,868,868,433,433,433,433,990,1071,1086,1086,1086,1086,1086,1024,1054,1032,1032,1032,1032,755,906,748,769,769,769,769,769,769,1052,631,503,503,503,503,572,572,572,572,723,956,723,723,723,723,723,1024,798,832,832,832,832,864,699,864,1617,1069,707,627,755,862,681,804,1024,1024,874,1460,425,425,453,722,722,722,860,985,1365,1358,1764,626,626,973,1293
Myanmar Text	0	561,582,803,1210,1104,1676,1639,471,618,618,854,1401,444,819,444,798,1104,1104,1104,1104,1104,1104,1104,1104,1104,1104,444,444,1401,1401,1401,918,1956,1321,1174,1268,1436,1036,1000,1405,1454,545,731,1188,964,1839,1532,1544,1147,1544,1225,1088,1073,1407,1272,1913,1208,1132,1168,618,776,618,1401,850,549,1042,1204,946,1206,1071,641,1206,1159,496,496,1018,496,1764,1159,1200,1204,1206,712,869,694,1159,981,1480,940,991,926,618,490,618,1401,561,582,1104,1104,1138,1104,490,918,848,1823,803,1036,1401,819,1823,635,772,1401,750,750,578,1182,938,444,420,719,882,1036,1856,1906,1950,918,1321,1321,1321,1321,1321,1321,1762,1268,1036,1036,1036,1036,545,545,545,545,1436,1532,1544,1544,1544,1544,1544,1401,1544,1407,1407,1407,1407,1132,1147,1114,1042,1042,1042,1042,1042,1042,1704,946,1071,1071,1071,1071,496,496,496,496,1145,1159,1200,1200,1200,1200,1200,1401,1200,1159,1159,1159,1159,991,1204,991,1906,1900,1088,869,1132,1168,926,1104,760,690,1024,2048,469,469,469,772,772,772,768,768,832,1501,2478,647,647,1104,1583
Myanmar Text	1	565,670,1010,1213,1178,1776,1740,600,756,756,932,1448,555,828,555,908,1178,1178,1178,1178,1178,1178,1178,1178,1178,1178,555,555,1448,1448,1448,897,1954,1440,1313,1278,1510,1090,1065,1456,1569,649,912,1329,1047,1960,1618,1553,1258,1553,1337,1148,1200,1481,1366,2058,1342,1243,1243,756,893,756,1448,850,643,1102,1270,983,1268,1108,785,1268,1233,582,582,1145,582,1876,1239,1252,1270,1268,815,901,797,1239,1110,1633,1131,1102,981,756,668,756,1448,565,670,1178,1178,1139,1178,668,994,946,1790,840,1190,1448,828,1790,690,778,1448,828,828,621,1255,1043,555,441,807,934,1190,1950,1977,1950,897,1440,1440,1440,1440,1440,1440,1915,1278,1090,1090,1090,1090,649,649,649,649,1510,1618,1553,1553,1553,1553,1553,1448,1553,1481,1481,1481,1481,1243,1258,1286,1102,1102,1102,1102,1102,1102,1696,983,1108,1108,1108,1108,582,582,582,582,1215,1239,1252,1252,1252,1252,1252,1448,1252,1239,1239,1239,1239,1102,1270,1102,1925,1893,1148,901,1243,1243,981,1178,785,785,1024,2048,594,594,594,1010,1010,1010,832,832,865,1868,2573,705,705,1178,1579
Modern No. 20	0	504,465,741,930,1194,930,1255,465,717,717,930,930,492,674,465,410,930,930,930,930,930,930,930,930,930,930,465,465,614,930,614,829,1802,1411,1458,1120,1489,1421,1276,1380,1665,850,956,1511,1389,1755,1423,1298,1323,1325,1415,1077,1249,1442,1389,1980,1497,1485,1145,666,623,723,537,1491,287,948,969,811,1008,817,723,893,1139,655,668,1077,645,1556,1100,918,995,975,803,715,633,1067,881,1335,973,922,852,557,354,557,887,504,453,930,1229,930,1649,193,1120,633,1567,705,655,930,674,1567,1290,287,930,412,446,287,1141,1169,-1,283,395,680,655,799,799,799,793,1411,1411,1411,1411,1411,1411,2042,1120,1421,1421,1421,1421,850,850,850,850,1507,1423,1298,1298,1298,1298,1298,674,1298,1442,1442,1442,1442,1567,1389,1323,948,948,948,948,948,948,1274,813,817,817,817,817,655,655,655,655,903,1100,918,918,918,918,918,930,918,1067,1067,1067,1067,985,1044,922,1872,1378,1024,709,1485,-1,-1,930,461,705,1044,2048,319,319,319,612,612,612,809,809,487,1409,1491,451,451,1229,1806
Mongolian Baiti	0	512,682,836,1024,1024,1706,1593,369,682,682,1024,1155,512,682,512,569,1024,1024,1024,1024,1024,1024,1024,1024,1024,1024,569,569,1155,1155,1155,909,1886,1479,1366,1366,1479,1251,1139,1479,1479,682,797,1479,1251,1821,1479,1479,1139,1479,1366,1139,1251,1479,1479,1933,1479,1479,1251,682,569,682,961,1024,682,909,1024,909,1024,909,682,1024,1024,569,569,1024,569,1593,1024,1024,1024,1024,682,797,569,1024,1024,1479,1024,1024,909,983,410,983,1108,512,682,1024,1024,1024,1024,410,1024,682,1556,565,1024,1155,682,1556,1024,819,1124,614,614,682,1180,928,717,682,614,635,1024,1536,1536,1536,909,1479,1479,1479,1479,1479,1479,1821,1366,1251,1251,1251,1251,682,682,682,682,1479,1479,1479,1479,1479,1479,1479,1155,1479,1479,1479,1479,1479,1479,1139,1024,909,909,909,909,909,909,1366,909,909,909,909,909,569,569,569,569,1024,1024,1024,1024,1024,1024,1024,1124,1024,1024,1024,1024,1024,1024,1024,1024,1821,1479,1139,797,1479,1251,909,1024,682,682,1024,2048,682,682,682,909,909,909,1024,1024,-1,2048,2048,682,682,1024,2007
Microsoft Uighur	1	300,388,572,680,663,1220,1137,328,499,499,485,680,342,435,342,540,768,768,768,768,768,768,768,768,768,768,342,342,680,680,680,544,1197,1051,922,994,1104,864,812,1101,1133,490,539,1032,801,1368,1117,1155,866,1155,969,738,955,1109,1036,1423,1050,976,942,499,540,499,680,1024,700,669,781,631,807,644,500,749,836,420,380,808,434,1232,836,763,821,788,574,542,484,825,724,1100,753,774,629,499,385,499,680,413,388,680,680,680,849,449,792,700,1170,534,657,680,435,1170,700,476,680,525,525,700,825,1052,342,700,525,596,657,1250,1250,1250,544,1051,1051,1051,1051,1051,1051,1408,994,864,864,864,864,490,490,490,490,1104,1117,1155,1155,1155,1155,1155,680,1155,1109,1109,1109,1109,976,866,856,669,669,669,669,669,669,982,631,644,644,644,644,420,420,420,420,789,836,763,763,763,763,763,680,763,825,825,825,825,774,819,774,1402,1147,738,542,976,942,629,680,700,700,925,1475,342,342,342,587,587,587,800,800,736,1186,1760,437,437,680,1009
Microsoft Uighur	0	300,388,572,680,680,1260,1045,328,499,499,527,680,342,435,342,540,713,589,748,646,664,636,693,654,683,659,342,342,680,680,680,544,1197,962,847,1013,1080,816,744,1061,1135,485,460,992,780,1272,1098,1122,805,1121,915,707,878,1047,962,1375,966,870,908,499,540,499,680,1024,700,620,722,584,733,604,417,682,769,375,349,725,367,1148,778,711,742,721,512,522,434,755,644,975,673,661,605,499,385,499,680,413,388,680,680,680,680,449,792,700,1170,534,657,680,435,1170,700,476,680,525,525,700,716,1052,342,700,525,596,657,1250,1250,1250,524,962,962,962,962,962,962,1336,1013,816,816,816,816,485,485,485,485,1080,1103,1122,1122,1122,1122,1122,680,1122,1047,1047,1047,1047,870,805,780,620,620,620,620,620,620,923,584,604,604,604,604,375,375,375,375,700,778,711,711,711,711,711,680,711,755,755,755,755,661,722,661,1331,1072,707,522,870,908,605,680,700,700,925,1475,342,342,342,587,587,587,800,800,736,1186,1798,437,437,680,1009
Microsoft Yi Baiti	0	900,646,724,1314,856,1213,1130,311,1033,1033,1188,915,488,915,488,885,1050,1050,1050,1050,1050,1050,1050,1050,1050,1050,488,488,1207,862,1207,1167,1512,1037,1037,1122,1122,1037,950,1210,1122,432,777,1037,865,1296,1122,1210,1037,1210,1122,1037,950,1122,1037,1467,1037,1037,950,648,832,648,789,793,495,850,850,764,850,850,425,850,850,348,348,764,348,1274,850,850,850,850,509,764,425,850,764,1103,764,764,764,543,489,542,1135,900,646,919,829,813,1037,255,813,489,995,541,813,920,915,995,731,585,854,487,487,495,752,726,585,487,487,534,813,1128,1128,1128,1167,1037,1037,1037,1037,1037,1037,1554,1122,1037,1037,1037,1037,432,432,432,432,1122,1122,1210,1210,1210,1210,1210,790,1210,1122,1122,1122,1122,1037,1037,933,850,850,850,850,850,850,1410,764,850,850,850,850,348,348,348,348,850,850,850,850,850,850,850,915,850,850,850,850,850,764,850,764,1645,1462,1037,764,1037,950,764,589,510,535,793,1296,457,457,406,711,711,572,813,813,406,1293,1673,487,487,919,999
Monotype Corsiva	0	450,573,451,1393,901,1393,1597,328,532,451,860,1065,451,573,451,696,901,901,901,901,901,901,901,901,901,901,532,491,1065,1065,1065,778,1434,1270,1229,1065,1434,1270,1187,1270,1393,778,819,1352,1188,1720,1434,1229,1106,1229,1229,942,1024,1515,1311,1802,1147,1147,1270,491,983,655,1065,1024,451,860,860,696,901,696,655,819,901,491,451,901,491,1270,942,819,901,819,614,655,655,942,901,1393,860,819,901,491,1065,491,1065,450,573,901,983,1229,1475,1065,860,737,1515,532,696,1229,573,1515,1024,819,1124,541,541,614,1180,1024,682,614,541,532,778,1352,1352,1352,819,1270,1270,1270,1270,1270,1270,1515,1065,1270,1270,1270,1270,778,778,778,778,1434,1434,1229,1229,1229,1229,1229,1065,1352,1515,1515,1515,1515,1147,1106,860,860,860,860,860,860,860,1106,696,696,696,696,696,491,491,491,491,819,942,819,819,819,819,819,1124,901,942,942,942,942,819,901,819,1679,1147,942,655,1147,1270,901,819,696,901,1024,2048,491,491,369,696,737,573,942,983,1229,2048,1966,491,532,901,2048
MT Extra	0	635,-1,-1,682,682,682,682,-1,840,840,-1,-1,-1,-1,-1,-1,-1,2050,2089,2040,2050,-1,2050,2089,2040,-1,-1,-1,1311,-1,1311,-1,-1,-1,-1,1686,1124,-1,-1,-1,-1,1352,-1,2048,2048,682,2048,2048,-1,1767,-1,-1,-1,1352,-1,-1,-1,-1,-1,-1,-1,-1,-1,-1,506,2021,1403,1382,-1,-1,1229,-1,1024,-1,-1,-1,889,1124,-1,819,1229,-1,840,840,840,840,840,840,-1,-1,-1,1753,-1,1753,-1,-1,-1,-1,-1,-1,-1,-1,-1,-1,-1,-1,-1,-1,-1,-1,-1,-1,-1,-1,-1,-1,-1,-1,-1,-1,-1,-1,-1,-1,-1,-1,-1,-1,-1,-1,-1,-1,-1,-1,-1,-1,-1,-1,-1,-1,-1,-1,-1,-1,-1,-1,-1,-1,-1,-1,-1,-1,-1,-1,-1,-1,-1,-1,-1,-1,-1,-1,-1,-1,-1,-1,-1,-1,-1,-1,-1,-1,-1,-1,-1,-1,-1,-1,-1,-1,-1,-1,-1,-1,-1,-1,-1,-1,-1,-1,-1,-1,-1,-1,-1,-1,-1,-1,-1,-1,-1,-1,-1,-1,-1,-1,-1,-1,-1,-1,-1,-1,-1,-1,-1,-1,-1,-1
MV Boli	0	1000,745,928,1407,1147,1438,1499,457,1090,1090,754,1147,745,942,745,1053,1438,827,1368,1368,1397,1368,1368,1225,1346,1368,745,745,1147,1147,1147,1113,1818,1415,1239,1219,1423,1234,1131,1395,1492,599,1395,1410,1234,1896,1617,1458,1347,1426,1428,1253,1313,1444,1333,1894,1458,1395,1690,885,1053,885,991,978,1083,993,1094,870,1118,1012,811,969,1126,518,522,987,516,1759,1131,1083,1156,1081,872,847,1081,1135,1002,1503,996,1081,1038,934,893,934,1234,1000,518,862,1234,1243,1367,1099,847,1083,1821,795,1229,1246,761,1838,1083,867,1210,1000,950,1083,1135,1350,745,716,718,867,1229,2005,2005,2186,1113,1415,1415,1415,1415,1415,1415,2028,1219,1234,1234,1234,1234,599,599,599,599,1423,1617,1458,1458,1458,1458,1458,1147,1458,1444,1444,1444,1444,1395,1075,1124,993,993,993,993,993,993,1586,870,1012,1012,1012,1012,518,518,518,518,1012,1131,1083,1083,1083,1083,1083,1210,1083,1135,1135,1135,1135,1081,1156,1081,2169,1649,1253,847,1395,1690,1038,1021,1083,983,1126,1884,745,745,745,1217,1217,1216,728,931,950,1554,2165,737,737,1341,1681
Niagara Engraved	0	307,319,492,717,578,993,631,270,358,358,553,471,256,307,256,328,614,330,594,594,532,614,614,567,614,614,256,256,553,553,553,561,754,563,625,614,625,594,563,614,655,336,563,635,563,760,594,614,604,614,635,578,676,635,563,805,543,584,582,358,328,358,573,512,614,551,573,559,573,565,344,573,582,311,311,575,307,879,586,565,573,573,535,532,371,582,541,743,522,578,528,430,215,430,614,154,319,559,625,1221,584,215,594,614,754,502,614,942,471,754,614,565,838,506,494,614,784,604,256,614,326,524,614,1024,1024,1024,561,563,563,563,563,563,563,829,614,594,594,594,594,336,336,336,336,625,594,614,614,614,614,614,471,614,635,635,635,635,584,604,573,551,551,551,551,551,551,844,559,565,565,565,565,311,311,311,311,565,586,565,565,565,565,565,838,565,582,582,582,582,578,569,578,901,868,578,532,584,582,528,365,614,614,410,614,270,270,270,492,492,492,528,528,565,768,1444,360,360,655,1024
Niagara Solid	0	307,319,492,717,578,993,631,270,358,358,553,471,256,307,256,328,614,330,594,594,532,614,614,567,614,614,256,256,553,553,553,561,754,563,625,614,625,594,563,614,655,336,563,635,563,760,594,614,604,614,635,578,676,635,563,805,543,584,582,358,328,358,573,512,614,551,573,559,573,565,344,573,582,311,311,575,307,879,586,565,573,573,535,532,371,582,541,743,522,578,528,430,215,430,614,154,319,559,625,1221,584,215,594,614,754,502,614,942,471,754,614,565,838,506,494,614,784,604,256,614,326,524,614,1024,1024,1024,561,563,563,563,563,563,563,829,614,594,594,594,594,336,336,336,336,625,594,614,614,614,614,614,471,614,635,635,635,635,584,604,573,551,551,551,551,551,551,844,559,565,565,565,565,311,311,311,311,565,586,565,565,565,565,565,838,565,582,582,582,582,578,569,578,901,868,578,532,584,582,528,365,614,614,410,614,270,270,270,492,492,492,528,528,565,768,1444,360,360,655,1024
Microsoft New Tai Lue	0	561,582,803,1210,1104,1676,1639,471,618,618,854,1401,444,819,444,798,1104,1104,1104,1104,1104,1104,1104,1104,1104,1104,444,444,1401,1401,1401,918,1956,1321,1174,1268,1436,1036,1000,1405,1454,545,731,1188,964,1839,1532,1544,1147,1544,1225,1088,1073,1407,1272,1913,1208,1132,1168,618,776,618,1401,850,549,1042,1204,946,1206,1071,641,1206,1159,496,496,1018,496,1764,1159,1200,1204,1206,712,869,694,1159,981,1480,940,991,926,618,490,618,1401,561,582,1104,1104,1138,1104,490,918,848,1823,803,1036,1401,819,1823,850,772,1401,750,750,578,1182,938,444,420,719,882,1036,1856,1906,1950,918,1321,1321,1321,1321,1321,1321,1762,1268,1036,1036,1036,1036,545,545,545,545,1436,1532,1544,1544,1544,1544,1544,1401,1544,1407,1407,1407,1407,1132,1147,1114,1042,1042,1042,1042,1042,1042,1704,946,1071,1071,1071,1071,496,496,496,496,1145,1159,1200,1200,1200,1200,1200,1401,1200,1159,1159,1159,1159,991,1204,991,1906,1900,1088,869,1132,1168,926,1104,760,690,1024,2048,469,469,469,772,772,772,768,768,832,2048,2478,647,647,1104,1583
Microsoft New Tai Lue	1	565,670,1010,1213,1178,1776,1740,600,756,756,932,1448,555,828,555,908,1178,1178,1178,1178,1178,1178,1178,1178,1178,1178,555,555,1448,1448,1448,897,1954,1440,1313,1278,1510,1090,1065,1456,1569,649,912,1329,1047,1960,1618,1553,1258,1553,1337,1148,1200,1481,1366,2058,1342,1243,1243,756,893,756,1448,850,643,1102,1270,983,1268,1108,785,1268,1233,582,582,1145,582,1876,1239,1252,1270,1268,815,901,797,1239,1110,1633,1131,1102,981,756,668,756,1448,565,670,1178,1178,1139,1178,668,994,946,1790,840,1190,1448,828,1790,850,778,1448,828,828,621,1255,1043,555,441,807,934,1190,1950,1977,2005,897,1440,1440,1440,1440,1440,1440,1915,1278,1090,1090,1090,1090,649,649,649,649,1510,1618,1552,1552,1552,1552,1552,1448,1553,1481,1481,1481,1481,1243,1258,1286,1102,1102,1102,1102,1102,1102,1696,983,1108,1108,1108,1108,582,582,582,582,1215,1239,1251,1251,1251,1251,1251,1448,1252,1239,1239,1239,1239,1102,1270,1102,1925,1893,1148,901,1243,1243,981,1178,785,785,1024,2048,594,594,594,1010,1010,1010,832,832,865,2048,2573,705,705,1178,1579
OCR A Extended	0	1237,1237,1237,1237,1237,1237,1237,1237,1237,1237,1237,1237,1237,1237,1237,1237,1237,1237,1237,1237,1237,1237,1237,1237,1237,1237,1237,1237,1237,1237,1237,1237,1237,1237,1237,1237,1237,1237,1237,1237,1237,1237,1237,1237,1237,1237,1237,1237,1237,1237,1237,1237,1237,1237,1237,1237,1237,1237,1237,1237,1237,1237,1237,1237,1237,1237,1237,1237,1237,1237,1237,1237,1237,1237,1237,1237,1237,1237,1237,1237,1237,1237,1237,1237,1237,1237,1237,1237,1237,1237,1237,1237,1237,1237,1237,1237,1237,1237,1237,1237,1237,1237,1237,1237,1237,1237,1237,1237,1237,1237,1237,1237,1237,1237,1237,1237,1237,1237,-1,1237,1237,1237,1237,1237,1237,1237,1237,1237,1237,1237,1237,1237,1237,1237,1237,1237,1237,1237,1237,1237,1237,1237,1237,1237,1237,1237,1237,1237,1237,1237,1237,1237,1237,1237,1237,1237,1237,1237,1237,1237,1237,1237,1237,1237,1237,1237,1237,1237,1237,1237,1237,1237,1237,1237,1237,1237,1237,1237,1237,1237,1237,1237,1237,1237,1237,1237,1237,1237,1237,1237,1237,1237,1237,1237,1237,1237,1237,1237,1237,1237,1237,1237,1237,1237,1237,1237,1237,1237,1237,1237,1237,1237,1237,1237,1237,1237,1237,1237
Old English Text MT	0	523,575,1131,1368,1044,2009,1622,569,682,682,1044,1366,575,811,575,1146,1044,1044,1044,1044,1044,1044,1044,1044,1044,1044,575,575,1366,1366,1366,682,1886,1493,1728,1493,1729,1493,1737,1622,1729,1260,1386,1729,1493,2069,2068,1729,1729,1729,1729,1729,1622,1728,1493,2068,1386,1622,1260,575,1146,575,1190,1024,682,918,918,682,918,811,575,1044,918,575,575,1004,575,1493,1044,918,918,918,811,926,575,1044,918,1386,1044,918,682,811,1159,811,1366,523,575,768,1386,1417,1493,1159,1044,682,1556,619,811,1366,811,1556,682,819,1366,682,682,682,1024,917,575,682,682,575,811,2068,2069,2068,682,1493,1493,1493,1493,1493,1493,2410,1493,1493,1493,1493,1493,1260,1260,1260,1260,1729,2068,1729,1729,1729,1729,1729,1366,1729,1728,1728,1728,1728,1622,1729,1044,918,918,918,918,918,918,1260,682,811,811,811,811,575,575,575,575,938,1044,918,918,918,918,918,1366,918,1044,1044,1044,1044,918,918,918,2796,1260,1729,926,1622,-1,-1,999,682,682,1024,2048,575,575,575,918,918,918,1044,1044,717,2068,2068,469,469,1044,2007
Onyx	0	288,319,832,1365,618,729,874,363,391,393,512,960,276,362,276,456,575,438,575,575,575,575,575,575,575,575,276,276,960,960,960,532,1877,627,666,575,666,623,623,645,733,393,623,776,623,840,633,641,666,641,772,598,705,678,584,989,733,657,618,410,456,410,1190,1024,682,575,580,512,580,532,393,618,604,328,342,649,350,883,606,555,580,592,516,469,459,604,522,858,520,520,532,533,576,533,960,288,319,512,725,1024,641,576,576,682,1217,362,575,960,362,1217,-1,811,960,385,385,682,1024,917,-1,682,385,362,575,768,768,768,532,627,627,627,627,627,627,901,575,623,623,623,623,393,393,393,393,666,633,641,641,641,641,641,960,641,678,678,678,678,657,666,580,575,575,575,575,575,575,811,512,532,532,532,532,328,328,328,328,555,606,555,555,555,555,555,960,555,604,604,604,604,520,580,520,918,811,598,469,657,-1,-1,512,682,682,1024,2048,276,276,276,512,512,516,597,597,717,1152,1067,342,342,575,1920
MS Outlook	0	1024,-1,-1,-1,-1,-1,-1,-1,-1,-1,-1,-1,-1,-1,-1,-1,-1,-1,-1,-1,-1,-1,-1,-1,-1,-1,-1,-1,-1,-1,-1,-1,-1,2978,2048,2515,2515,2232,2454,1298,-1,2421,2261,-1,-1,2261,2232,-1,-1,-1,-1,-1,-1,-1,-1,-1,-1,-1,-1,-1,-1,-1,-1,-1,-1,-1,-1,-1,-1,-1,-1,-1,-1,-1,-1,-1,-1,-1,-1,-1,-1,-1,-1,-1,-1,-1,-1,-1,-1,-1,-1,-1,-1,-1,-1,1024,-1,-1,-1,-1,-1,-1,-1,-1,-1,-1,-1,-1,-1,-1,-1,-1,-1,-1,-1,-1,-1,-1,-1,-1,-1,-1,-1,-1,-1,-1,-1,-1,-1,-1,-1,-1,-1,-1,-1,-1,-1,-1,-1,-1,-1,-1,-1,-1,-1,-1,-1,-1,-1,-1,-1,-1,-1,-1,-1,-1,-1,-1,-1,-1,-1,-1,-1,-1,-1,-1,-1,-1,-1,-1,-1,-1,-1,-1,-1,-1,-1,-1,-1,-1,-1,-1,-1,-1,-1,-1,-1,-1,-1,-1,-1,-1,-1,-1,-1,-1,-1,-1,-1,-1,-1,-1,-1,-1,-1,-1,-1,-1,-1,-1,-1,-1,-1,-1,-1,-1,-1,-1
Palatino Linotype	0	512,569,760,981,1024,1720,1593,426,682,682,797,1024,512,682,512,656,1024,1024,1024,1024,1024,1024,1024,1024,1024,1024,512,512,1024,1024,1024,909,1399,1593,1251,1452,1585,1251,1139,1563,1704,690,682,1487,1251,1937,1702,1610,1237,1610,1368,1075,1255,1593,1479,2048,1366,1366,1366,682,1241,682,1024,1024,682,1024,1133,909,1251,981,682,1139,1192,596,479,1139,596,1808,1192,1118,1231,1147,809,868,668,1235,1157,1708,1057,1139,1024,682,1024,682,1024,512,569,1024,1024,1024,1024,1024,1024,682,1530,682,1024,1024,682,1530,682,819,1024,655,655,682,1325,1286,512,682,655,682,1024,1652,1652,1652,909,1593,1593,1593,1593,1593,1593,1933,1452,1251,1251,1251,1251,690,690,690,690,1585,1702,1610,1610,1610,1610,1610,1024,1706,1593,1593,1593,1593,1366,1237,1139,1024,1024,1024,1024,1024,1024,1552,909,981,981,981,981,596,596,596,596,1118,1192,1118,1118,1118,1118,1118,1024,1118,1235,1235,1235,1235,1139,1231,1139,2044,1694,1075,868,1366,1366,1024,1024,682,682,1024,2048,569,569,569,1024,1024,1024,1024,1024,1241,2048,2343,678,678,1024,2005
Palatino Linotype	1	512,569,789,986,1024,1821,1706,465,682,682,909,1024,512,682,512,606,1024,1024,1024,1024,1024,1024,1024,1024,1024,1024,512,512,1024,1024,1024,909,1428,1593,1353,1479,1702,1241,1142,1706,1706,797,797,1576,1241,2048,1706,1706,1250,1706,1462,1251,1366,1593,1593,2048,1366,1366,1366,682,606,682,1024,1024,682,1024,1251,909,1251,1024,797,1138,1251,682,682,1251,682,1821,1251,1139,1251,1251,797,909,682,1251,1138,1706,1024,1139,1024,635,1024,635,1024,512,569,1024,1024,1024,1024,1024,1024,682,1530,602,1024,1024,682,1530,682,819,1024,658,658,682,1383,1313,512,682,658,669,1024,1659,1659,1659,909,1593,1593,1593,1593,1593,1593,2048,1479,1241,1241,1241,1241,797,797,797,797,1702,1706,1706,1706,1706,1706,1706,1024,1706,1593,1593,1593,1593,1366,1251,1251,1024,1024,1024,1024,1024,1024,1593,909,1024,1024,1024,1024,682,682,682,682,1139,1251,1139,1139,1139,1139,1139,1024,1139,1251,1251,1251,1251,1139,1251,1139,2048,1706,1251,909,1366,1366,1024,1024,682,682,1024,2048,569,569,569,1024,1024,1024,1024,1024,1241,2048,2048,797,797,1024,2044
Palatino Linotype	3	512,682,1024,987,1024,1821,1706,512,682,682,909,1024,512,796,512,645,1024,1024,1024,1024,1024,1024,1024,1024,1024,1024,512,512,1024,1024,1024,909,1428,1479,1366,1403,1593,1251,1139,1593,1594,797,797,1479,1251,1933,1593,1706,1366,1706,1479,1139,1251,1593,1366,2048,1479,1251,1366,682,1241,682,1024,1022,682,1139,1100,909,1139,909,682,1024,1139,682,682,1139,682,1706,1139,1139,1139,1100,797,909,797,1139,1139,1706,1024,1139,1024,682,1024,682,1024,512,682,1024,1024,1024,1024,1024,1139,682,1530,682,1024,1024,796,1530,682,819,1024,655,655,682,1160,1139,512,682,655,682,1024,1652,1652,1652,909,1479,1479,1479,1479,1479,1479,1933,1403,1251,1251,1251,1251,797,797,797,797,1593,1593,1706,1706,1706,1706,1706,1024,1706,1593,1593,1593,1593,1251,1366,1139,1139,1139,1139,1139,1139,1139,1511,909,909,909,909,909,682,682,682,682,1139,1139,1139,1139,1139,1139,1139,1024,1139,1139,1139,1139,1139,1139,1139,1139,2073,1594,1139,909,1251,1366,1024,1024,682,682,1024,2048,570,570,512,1024,1024,1024,1139,1139,1241,2048,2048,682,682,1024,2044
Palatino Linotype	2	512,682,1024,980,1024,1821,1593,682,682,682,797,1024,512,682,512,607,1024,1024,1024,1024,1024,1024,1024,1024,1024,1024,512,512,1024,1024,1024,1024,1399,1479,1251,1366,1593,1251,1138,1479,1593,682,682,1366,1139,1933,1593,1593,1251,1593,1366,1138,1252,1593,1347,1933,1478,1366,1366,682,1241,682,1024,1024,682,909,948,833,1024,797,569,1024,1024,569,569,909,569,1593,1139,909,1024,948,797,797,682,1139,1024,1479,1024,1024,909,682,1024,682,1024,512,682,1024,1024,1024,1024,1024,1024,682,1530,682,1024,1024,682,1530,682,819,1024,655,655,682,1250,1024,512,682,655,682,1024,1652,1652,1652,1024,1479,1479,1479,1479,1479,1479,1927,1366,1251,1251,1251,1251,682,682,682,682,1593,1593,1593,1593,1593,1593,1593,1024,1593,1593,1593,1593,1593,1366,1251,1024,909,909,909,909,909,909,1307,833,797,797,797,797,569,569,569,569,909,1139,909,909,909,909,909,1024,909,1139,1139,1139,1139,1024,1024,1024,2105,1370,1138,797,1366,1366,909,1024,682,682,1024,2048,569,569,570,1024,1024,1024,1024,1024,1024,2048,2048,682,682,1024,2048
Palace Script MT	0	320,330,426,874,641,768,662,256,555,555,406,874,338,362,330,319,641,641,641,641,641,641,641,641,641,641,319,319,874,874,874,606,831,1406,1473,938,1386,885,1130,981,1386,961,1024,1430,1217,1493,1237,897,1153,961,1430,1110,1153,897,725,1044,1260,918,1110,555,319,555,512,1024,682,532,492,406,532,406,406,532,662,319,362,662,319,938,662,426,598,492,406,426,385,598,512,768,641,662,432,748,1004,748,874,320,330,406,1366,831,918,1004,981,682,854,406,575,874,362,854,1024,492,874,406,406,682,598,1087,-1,682,406,299,575,618,618,618,606,1386,1386,1386,1386,1386,1386,1067,938,885,885,885,885,961,961,961,961,1386,1237,897,897,897,897,897,874,897,897,897,897,897,918,1153,897,532,532,532,532,532,532,705,406,406,406,406,406,319,319,319,319,532,662,426,426,426,426,426,874,426,598,598,598,598,662,598,662,1556,725,1110,426,918,-1,-1,788,682,682,1024,2048,338,338,338,469,469,469,977,1067,469,2048,1024,469,469,938,1174
Papyrus	0	437,437,732,1175,1175,1344,1357,437,654,654,710,1175,437,693,437,1214,1175,1175,1175,1175,1175,1175,1175,1175,1175,1175,437,437,1175,1175,1175,806,1607,1993,1983,2052,2023,2018,1543,2084,2025,560,1393,1811,1526,2109,1922,2249,1359,2305,1627,1978,1949,2099,1580,2180,1573,1710,1715,654,1207,654,1175,1175,836,1044,1162,956,1148,1054,713,1059,1049,435,435,976,410,1310,1047,1160,1175,1106,693,914,713,1067,833,1251,885,1035,799,833,1175,836,1175,437,437,1175,1175,1175,1175,1175,1175,836,1435,673,912,1175,693,1435,1175,882,1175,777,777,836,1175,1175,437,836,777,673,904,1673,1674,1674,806,1993,1993,1993,1993,1993,1993,3153,2052,2018,2018,2018,2018,560,558,560,560,2020,1922,2249,2249,2249,2249,2249,1175,2249,2099,2099,2099,2099,1710,1357,1020,1044,1044,1044,1044,1044,1044,1718,956,1054,1054,1054,1054,435,433,435,435,1160,1047,1160,1160,1160,1160,1160,1175,1145,1067,1067,1067,1067,1035,1175,1035,3470,1873,1978,914,1710,-1,-1,1175,836,836,1108,1462,437,437,437,742,742,742,1175,1175,1175,1310,2028,592,595,1516,2507
Parchment	0	184,225,211,442,440,735,569,82,379,379,227,346,176,426,221,387,422,283,369,338,395,367,430,338,395,430,238,227,371,346,371,369,780,1901,1675,1446,1446,1423,1270,1950,1540,1249,1249,1573,1563,1915,1821,1755,1647,1638,1477,1481,1468,1538,1395,1812,1415,1499,1542,276,387,276,637,717,512,432,471,330,397,326,266,438,477,250,283,492,256,690,483,395,465,446,369,440,287,483,444,647,356,459,274,379,272,399,492,184,225,330,586,678,455,272,440,512,717,346,565,510,426,717,717,219,346,369,389,512,483,530,238,512,276,315,565,561,602,684,369,1319,1319,1319,1319,1319,1319,1444,815,1145,1145,1145,1145,786,786,786,786,1100,1208,1014,1014,1014,1014,1014,346,1014,1208,1208,1208,1208,1266,1174,543,432,432,432,432,432,432,553,330,326,326,326,326,250,250,250,250,397,483,395,395,395,395,395,346,584,483,483,483,483,459,465,459,1487,584,1057,442,1266,-1,-1,266,512,512,512,717,170,168,233,346,336,473,289,289,238,664,1085,389,389,422,840
Perpetua	3	461,532,1137,1368,938,1493,1473,569,811,811,1044,1366,532,748,532,1087,938,938,938,938,938,938,938,938,938,938,532,532,1366,1366,1366,748,1704,1194,1217,1087,1473,1130,1067,1343,1579,748,854,1366,1067,1556,1409,1366,1174,1366,1280,897,1174,1579,1194,1835,1323,1194,1217,811,1087,811,1167,1024,682,1024,1004,725,1004,831,641,1004,1044,575,555,938,575,1473,1044,874,1004,981,788,705,682,1044,874,1300,854,831,938,807,1079,807,1366,1024,532,938,938,1401,1194,1079,938,682,1530,662,938,1366,748,1530,1024,819,1366,641,641,682,1024,1106,532,682,641,662,938,1493,1493,1493,748,1194,1194,1194,1194,1194,1194,1812,1087,1130,1130,1130,1130,748,748,748,748,1473,1409,1366,1366,1366,1366,1366,1368,1366,1579,1579,1579,1579,1194,1174,1044,1024,1024,1024,1024,1024,1024,1450,725,831,831,831,831,575,575,575,575,948,1044,874,874,874,874,874,1368,918,1044,1044,1044,1044,831,1004,831,1878,1450,897,705,1194,1217,938,1366,682,682,1024,2048,532,532,532,938,938,938,1044,1044,717,2048,2134,555,555,938,2048
Perpetua	1	461,532,1137,1368,938,1622,1579,569,748,748,1044,1366,532,748,532,1087,938,938,938,938,938,938,938,938,938,938,532,532,1366,1366,1366,748,1905,1366,1260,1260,1473,1044,981,1366,1579,748,811,1343,1044,1855,1366,1473,1110,1473,1343,938,1153,1473,1260,1898,1366,1260,1260,748,1087,748,1190,1024,682,938,1130,961,1173,961,641,1044,1153,598,598,1153,598,1642,1153,1110,1173,1173,831,748,705,1153,1024,1556,1130,1024,938,807,1079,807,1366,1024,532,938,938,1401,1260,1079,938,682,1530,682,938,1366,618,1530,1024,819,1366,641,641,682,1024,1106,532,682,641,831,938,1622,1622,1622,748,1366,1366,1366,1366,1366,1366,1556,1260,1044,1044,1044,1044,748,748,748,748,1473,1366,1473,1473,1473,1473,1473,1368,1473,1473,1473,1473,1473,1260,1110,1153,938,938,938,938,938,938,1473,961,961,961,961,961,598,598,598,598,1161,1153,1110,1110,1110,1110,1110,1368,1110,1153,1153,1153,1153,1024,1153,1024,1921,1599,938,748,1260,1260,938,1366,682,682,1024,2048,532,532,532,938,938,938,1044,1044,717,2048,2134,532,532,938,2048
Perpetua	2	461,641,860,1368,938,1536,1044,438,532,532,938,1366,532,641,532,1024,938,938,938,938,938,938,938,938,938,938,532,532,1366,1366,1366,641,1884,961,938,1004,1194,938,831,1110,1260,532,598,1067,831,1366,1237,1153,831,1153,1044,831,1004,1217,981,1450,1130,938,1044,641,1024,641,864,1024,682,811,748,618,811,641,492,788,854,492,492,748,492,1174,854,748,811,788,575,512,532,854,705,1044,705,748,748,983,1016,983,1366,1024,641,641,938,1389,938,1016,854,682,1556,555,854,1366,641,1556,1024,817,1366,641,641,682,1024,928,559,682,641,492,854,1536,1536,1536,641,961,961,961,961,961,961,1409,1004,938,938,938,938,532,532,532,532,1194,1237,1153,1153,1153,1153,1153,1368,1153,1217,1217,1217,1217,938,831,831,811,811,811,811,811,811,1153,618,641,641,641,641,492,492,492,492,733,854,748,748,748,748,748,1368,748,854,854,854,854,748,788,748,1516,1174,831,512,938,1044,748,1280,682,682,1024,2048,532,532,532,532,532,532,938,938,717,2048,2111,555,555,938,2007
Perpetua Titling MT	1	695,492,938,1024,1174,1921,1706,492,748,748,938,1124,492,705,492,639,1389,725,1194,1044,1323,1067,1174,1174,1174,1174,492,492,1124,1124,1124,705,1704,1622,1473,1473,1729,1194,1153,1622,1772,748,854,1665,1237,2005,1772,1686,1300,1686,1622,1044,1409,1749,1516,2218,1706,1686,1516,768,569,768,1190,1024,682,1622,1473,1473,1729,1194,1153,1622,1772,748,854,1665,1237,2005,1772,1686,1300,1686,1622,1044,1409,1749,1516,2218,1706,1686,1516,768,410,768,1065,695,492,1153,1300,1024,1686,532,934,682,1579,831,918,1460,1217,1579,1024,819,1124,705,618,682,1180,901,682,682,426,1024,918,1708,1708,1708,705,1622,1622,1622,1622,1622,1622,2028,1473,1194,1194,1194,1194,748,748,748,748,1729,1772,1686,1686,1686,1686,1686,1167,1686,1749,1749,1749,1749,1686,1300,2088,1622,1622,1622,1622,1622,1622,2028,1473,1194,1194,1194,1194,748,748,748,748,1729,1772,1686,1686,1686,1686,1686,1124,1686,1749,1749,1749,1749,1686,1300,1686,2111,2111,1044,1044,1686,1516,1516,1642,682,682,1024,2048,492,492,492,938,938,938,934,934,725,2048,1679,469,469,1389,2154
Perpetua	0	461,598,836,1368,938,1536,1260,369,641,641,938,1366,598,641,598,1024,938,938,938,938,938,938,938,938,938,938,598,598,1366,1366,1366,641,1886,1217,1044,1260,1366,1044,938,1343,1366,532,662,1260,1024,1579,1366,1493,1024,1473,1217,854,1153,1366,1217,1878,1260,1153,1153,532,1024,532,961,1024,682,748,917,788,938,831,532,854,897,469,469,897,492,1473,938,938,938,917,705,641,598,938,854,1366,938,854,748,983,1016,983,1366,461,598,854,938,1389,1153,1016,854,682,1556,492,854,1366,641,1556,1024,817,1366,618,618,682,1044,928,598,682,618,598,854,1536,1536,1536,641,1217,1217,1217,1217,1217,1217,1579,1260,1044,1044,1044,1044,532,532,532,532,1366,1366,1493,1493,1493,1493,1493,1368,1493,1366,1366,1366,1366,1153,1024,938,748,748,748,748,748,748,1260,788,831,831,831,831,469,469,469,469,948,938,938,938,938,938,938,1368,938,938,938,938,938,854,938,854,1878,1473,854,641,1153,1153,748,1280,682,682,1024,2048,598,598,598,641,641,641,854,854,717,2048,2028,532,532,938,2007
Microsoft PhagsPa	0	561,582,803,1210,1104,1676,1639,471,618,618,854,1401,444,819,444,798,1104,1104,1104,1104,1104,1104,1104,1104,1104,1104,444,444,1401,1401,1401,918,1956,1321,1174,1268,1436,1036,1000,1405,1454,545,731,1188,964,1839,1532,1544,1147,1544,1225,1088,1073,1407,1272,1913,1208,1132,1168,618,776,618,1401,850,549,1042,1204,946,1206,1071,641,1206,1159,496,496,1018,496,1764,1159,1200,1204,1206,712,869,694,1159,981,1480,940,991,926,618,490,618,1401,561,582,1104,1104,1138,1104,490,918,848,1823,803,1036,1401,819,1823,850,772,1401,750,750,578,1182,938,444,420,750,882,1036,1856,1906,1950,918,1321,1321,1321,1321,1321,1321,1762,1268,1036,1036,1036,1036,545,545,545,545,1436,1532,1544,1544,1544,1544,1544,1401,1544,1407,1407,1407,1407,1132,1147,1114,1042,1042,1042,1042,1042,1042,1704,946,1071,1071,1071,1071,496,496,496,496,1145,1159,1200,1200,1200,1200,1200,1401,1200,1159,1159,1159,1159,991,1204,991,1906,1900,1088,869,1132,1168,926,1104,760,690,1000,1400,469,469,469,772,772,772,768,768,832,1501,2478,647,647,1105,1583
Microsoft PhagsPa	1	565,670,1010,1213,1178,1776,1740,600,756,756,932,1448,555,828,555,908,1178,1178,1178,1178,1178,1178,1178,1178,1178,1178,555,555,1448,1448,1448,897,1954,1440,1313,1278,1510,1090,1065,1456,1569,649,912,1329,1047,1960,1618,1553,1258,1553,1337,1148,1200,1481,1366,2058,1342,1243,1243,756,893,756,1448,850,643,1102,1270,983,1268,1108,785,1268,1233,582,582,1145,582,1876,1239,1252,1270,1268,815,901,797,1239,1110,1633,1131,1102,981,756,668,756,1448,565,670,1178,1178,1139,1178,668,994,946,1790,840,1190,1448,828,1790,850,778,1448,828,828,621,1255,1043,555,441,807,934,1190,1950,1977,2005,897,1440,1440,1440,1440,1440,1440,1915,1278,1090,1090,1090,1090,649,649,649,649,1510,1618,1552,1552,1552,1552,1552,1448,1553,1481,1481,1481,1481,1243,1258,1286,1102,1102,1102,1102,1102,1102,1696,983,1108,1108,1108,1108,582,582,582,582,1215,1239,1251,1251,1251,1251,1251,1448,1252,1239,1239,1239,1239,1102,1270,1102,1925,1893,1148,901,1132,1243,981,1178,785,785,1024,2048,594,594,594,1010,1010,1010,832,832,865,1868,2573,705,705,1178,1579
Playbill	0	614,385,696,565,731,764,909,372,639,639,654,731,336,256,337,681,731,731,727,731,726,731,731,727,731,727,337,336,887,731,887,560,795,680,662,606,669,640,609,646,714,410,575,713,628,951,772,623,624,634,739,583,633,648,640,908,648,654,591,528,681,528,895,1024,1024,519,524,463,523,493,349,508,568,305,282,587,305,816,566,506,528,520,447,456,346,552,513,821,572,525,472,727,157,729,981,614,385,730,730,724,665,157,731,1024,955,556,446,887,256,955,-1,787,731,395,400,1024,523,881,-1,1056,404,523,446,1090,1091,1091,560,680,680,680,680,680,680,914,609,640,640,640,640,411,407,407,407,669,772,623,623,623,623,623,730,611,648,648,648,648,654,625,557,519,519,519,517,519,519,744,464,493,493,493,493,305,306,306,284,559,566,506,506,506,505,506,731,497,552,552,552,552,525,528,525,909,750,583,455,654,-1,-1,730,1024,1019,465,663,324,324,316,560,560,560,693,695,568,1020,1152,243,243,731,987
Poor Richard	0	328,264,463,1659,1020,2034,1833,250,485,485,451,1188,287,821,274,1167,1069,627,1094,1124,1094,1051,1106,1004,1028,1098,276,287,1188,1188,1188,852,1667,1483,1280,1370,1362,1047,920,1393,1397,532,821,1309,1067,1565,1370,1554,997,1565,1174,936,928,1366,1366,1970,1296,1331,1085,614,1167,614,961,1024,1024,942,999,829,1022,895,557,983,1008,522,479,1014,551,1417,961,897,1016,1010,643,621,610,997,920,1317,870,989,594,573,410,573,1108,328,264,827,1112,1024,1331,410,1018,1024,922,659,1372,1460,821,922,1024,545,1188,874,899,1024,1124,1599,324,1024,502,629,1372,1315,1542,1573,852,1483,1483,1483,1483,1483,1483,2077,1370,1047,1047,1047,1047,532,532,532,532,1362,1370,1554,1554,1554,1554,1554,1188,1554,1366,1366,1366,1366,1331,997,1094,942,942,942,942,942,942,1466,829,895,895,895,895,522,522,522,522,1014,961,897,897,897,897,897,1188,897,997,997,997,997,989,1016,989,1978,1583,936,621,1331,-1,-1,557,1024,1024,1024,2048,276,307,307,659,698,633,610,610,440,829,2931,819,819,1370,1106
Pristina	0	369,492,565,1079,791,1159,1460,328,819,819,543,868,410,743,410,819,866,516,895,784,948,891,924,838,973,932,410,410,606,868,606,956,1217,1311,1325,1034,1311,1235,1229,1237,1436,848,893,1503,1087,1907,1432,1194,1159,1239,1446,1120,1163,1534,1356,2011,1315,1366,1120,819,819,819,922,1024,614,797,858,602,823,600,498,795,856,389,389,793,389,1317,860,713,844,733,643,500,479,813,711,1055,672,834,655,819,819,819,922,369,492,672,1044,936,1155,819,774,614,1339,797,891,1096,868,1339,1024,471,868,702,711,614,813,1040,344,614,516,797,891,1421,1421,1421,956,1311,1311,1311,1311,1311,1311,1782,1034,1235,1235,1235,1235,848,848,848,848,1311,1432,1194,1194,1194,1194,1194,868,1188,1534,1534,1534,1534,1366,1159,911,797,797,797,797,797,797,1001,602,600,600,600,600,389,389,389,389,713,860,713,713,713,713,713,868,713,813,813,813,813,834,844,834,1692,1036,1120,500,1366,-1,-1,1135,614,614,909,2241,410,410,410,633,633,633,780,780,541,2048,1720,543,543,1034,1802
Rage Italic	0	512,612,868,1024,1024,1008,1466,612,911,911,793,1024,502,498,502,932,1061,537,926,950,969,866,981,858,979,928,502,502,1024,1024,1024,1163,1493,1221,1440,1108,1409,1161,1022,1075,1370,768,979,1438,1300,1884,1526,1137,1260,1122,1380,1296,1008,1440,1147,1616,1227,1362,1159,920,932,920,1024,1024,1024,877,637,690,924,662,446,745,901,616,506,883,543,1290,1063,741,920,987,735,549,567,1006,745,1094,784,934,676,920,1024,920,1366,512,612,1024,1024,1386,834,1024,1024,1024,1640,535,666,1024,498,1640,1024,645,1024,659,659,1024,979,1016,502,1024,659,453,666,1690,1690,1690,1163,1221,1221,1221,1221,1221,1221,1915,1108,1161,1161,1161,1161,768,768,768,768,1409,1526,1137,1137,1137,1137,1137,1024,1137,1440,1440,1440,1440,1362,1260,815,877,877,877,877,877,877,1065,690,662,662,662,662,616,616,616,616,741,1063,741,741,741,741,741,1024,954,1006,1006,1006,1006,934,920,934,1845,1104,1296,549,1362,1159,676,805,1024,1024,1024,1395,612,612,502,868,868,868,1024,1024,1366,1507,1391,498,481,1049,1788
Ravie	0	819,854,971,1296,1544,1620,1806,551,840,840,1182,1325,848,1059,885,1311,1534,1026,1626,1694,1944,1681,1634,1430,1430,1630,885,848,834,993,834,1513,1655,1880,1665,1509,1724,1755,1581,1614,1845,1079,1575,1978,1649,2617,1690,1671,1720,1673,2157,1661,1796,1753,1950,2646,1905,1903,1901,811,1311,811,1008,1612,1075,1712,1616,1485,1577,1481,1511,1540,1581,1020,1395,1737,840,2451,1569,1442,1575,1612,1577,1524,1614,1618,1538,2327,1665,1745,1686,1106,668,1106,1100,410,854,1440,1585,1221,1796,668,1448,1075,1671,1113,1485,942,1325,1671,1075,758,838,1057,1101,1075,784,1460,885,1075,667,937,1485,2423,2359,2791,1513,1880,1880,1880,1880,1880,1880,2787,1509,1755,1755,1755,1755,1079,1079,1079,1079,1724,1690,1671,1671,1671,1671,1671,1325,1534,1753,1753,1753,1753,1903,1782,2515,1712,1712,1712,1712,1712,1712,2374,1485,1481,1481,1481,1481,1020,1020,1020,1020,1530,1569,1442,1442,1442,1442,1442,838,1442,1618,1618,1618,1618,1745,1575,1745,2716,2335,1661,1524,1903,1901,1686,1610,1075,1075,1288,1942,754,754,754,1421,1421,1421,1319,1354,1071,2513,2488,852,852,1858,1878
MS Reference Sans Serif	0	720,806,940,1676,1302,2204,1488,550,930,930,1302,1676,745,930,745,930,1302,1302,1302,1302,1302,1302,1302,1302,1302,1302,930,930,1676,1676,1676,1117,2048,1400,1404,1430,1578,1295,1177,1588,1539,862,931,1419,1140,1726,1532,1612,1235,1612,1424,1400,1262,1499,1400,2025,1403,1260,1403,930,930,930,1676,1302,1302,1230,1276,1067,1276,1220,720,1276,1296,562,705,1212,562,1992,1296,1243,1276,1276,874,1067,807,1296,1212,1676,1212,1212,1076,1300,930,1300,1676,720,806,1302,1302,1302,1302,930,1302,1302,2048,1117,1320,1676,930,2048,1302,1110,1676,1110,1110,1302,1314,1302,745,1302,1110,1117,1320,2048,2048,2048,1117,1400,1400,1400,1400,1400,1400,2016,1430,1295,1295,1295,1295,862,862,862,862,1588,1532,1612,1612,1612,1612,1612,1676,1612,1499,1499,1499,1499,1260,1240,1270,1230,1230,1230,1230,1230,1230,1956,1067,1220,1220,1220,1220,562,562,562,562,1253,1296,1243,1243,1243,1243,1243,1676,1243,1296,1296,1296,1296,1212,1276,1212,2191,2010,1400,1067,1260,1403,1076,1302,1302,1302,1302,2048,550,550,550,940,940,940,1302,1302,1117,1676,3116,930,930,1302,2000
MS Reference Specialty	0	569,-1,-1,1707,2832,1237,2048,2048,2048,2048,2048,2048,2048,2048,391,1237,1237,1237,1479,2141,1237,1358,1348,1804,2454,2454,2454,1626,1237,1200,1700,375,1196,2913,2998,2141,1878,1237,1200,1700,1826,1536,1536,1536,1536,1536,1536,1536,1536,1536,1536,1536,1536,1536,1536,1536,1536,1536,1536,1536,1536,1536,1536,1536,1536,1536,1536,1536,1536,1536,1536,1536,1536,1139,1139,1139,2378,1549,832,1998,2169,2178,1165,1400,2115,1400,2980,1400,1400,935,2115,4084,2115,1400,1400,935,935,935,935,935,935,935,935,1400,1400,935,935,935,935,1483,2271,2271,2271,1483,1483,935,935,935,1525,935,935,935,935,935,935,935,935,935,2000,2504,2000,2000,2000,1793,946,1793,1793,505,2504,-1,-1,-1,-1,-1,-1,-1,-1,-1,-1,-1,-1,-1,-1,-1,-1,-1,-1,-1,-1,-1,-1,-1,-1,-1,-1,-1,-1,-1,-1,-1,-1,-1,-1,-1,-1,-1,-1,-1,-1,-1,-1,-1,-1,-1,-1,-1,-1,-1,-1,-1,-1,-1,-1,-1,-1,-1,-1,-1,-1,-1,-1,-1,-1,-1,-1,-1,-1,-1,-1,-1,-1,-1,-1,-1,-1,-1,-1,-1
Rockwell Condensed	1	682,598,971,1368,961,1237,1217,487,575,575,1067,1366,598,682,598,1194,874,874,874,874,874,874,874,874,874,874,598,598,1366,1366,1366,831,1997,1130,1110,1004,1130,1087,1087,1087,1217,725,682,1153,1067,1493,1130,1130,1110,1110,1110,897,1087,1067,1153,1516,1194,1174,961,618,1194,618,1196,1024,682,1004,981,897,981,874,618,1004,1067,618,598,961,575,1579,1087,981,981,981,705,748,618,1067,897,1260,811,918,831,797,1204,797,1343,682,598,897,1087,1366,1174,1204,874,682,1511,662,1087,1366,682,1511,1024,819,1368,512,512,682,1251,1139,598,682,512,641,1087,1237,1237,1237,831,1130,1130,1130,1130,1130,1130,1450,1004,1087,1087,1087,1087,725,725,725,725,1130,1130,1130,1130,1130,1130,1130,1366,1130,1067,1067,1067,1067,1174,1110,981,1004,1004,1004,1004,1004,1004,1386,897,874,874,874,874,618,618,618,618,981,1087,981,981,981,981,981,1368,981,1067,1067,1067,1067,918,981,918,1493,1366,897,748,1174,961,831,1139,682,682,1024,2048,598,598,598,1067,1067,1067,874,874,717,2048,1749,598,598,874,2048
Rockwell Condensed	0	682,342,727,1368,918,1153,961,391,469,469,788,1366,342,532,342,1044,748,748,748,748,748,748,748,748,748,748,342,342,1366,1366,1366,705,2079,938,874,831,897,811,768,831,961,532,532,918,768,1217,981,854,854,854,918,788,874,938,918,1280,938,897,705,512,1044,512,961,1024,682,768,788,705,768,705,512,768,768,449,406,748,406,1130,788,705,768,788,575,641,512,788,831,1174,682,831,705,684,1079,684,1343,682,342,705,811,1366,897,1079,705,682,1511,492,748,1366,532,1511,1024,819,1366,449,449,682,1139,1102,342,682,449,449,748,1153,1153,1153,705,938,938,938,938,938,938,1237,831,811,811,811,811,532,532,532,532,897,981,854,854,854,854,854,1368,854,938,938,938,938,897,854,788,768,768,768,768,768,768,1067,705,705,705,705,705,449,449,449,449,711,788,705,705,705,705,705,1368,705,788,788,788,788,831,752,831,1174,1067,788,641,897,705,705,1139,682,682,1024,2048,342,342,342,682,682,682,705,705,717,2048,1599,469,469,748,2048
Rockwell	0	512,598,831,1366,1110,1985,1386,362,768,768,1067,1366,598,725,598,897,1110,1110,1110,1110,1110,1110,1110,1110,1110,1110,598,598,1366,1366,1366,961,2068,1430,1194,1556,1493,1280,1130,1642,1450,641,641,1280,1067,1792,1473,1642,1174,1642,1237,1087,1174,1386,1450,2048,1343,1323,1153,768,897,768,961,1024,682,1087,1323,1067,1280,1174,598,1280,1174,598,598,1174,598,1772,1174,1174,1280,1260,854,938,618,1153,1110,1579,1130,1153,918,682,1079,682,1194,512,598,1067,1110,1366,1323,1079,981,682,1516,705,981,1366,725,1516,1024,811,1366,682,682,682,1130,1110,-1,682,682,768,981,1985,1985,1985,961,1430,1430,1430,1430,1430,1430,1921,1556,1280,1280,1280,1280,641,641,641,641,1493,1473,1642,1642,1642,1642,1642,1366,1642,1386,1386,1386,1386,1323,1174,1323,1087,1087,1087,1087,1087,1087,1812,1067,1174,1174,1174,1174,598,598,598,598,1174,1174,1174,1174,1174,1174,1174,1366,1174,1153,1153,1153,1153,1153,1280,1153,2091,1942,1087,938,1323,-1,-1,1130,682,682,1024,2048,598,598,598,1067,1067,1067,1067,1067,725,2048,2218,598,598,1110,2048
Rockwell	1	512,725,1130,1368,1153,1898,1642,575,705,705,1174,1368,725,705,725,1040,1130,1130,1130,1130,1130,1130,1130,1130,1130,1130,725,725,1368,1368,1368,1153,2005,1430,1430,1599,1642,1366,1323,1729,1556,874,831,1599,1323,2134,1622,1749,1366,1749,1493,1087,1386,1386,1430,2028,1516,1430,1323,854,1040,854,1194,1024,682,1194,1280,1153,1280,1174,725,1280,1280,725,725,1323,725,2028,1280,1174,1280,1280,918,1044,705,1280,1174,1665,1153,1217,1087,788,1251,788,1194,512,725,1153,1174,1368,1430,1251,1067,682,1516,811,1110,1368,705,1516,1024,811,1368,682,682,682,1260,1130,-1,682,682,768,1110,1898,1898,1898,1153,1430,1430,1430,1430,1430,1430,2028,1599,1366,1366,1366,1366,874,874,874,874,1642,1622,1749,1749,1749,1749,1749,1368,1749,1386,1386,1386,1386,1430,1366,1323,1194,1194,1194,1194,1194,1194,1812,1153,1174,1174,1174,1174,725,725,725,725,1174,1280,1174,1174,1174,1174,1174,1368,1174,1280,1280,1280,1280,1217,1280,1217,2068,2068,1087,1044,1430,-1,-1,1130,682,682,1024,2048,725,725,725,1217,1217,1217,1004,1004,725,2048,2390,555,555,1130,2048
Rockwell	3	512,682,1130,1368,1024,1898,1516,575,705,705,1153,1368,682,705,682,1040,1110,1110,1110,1110,1110,1110,1110,1110,1110,1110,682,682,1366,1366,1366,1110,2005,1323,1366,1579,1556,1300,1194,1665,1516,811,768,1450,1237,2091,1622,1686,1323,1686,1430,1044,1409,1450,1323,1835,1386,1280,1237,788,1040,788,1194,1024,682,1174,1237,1087,1237,1130,682,1237,1237,682,662,1174,682,1985,1237,1174,1237,1237,854,1004,682,1237,1044,1556,1024,1153,981,788,1251,788,1194,512,682,1087,1044,1366,1280,1251,1044,682,1516,768,1087,1368,705,1516,1024,811,1368,682,682,682,1260,1130,682,682,682,768,1087,1898,1898,1898,1110,1323,1323,1323,1323,1323,1323,1898,1579,1300,1300,1300,1300,811,811,811,811,1556,1622,1686,1686,1686,1686,1686,1366,1686,1450,1450,1450,1450,1280,1323,1260,1174,1174,1174,1174,1174,1174,1729,1087,1130,1130,1130,1130,682,682,682,682,1300,1237,1174,1174,1174,1174,1174,1368,1174,1237,1237,1237,1237,1153,1237,1153,2048,2028,1044,1004,1280,1237,981,1130,682,682,1024,2048,682,682,682,1217,1217,1217,981,1004,725,2048,2390,532,532,1110,2048
Rockwell Extra Bold	0	512,811,1024,1368,1280,1985,1792,569,938,938,1280,1368,811,918,811,575,1409,1409,1409,1409,1409,1409,1409,1409,1409,1409,811,811,1368,1368,1368,1300,1516,1556,1749,1642,1792,1536,1450,1729,1792,938,918,1749,1430,2261,1749,1772,1686,1772,1749,1280,1536,1493,1536,2261,2048,1493,1493,1024,575,1024,1352,1024,682,1536,1622,1409,1642,1430,938,1622,1622,831,831,1516,831,2454,1642,1536,1642,1642,1110,1260,938,1622,1386,2091,1386,1343,1343,797,1309,797,1343,512,811,1409,1280,1368,1493,1309,1386,682,1642,981,1579,1368,918,1642,1024,819,1368,831,831,682,1366,1741,-1,682,831,981,1579,1985,1985,1985,1300,1556,1556,1556,1556,1556,1556,2241,1642,1536,1536,1536,1536,938,938,938,938,1792,1749,1772,1772,1772,1772,1772,1368,1772,1493,1493,1493,1493,1493,1686,1622,1536,1536,1536,1536,1536,1536,2198,1409,1430,1430,1430,1430,831,831,831,831,1552,1642,1536,1536,1536,1536,1536,1368,1536,1622,1622,1622,1622,1343,1642,1343,2367,2284,1280,1260,1493,-1,-1,1130,682,682,1024,2048,811,811,811,1473,1473,1473,1386,1323,1024,2048,2646,831,831,1409,1942
Rockwell	2	512,575,854,1366,981,2048,1280,449,768,768,1067,1366,575,788,575,897,1087,1087,1087,1087,1087,1087,1087,1087,1087,1087,575,575,1366,1366,1366,938,2068,1323,1153,1473,1450,1174,1067,1599,1386,598,598,1217,1004,1706,1430,1599,1110,1599,1194,1067,1194,1300,1386,2028,1300,1174,1153,641,897,641,874,1024,682,1087,1260,1024,1237,1130,575,1237,1130,575,575,1067,575,1729,1130,1153,1237,1237,811,874,598,1130,981,1516,1044,1044,854,682,1079,682,1194,512,575,1024,938,1366,1174,1079,918,682,1516,705,938,1366,788,1516,1024,811,1366,662,662,682,1130,1110,-1,682,662,748,938,2048,2048,2048,938,1323,1323,1323,1323,1323,1323,1985,1473,1174,1174,1174,1174,598,598,598,598,1450,1430,1599,1599,1599,1599,1599,1366,1599,1300,1300,1300,1300,1174,1110,1260,1087,1087,1087,1087,1087,1087,1772,1024,1130,1130,1130,1130,575,575,575,575,1173,1130,1153,1153,1153,1153,1153,1366,1153,1130,1130,1130,1130,1044,1237,1044,2048,1898,1067,874,1174,-1,-1,1130,682,682,1024,2048,575,575,575,1004,1004,1004,1004,1004,725,2048,2218,532,532,1087,2048
Sans Serif Collection	0	532,551,836,1323,1171,1702,1499,461,614,614,1128,1171,549,659,549,762,1171,1171,1171,1171,1171,1171,1171,1171,1171,1171,549,549,1171,1171,1171,889,1841,1309,1331,1294,1495,1139,1063,1491,1518,694,559,1268,1073,1858,1556,1599,1239,1599,1274,1124,1139,1497,1229,1905,1200,1159,1171,674,762,674,1171,909,575,1149,1260,983,1260,1155,705,1260,1266,528,528,1094,528,1915,1266,1239,1260,1260,846,981,739,1266,1040,1610,1083,1044,963,778,1128,778,1171,532,551,1171,1171,1171,1171,1128,1051,1188,1704,731,1042,1171,659,1704,1024,877,1171,717,717,575,1276,1341,549,461,717,770,1042,1526,1579,1599,889,1309,1309,1309,1309,1309,1309,1804,1294,1139,1139,1139,1139,694,694,694,694,1495,1556,1599,1599,1599,1599,1599,1171,1599,1497,1497,1497,1497,1159,1239,1292,1149,1149,1149,1149,1149,1149,1769,983,1155,1155,1155,1155,528,528,528,528,1239,1266,1239,1239,1239,1239,1239,1171,1239,1266,1266,1266,1266,1044,1260,1044,1901,1937,1124,981,1159,1171,963,848,856,915,1024,2048,358,358,512,735,735,852,1049,1049,770,1620,2410,635,635,1171,1583
Century Schoolbook	1	588,606,682,1176,1176,1706,1745,494,797,797,1024,1241,569,682,569,569,1176,1176,1176,1176,1176,1176,1176,1176,1176,1176,569,569,1241,1241,1241,1024,1530,1554,1593,1593,1706,1554,1479,1706,1782,909,1327,1669,1479,2009,1706,1706,1554,1706,1669,1366,1479,1706,1554,2009,1479,1479,1366,797,1241,797,1241,1024,682,1251,1327,1139,1366,1176,797,1251,1403,758,721,1366,721,1972,1403,1251,1366,1327,1063,1024,872,1403,1251,1821,1251,1251,1100,797,1241,797,1241,588,606,1176,1176,1241,1479,1241,1024,682,1530,752,1024,1241,682,1530,1024,819,1124,705,705,682,1180,1530,682,682,705,752,1024,1763,1763,1763,1024,1554,1554,1554,1554,1554,1554,2009,1593,1554,1554,1554,1554,909,909,909,909,1706,1706,1706,1706,1706,1706,1706,1331,1706,1706,1706,1706,1706,1479,1554,1251,1251,1251,1251,1251,1251,1251,1782,1139,1176,1176,1176,1176,758,758,758,758,1251,1403,1251,1251,1251,1251,1251,1124,1251,1403,1403,1403,1403,1251,1366,1251,2048,1858,1366,1024,1479,1366,1100,1176,682,682,1024,2048,494,494,494,985,985,985,1024,1024,1241,2048,2048,682,682,1176,2048
Century Schoolbook	3	588,682,819,1241,1176,1820,1821,588,834,834,1024,1241,588,682,588,569,1176,1176,1176,1176,1176,1176,1176,1176,1176,1176,588,588,1241,1241,1241,985,1530,1518,1554,1554,1706,1518,1442,1669,1782,909,1366,1593,1442,1933,1745,1706,1518,1706,1630,1403,1479,1706,1518,1933,1518,1442,1442,834,1241,834,1241,1024,682,1366,1251,1100,1366,1063,797,1251,1403,797,758,1327,797,1933,1403,1176,1327,1290,1063,985,834,1403,1139,1706,1176,1063,1063,834,1241,834,1241,588,682,1176,1176,1176,1176,1241,1024,682,1530,844,985,1241,682,1530,1024,819,1124,705,705,682,1180,1331,682,682,705,729,985,1763,1763,1763,985,1518,1518,1518,1518,1518,1518,1821,1554,1518,1518,1518,1518,909,909,909,909,1706,1745,1706,1706,1706,1706,1706,1331,1706,1706,1706,1706,1706,1442,1518,1176,1366,1366,1366,1366,1366,1366,1669,1100,1063,1063,1063,1063,797,797,797,797,1176,1403,1176,1176,1176,1176,1176,1124,1176,1403,1403,1403,1403,1063,1327,1063,1972,1745,1403,985,1442,1442,1063,1176,682,682,1024,2048,530,530,530,985,985,985,1024,1024,1241,2048,2390,569,569,1176,1946
Century Schoolbook	2	569,682,819,1241,1139,1706,1745,569,682,682,1024,1241,569,682,569,1241,1139,1139,1139,1139,1139,1139,1139,1139,1139,1139,569,569,1241,1241,1241,909,1530,1442,1479,1479,1593,1479,1366,1593,1706,834,1251,1518,1366,1933,1669,1593,1366,1593,1518,1366,1403,1669,1442,1896,1442,1403,1366,682,1241,682,1241,1024,682,1176,1139,909,1251,909,682,1100,1251,682,645,1139,682,1821,1251,1024,1176,1139,909,909,721,1251,1063,1593,1024,1024,948,682,1241,682,1241,588,682,1139,1139,1241,1139,1241,1024,682,1530,864,872,1241,682,1530,1024,819,1124,682,682,682,1180,1331,682,682,682,762,872,1706,1706,1706,909,1442,1442,1442,1442,1442,1442,1782,1479,1479,1479,1479,1479,834,834,834,834,1593,1669,1593,1593,1593,1593,1593,1241,1593,1669,1669,1669,1669,1403,1366,1139,1176,1176,1176,1176,1176,1176,1479,909,909,909,909,909,682,682,682,682,1024,1251,1024,1024,1024,1024,1024,1124,1024,1251,1251,1251,1251,1024,1176,1024,2009,1593,1366,909,1403,1366,948,1139,682,682,1024,2048,418,418,418,797,797,797,1024,1024,1241,2048,2048,682,682,1139,1946
Script MT Bold	0	512,662,901,1368,1067,1559,1386,492,981,981,981,1366,492,670,406,811,1067,811,1069,1067,1067,1067,1067,1081,1071,1067,575,662,1366,1366,1366,897,1704,1386,1556,1153,1556,1067,1237,1300,1812,1237,1067,1729,1300,2048,1812,1300,1386,1300,1642,1153,1386,1556,1386,1962,1473,1556,1153,981,812,981,1167,1024,682,1067,897,748,1067,748,811,981,981,492,748,981,662,1473,981,897,1153,1067,748,831,575,1067,897,1386,1153,1067,981,807,1118,807,1366,512,662,748,1300,1409,1393,1118,1067,682,1530,725,897,1366,670,1530,1024,819,1366,662,662,682,1180,1106,406,682,694,618,897,1520,1518,1495,897,1386,1386,1386,1386,1386,1386,1749,1153,1067,1067,1067,1067,1237,1237,1237,1237,1556,1812,1300,1300,1300,1300,1300,1368,1300,1556,1556,1556,1556,1556,1686,1237,1067,1067,1067,1067,1067,1067,1237,748,748,748,748,748,492,492,492,492,897,981,897,897,897,897,897,1368,897,1067,1067,1067,1067,1067,1153,1067,2134,1237,1153,831,1556,1153,981,1024,682,682,1024,2048,492,492,492,981,981,981,1153,1300,717,2048,2050,575,575,1133,2048
Segoe MDL2 Assets	0	561,-1,-1,-1,-1,-1,-1,-1,-1,-1,-1,-1,-1,-1,-1,-1,-1,-1,-1,-1,-1,-1,-1,-1,-1,-1,-1,-1,-1,-1,-1,-1,-1,-1,-1,-1,-1,-1,-1,-1,-1,-1,-1,-1,-1,-1,-1,-1,-1,-1,-1,-1,-1,-1,-1,-1,-1,-1,-1,-1,-1,-1,-1,-1,-1,-1,-1,-1,-1,-1,-1,-1,-1,-1,-1,-1,-1,-1,-1,-1,-1,-1,-1,-1,-1,-1,-1,-1,-1,-1,-1,-1,-1,-1,-1,-1,-1,-1,-1,-1,-1,-1,-1,-1,-1,-1,-1,-1,-1,-1,-1,-1,-1,-1,-1,-1,-1,-1,-1,-1,-1,-1,-1,-1,-1,-1,-1,-1,-1,-1,-1,-1,-1,-1,-1,-1,-1,-1,-1,-1,-1,-1,-1,-1,-1,-1,-1,-1,-1,-1,-1,-1,-1,-1,-1,-1,-1,-1,-1,-1,-1,-1,-1,-1,-1,-1,-1,-1,-1,-1,-1,-1,-1,-1,-1,-1,-1,-1,-1,-1,-1,-1,-1,-1,-1,-1,-1,-1,-1,-1,-1,-1,-1,-1,-1,-1,-1,-1,-1,-1,-1,-1,-1,-1,-1,-1,-1,-1,-1,-1,-1,-1,-1,-1,-1,-1,-1,-1
Segoe Fluent Icons	0	600,-1,-1,-1,-1,-1,-1,-1,-1,-1,-1,-1,-1,-1,-1,-1,-1,-1,-1,-1,-1,-1,-1,-1,-1,-1,-1,-1,-1,-1,-1,-1,-1,-1,-1,-1,-1,-1,-1,-1,-1,-1,-1,-1,-1,-1,-1,-1,-1,-1,-1,-1,-1,-1,-1,-1,-1,-1,-1,-1,-1,-1,-1,-1,-1,-1,-1,-1,-1,-1,-1,-1,-1,-1,-1,-1,-1,-1,-1,-1,-1,-1,-1,-1,-1,-1,-1,-1,-1,-1,-1,-1,-1,-1,-1,-1,-1,-1,-1,-1,-1,-1,-1,-1,-1,-1,-1,-1,-1,-1,-1,-1,-1,-1,-1,-1,-1,-1,-1,-1,-1,-1,-1,-1,-1,-1,-1,-1,-1,-1,-1,-1,-1,-1,-1,-1,-1,-1,-1,-1,-1,-1,-1,-1,-1,-1,-1,-1,-1,-1,-1,-1,-1,-1,-1,-1,-1,-1,-1,-1,-1,-1,-1,-1,-1,-1,-1,-1,-1,-1,-1,-1,-1,-1,-1,-1,-1,-1,-1,-1,-1,-1,-1,-1,-1,-1,-1,-1,-1,-1,-1,-1,-1,-1,-1,-1,-1,-1,-1,-1,-1,-1,-1,-1,-1,-1,-1,-1,-1,-1,-1,-1,-1,-1,-1,-1,-1,-1
Segoe Print	0	819,664,827,1632,1124,1495,1892,473,823,745,1053,1169,700,1313,514,1178,1496,1496,1496,1496,1496,1496,1496,1496,1496,1496,610,676,1098,1282,1174,1055,1686,1592,1504,1432,1627,1401,1214,1589,1650,649,1220,1524,1289,1938,1655,1646,1447,1657,1493,1308,1376,1587,1469,2074,1502,1374,1568,831,1124,858,1178,854,643,1202,1192,1038,1354,1065,763,1176,1282,592,660,1211,586,2105,1358,1158,1324,1174,1043,869,960,1249,1118,1805,1103,1210,1029,866,662,825,1593,801,586,1042,1370,1493,1325,662,858,721,1958,973,1497,1475,1313,1915,854,1038,1169,901,795,762,1518,1370,524,637,610,895,1493,1700,1747,1794,987,1592,1592,1592,1592,1592,1592,2273,1432,1401,1401,1401,1401,649,649,649,649,1627,1655,1646,1646,1646,1646,1646,1169,1646,1587,1587,1587,1587,1374,1620,1139,1202,1202,1202,1202,1202,1202,1674,1038,1065,1065,1065,1065,592,592,592,592,1030,1358,1158,1158,1158,1158,1158,1184,1158,1249,1249,1249,1249,1210,1324,1210,2368,1739,1308,869,1374,1568,1029,1044,801,940,1649,2341,637,485,485,1192,1176,1176,854,987,877,1663,2101,809,813,1689,2120
Segoe Print	1	819,660,823,1628,1120,1491,1795,469,819,741,1049,1165,696,1309,510,1174,1492,1492,1492,1492,1492,1492,1492,1492,1492,1492,606,672,1094,1278,1170,1051,1682,1588,1500,1428,1623,1397,1210,1585,1646,645,1216,1520,1285,1934,1651,1642,1443,1653,1489,1304,1372,1583,1465,2070,1498,1370,1604,827,1120,854,1174,850,639,1198,1188,1034,1350,1061,759,1172,1278,588,656,1207,582,2048,1354,1154,1320,1170,1039,865,956,1245,1114,1801,1099,1206,1025,862,658,821,1589,801,582,1038,1366,1489,1321,658,854,717,1954,969,1493,1471,1309,1911,850,1034,1165,897,791,758,1514,1366,520,633,606,891,1489,1696,1743,1790,983,1588,1588,1588,1588,1588,1588,2269,1428,1397,1397,1397,1397,645,645,645,645,1623,1651,1642,1642,1642,1642,1642,1165,1642,1583,1583,1583,1583,1370,1616,1264,1198,1198,1198,1198,1198,1198,1670,1034,1061,1061,1061,1061,588,588,588,588,1026,1354,1154,1154,1154,1154,1154,1180,1154,1245,1245,1245,1245,1206,1320,1206,2364,1735,1304,865,1370,1604,1025,1040,797,936,1645,2337,633,481,481,1188,1172,1172,850,983,873,1659,2097,805,809,1685,2116
Segoe Script	0	819,664,827,1632,1124,1495,1892,473,823,745,1053,1169,700,1313,514,1178,1496,1496,1496,1496,1496,1496,1496,1496,1496,1496,610,676,1098,1282,1174,1055,1686,1714,1546,1510,1778,1536,1193,1645,1687,637,1255,1599,1386,2058,1715,1646,1599,1701,1794,1253,1436,1582,1495,2074,1503,1395,1737,831,1124,858,1178,854,643,1343,1389,1075,1448,1078,816,999,1632,954,623,1400,909,2084,1553,1184,1376,1331,1048,854,764,1565,1194,1837,1386,1289,1236,866,662,825,1593,819,586,1042,1370,1493,1325,662,858,721,1958,1069,1497,1475,1313,1915,854,1038,1169,901,795,762,1518,1370,524,637,610,895,1493,1700,1747,1794,987,1714,1714,1714,1714,1714,1778,2255,1510,1536,1536,1536,1536,637,637,637,637,1845,1715,1646,1646,1646,1646,1646,1169,1745,1582,1582,1582,1582,1395,1620,1139,1343,1343,1343,1343,1343,1343,1493,1075,1078,1078,1078,1078,924,924,924,924,1030,1553,1184,1184,1184,1184,1184,1184,1194,1565,1565,1565,1565,1289,1380,1289,2341,1632,1253,854,1395,1737,1236,1044,801,940,1649,2341,637,485,485,1192,1176,1176,854,987,877,1663,2101,809,813,1689,2120
Segoe Script	1	819,664,827,1632,1124,1495,1892,473,823,745,1053,1169,700,1313,514,1178,1496,1496,1496,1496,1496,1496,1496,1496,1496,1496,610,676,1098,1282,1174,1055,1686,1714,1546,1510,1778,1536,1193,1645,1687,637,1255,1599,1386,2058,1715,1646,1599,1701,1794,1253,1436,1582,1495,2074,1503,1395,1737,831,1124,858,1178,854,643,1343,1389,1075,1448,1078,816,999,1632,954,623,1401,909,2084,1553,1184,1376,1331,1048,854,764,1565,1194,1837,1386,1289,1236,866,662,825,1593,819,586,1042,1370,1493,1325,662,858,721,1958,1069,1497,1475,1313,1915,854,1038,1169,901,795,762,1518,1370,524,637,610,895,1493,1700,1747,1794,987,1714,1714,1714,1714,1714,1778,2255,1510,1536,1536,1536,1536,637,637,637,637,1845,1715,1646,1646,1646,1646,1646,1169,1745,1582,1582,1582,1582,1395,1620,1185,1343,1343,1343,1343,1343,1343,1493,1075,1078,1078,1078,1078,924,924,924,924,1030,1553,1184,1184,1184,1184,1184,1184,1194,1565,1565,1565,1565,1289,1380,1289,2341,1632,1253,854,1395,1737,1236,1044,801,940,1649,2341,637,485,485,1192,1176,1176,854,987,877,1663,2101,809,813,1689,2120
Segoe UI	0	561,582,803,1210,1104,1676,1639,471,618,618,854,1401,444,819,444,798,1104,1104,1104,1104,1104,1104,1104,1104,1104,1104,444,444,1401,1401,1401,918,1956,1321,1174,1268,1436,1036,1000,1405,1454,545,731,1188,964,1839,1532,1544,1147,1544,1225,1088,1073,1407,1272,1913,1208,1132,1168,618,776,618,1401,850,549,1042,1204,946,1206,1071,641,1206,1159,496,496,1018,496,1764,1159,1200,1204,1206,712,869,694,1159,981,1480,940,991,926,618,490,618,1401,561,582,1104,1104,1138,1104,490,918,848,1823,803,1036,1401,819,1823,850,772,1401,750,750,578,1182,938,444,420,719,882,1036,1856,1906,1950,918,1321,1321,1321,1321,1321,1321,1762,1268,1036,1036,1036,1036,545,545,545,545,1436,1532,1544,1544,1544,1544,1544,1401,1544,1407,1407,1407,1407,1132,1147,1114,1042,1042,1042,1042,1042,1042,1704,946,1071,1071,1071,1071,496,496,496,496,1145,1159,1200,1200,1200,1200,1200,1401,1200,1159,1159,1159,1159,991,1204,991,1906,1900,1088,869,1132,1168,926,1104,760,690,1024,2048,469,469,469,772,772,772,768,768,832,1501,2478,647,647,1104,1583
Segoe UI	1	565,670,1010,1213,1178,1776,1740,600,756,756,932,1448,555,828,555,908,1178,1178,1178,1178,1178,1178,1178,1178,1178,1178,555,555,1448,1448,1448,897,1954,1440,1313,1278,1510,1090,1065,1456,1569,649,912,1329,1047,1960,1618,1553,1258,1553,1337,1148,1200,1481,1366,2058,1342,1243,1243,756,893,756,1448,850,643,1102,1270,983,1268,1108,785,1268,1233,582,582,1145,582,1876,1239,1252,1270,1268,815,901,797,1239,1110,1633,1131,1102,981,756,668,756,1448,565,670,1178,1178,1139,1178,668,994,946,1790,840,1190,1448,828,1790,850,778,1448,828,828,621,1255,1043,555,441,807,934,1190,1950,1977,2005,897,1440,1440,1440,1440,1440,1440,1915,1278,1090,1090,1090,1090,649,649,649,649,1510,1618,1552,1552,1552,1552,1552,1448,1553,1481,1481,1481,1481,1243,1258,1286,1102,1102,1102,1102,1102,1102,1696,983,1108,1108,1108,1108,582,582,582,582,1215,1239,1251,1251,1251,1251,1251,1448,1252,1239,1239,1239,1239,1102,1270,1102,1925,1893,1148,901,1243,1243,981,1178,785,785,1024,2048,594,594,594,1010,1010,1010,832,832,865,1868,2573,705,705,1178,1579
Segoe UI	2	563,653,766,1210,1104,1686,1576,463,623,623,856,1403,446,819,446,811,1104,1104,1104,1104,1104,1104,1104,1104,1104,1104,446,446,1403,1403,1403,881,1966,1294,1174,1309,1458,1022,1001,1409,1450,545,709,1228,948,1675,1538,1544,1178,1544,1192,1018,1077,1411,1286,1903,1210,1135,1167,623,791,623,1403,850,715,1110,1110,893,1110,997,604,1110,1141,530,492,1004,530,1757,1151,1096,1110,1110,727,809,662,1143,969,1475,932,991,926,623,492,623,1403,563,653,1104,1104,1139,1104,492,918,715,1862,893,1053,1403,819,1823,715,772,1403,750,750,715,1175,938,446,715,750,915,1053,1876,1939,1968,881,1294,1294,1294,1294,1294,1294,1751,1309,1022,1022,1022,1022,545,545,545,545,1458,1538,1544,1544,1544,1544,1544,1403,1544,1411,1411,1411,1411,1135,1178,1106,1110,1110,1110,1110,1110,1110,1692,893,997,997,997,997,530,530,530,530,1069,1151,1096,1096,1096,1096,1096,1403,1096,1143,1143,1143,1143,991,1110,991,1892,1743,1018,809,1135,1167,926,1104,715,715,1024,2048,432,432,432,766,766,766,770,770,829,1507,2482,647,647,1104,1583
Segoe UI Light	0	561,582,686,1237,1055,1606,1427,438,578,578,831,1331,455,815,455,750,1055,730,1055,1055,1087,1055,1055,1022,1055,1055,455,455,1331,1331,1331,881,1933,1288,1114,1272,1380,1024,952,1368,1386,467,664,1079,938,1706,1452,1559,1114,1544,1137,1018,1047,1327,1237,1833,1153,1106,1167,578,750,578,1331,850,508,1012,1147,909,1147,1034,565,1147,1096,420,420,909,420,1683,1096,1149,1147,1147,676,795,608,1096,928,1386,862,928,950,578,463,578,1331,561,582,1055,1055,1139,1055,463,918,817,1804,745,952,1331,815,1804,850,791,1331,674,674,508,1116,971,455,412,674,811,952,1513,1622,1513,881,1288,1288,1288,1288,1288,1288,1706,1272,1024,1024,1024,1024,467,467,467,467,1380,1452,1559,1559,1559,1559,1559,1331,1559,1327,1327,1327,1327,1106,1114,1061,1012,1012,1012,1012,1012,1012,1718,909,1034,1034,1034,1034,420,420,420,420,1090,1096,1149,1149,1149,1149,1149,1331,1149,1096,1096,1096,1096,928,1147,928,1935,1886,1018,795,1106,1167,950,1055,766,649,1024,2048,438,438,438,686,686,686,756,756,811,1364,2445,635,635,1055,1585
Segoe UI Semilight	0	561,582,744,1223,1079,1641,1436,454,598,598,842,1366,449,817,449,774,1079,768,1079,1079,1124,1079,1079,1034,1079,1079,449,449,1366,1366,1366,899,1944,1303,1144,1270,1408,1030,976,1386,1420,506,697,1133,951,1772,1492,1551,1130,1551,1181,1053,1060,1367,1254,1873,1180,1119,1167,598,763,598,1366,850,528,1026,1175,927,1176,1052,603,1176,1127,458,458,963,458,1723,1127,1174,1175,1176,694,832,651,1128,954,1433,902,959,938,598,476,598,1366,561,582,1079,1079,1138,1079,476,918,832,1813,774,994,1366,817,1813,850,781,1366,712,712,543,1149,954,449,416,712,846,994,1513,1647,1513,899,1303,1303,1303,1303,1303,1304,1734,1270,1030,1030,1030,1030,506,506,506,506,1408,1492,1551,1551,1551,1551,1551,1366,1551,1367,1367,1367,1367,1119,1130,1087,1026,1026,1026,1026,1026,1026,1711,927,1052,1052,1052,1052,458,458,458,458,1117,1127,1174,1174,1174,1174,1174,1366,1174,1128,1128,1128,1128,959,1175,959,1920,1893,1053,832,1119,1167,938,1079,763,669,1024,2048,453,453,453,729,729,729,762,762,821,1432,2451,641,641,1080,1584
Segoe UI	3	563,709,1010,1171,1180,1778,1641,600,758,758,932,1450,555,827,555,909,1180,1180,1180,1180,1180,1180,1180,1180,1180,1180,555,555,1450,1450,1450,920,1954,1440,1327,1300,1542,1085,1067,1452,1565,649,907,1333,1049,1781,1636,1554,1290,1554,1311,1100,1202,1481,1366,2064,1341,1245,1243,758,895,758,1450,850,899,1214,1214,946,1214,1065,768,1214,1225,650,538,1151,650,1866,1225,1178,1214,1214,819,899,768,1225,1092,1628,1122,1102,995,758,668,758,1450,563,709,1180,1180,1139,1180,668,995,899,1792,961,1200,1450,827,1790,899,778,1450,846,846,899,1262,1042,555,899,774,934,1200,1946,1974,2005,920,1440,1440,1440,1440,1440,1440,1933,1300,1085,1085,1085,1085,649,649,649,649,1542,1636,1554,1554,1554,1554,1554,1450,1554,1481,1481,1481,1481,1245,1290,1235,1214,1214,1214,1214,1214,1214,1761,946,1065,1065,1065,1065,650,650,650,650,1165,1225,1178,1178,1178,1178,1178,1450,1178,1225,1225,1225,1225,1102,1214,1102,1876,1778,1100,899,1245,1243,995,1180,899,899,1024,2048,596,596,596,1010,1010,1010,831,831,864,1872,2591,705,705,1180,1579
Segoe UI Black	0	569,750,1188,1227,1227,1839,1513,705,862,862,991,1464,655,834,655,987,1227,990,1227,1227,1271,1227,1227,1227,1227,1227,655,655,1464,1464,1464,866,1944,1536,1415,1290,1554,1130,1108,1489,1643,714,1047,1413,1108,2021,1663,1567,1343,1567,1397,1171,1303,1516,1438,2157,1438,1331,1313,862,987,862,1464,850,711,1149,1315,1014,1315,1147,883,1315,1264,631,631,1214,631,1946,1282,1298,1315,1315,893,989,854,1282,1204,1731,1272,1176,1042,862,815,862,1464,561,750,1227,1227,1139,1227,815,1063,1024,1755,852,1294,1464,834,1755,741,791,1464,758,758,633,1294,1147,655,457,758,950,1294,1950,1976,2005,866,1536,1536,1536,1536,1536,1536,2030,1290,1130,1130,1130,1130,714,714,772,772,1554,1663,1567,1567,1567,1567,1567,1464,1567,1516,1516,1516,1516,1331,1343,1417,1149,1149,1149,1149,1149,1149,1716,1014,1147,1147,1147,1147,631,631,631,631,1278,1282,1298,1298,1298,1298,1298,1464,1298,1282,1282,1282,1282,1176,1315,1176,1954,1898,1171,989,1331,1313,1042,1178,785,785,1024,2048,694,694,694,1188,1188,1188,885,885,885,2142,2642,750,750,1227,1577
Segoe UI Black	2	563,713,1188,1145,1227,1839,1550,705,862,862,991,1464,655,834,655,987,1264,990,1137,1065,1214,1118,1214,1124,1227,1227,655,655,1464,1464,1464,907,1944,1536,1436,1290,1591,1130,1108,1497,1645,713,1051,1413,1108,2019,1690,1565,1364,1565,1397,1171,1303,1511,1438,2157,1438,1331,1313,862,987,862,1464,850,1024,1292,1292,971,1292,1110,883,1292,1282,631,631,1239,631,1942,1282,1237,1292,1292,886,973,842,1282,1184,1731,1272,1176,1067,862,815,862,1464,563,713,1227,1227,1139,1227,815,1063,1024,1755,991,1290,1464,834,1755,1024,791,1464,768,768,1024,1386,1147,655,1024,768,950,1290,1932,1995,1933,907,1536,1536,1536,1536,1536,1536,2050,1290,1130,1130,1130,1130,713,713,713,713,1591,1690,1565,1565,1565,1565,1565,1464,1565,1511,1511,1511,1511,1331,1364,1406,1292,1292,1292,1292,1292,1292,1812,971,1110,1110,1110,1110,631,631,631,631,1237,1282,1237,1237,1237,1237,1237,1464,1237,1282,1282,1282,1282,1176,1292,1176,1862,1804,1171,973,1331,1313,1067,1227,1024,1024,1024,2048,735,735,735,1188,1188,1188,885,885,885,2142,2654,750,750,1227,1577
Segoe UI Emoji	0	561,582,803,1210,1104,1676,1639,471,618,618,854,1401,444,819,444,798,1104,1104,1104,1104,1104,1104,1104,1104,1104,1104,444,444,1401,1401,1401,918,1956,1321,1174,1268,1436,1036,1000,1405,1454,545,731,1188,964,1839,1532,1544,1147,1544,1225,1088,1073,1407,1272,1913,1208,1132,1168,618,776,618,1401,850,549,1042,1204,946,1206,1071,641,1206,1159,496,496,1018,496,1764,1159,1200,1204,1206,712,869,694,1159,981,1480,940,991,926,618,490,618,1401,561,582,1104,1104,1138,1104,490,918,848,2812,803,1036,1401,819,2812,1200,772,1401,750,750,578,1182,938,444,420,719,882,1036,1856,1906,1950,918,1321,1321,1321,1321,1321,1321,1762,1268,1036,1036,1036,1036,545,545,545,545,1436,1532,1544,1544,1544,1544,1544,1401,1544,1407,1407,1407,1407,1132,1147,1114,1042,1042,1042,1042,1042,1042,1704,946,1071,1071,1071,1071,496,496,496,496,1145,1159,1200,1200,1200,1200,1200,1401,1200,1159,1159,1159,1159,991,1204,991,1906,1900,1088,869,1132,1168,926,1104,760,690,1024,2048,469,469,469,772,772,772,768,768,832,1501,2478,647,647,1104,2812
Segoe UI Historic	0	561,582,803,1210,1104,1676,1639,471,618,618,854,1401,444,819,444,798,1104,1104,1104,1104,1104,1104,1104,1104,1104,1104,444,444,1401,1401,1401,918,1956,1321,1174,1268,1436,1036,1000,1405,1454,545,731,1188,964,1839,1532,1544,1147,1544,1225,1088,1073,1407,1272,1913,1208,1132,1168,618,776,618,1401,850,549,1042,1204,946,1206,1071,641,1206,1159,496,496,1018,496,1764,1159,1200,1204,1206,712,869,694,1159,981,1480,940,991,926,618,490,618,1401,561,582,1104,1104,1138,1104,490,918,848,1823,803,1036,1401,819,1823,850,772,1401,750,750,578,1182,938,444,420,719,882,1036,1856,1906,1950,918,1321,1321,1321,1321,1321,1321,1762,1268,1036,1036,1036,1036,545,545,545,545,1436,1532,1544,1544,1544,1544,1544,1401,1544,1407,1407,1407,1407,1132,1147,1114,1042,1042,1042,1042,1042,1042,1704,946,1071,1071,1071,1071,496,496,496,496,1145,1159,1200,1200,1200,1200,1200,1401,1200,1159,1159,1159,1159,991,1204,991,1906,1900,1088,869,1132,1168,926,1104,760,690,1024,2048,469,469,469,772,772,772,768,768,832,1501,2478,647,647,1104,1583
Segoe UI Light	2	563,537,662,1237,1055,1632,1470,414,588,588,831,1331,455,815,455,791,1055,836,958,1055,1032,942,1055,944,1026,1055,455,455,1331,1331,1331,756,1966,1206,1106,1294,1386,989,952,1421,1386,467,655,1079,868,1706,1452,1544,1114,1544,1137,1018,1047,1327,1282,1767,1153,1106,1167,588,791,588,1331,850,614,1071,1071,838,1071,956,528,1071,1102,428,428,891,428,1704,1104,1061,1071,1071,684,795,608,1104,928,1386,883,928,950,588,463,588,1331,563,537,1055,1055,1139,1055,463,918,614,1927,813,948,1331,815,1804,850,791,1331,674,674,614,1130,971,455,614,674,915,948,1581,1622,1581,756,1206,1206,1206,1206,1206,1206,1636,1294,989,989,989,989,467,467,467,467,1386,1452,1544,1544,1544,1544,1544,1331,1544,1327,1327,1327,1327,1106,1114,1085,1071,1071,1071,1071,1071,1071,1671,838,956,956,956,956,428,428,428,428,1061,1104,1061,1061,1061,1061,1061,1331,1061,1104,1104,1104,1104,928,1071,928,1907,1735,1018,795,1106,1167,950,1055,614,614,1024,2048,414,414,414,662,662,662,764,764,801,1364,2398,629,629,1055,1585
Segoe UI Semibold	0	563,622,896,1211,1137,1721,1465,529,680,680,889,1422,494,823,494,847,1137,824,1137,1137,1180,1137,1143,1098,1137,1143,494,494,1422,1422,1422,909,1955,1375,1237,1272,1469,1060,1029,1428,1506,597,812,1251,1001,1893,1571,1548,1197,1548,1275,1115,1130,1440,1314,1978,1268,1182,1202,680,829,680,1422,850,591,1069,1234,963,1234,1088,706,1234,1192,535,535,1075,535,1814,1195,1223,1234,1234,758,883,740,1195,1039,1549,1026,1041,951,680,570,680,1422,563,622,1137,1137,1138,1137,570,952,892,1808,820,1105,1422,823,1808,850,775,1422,785,785,597,1215,985,494,429,759,905,1105,1898,1938,1975,909,1375,1375,1375,1375,1375,1375,1831,1272,1060,1060,1060,1060,597,597,597,597,1469,1571,1548,1548,1548,1548,1548,1422,1548,1440,1440,1440,1440,1182,1197,1191,1069,1069,1069,1069,1069,1069,1700,963,1088,1088,1088,1088,535,535,535,535,1176,1195,1223,1223,1223,1223,1223,1422,1223,1195,1195,1195,1195,1041,1234,1041,1915,1897,1115,883,1182,1202,951,1137,771,733,1024,2048,525,525,525,879,879,879,797,797,847,1666,2521,673,673,1137,1581
Segoe UI Semibold	2	563,681,888,1190,1142,1732,1480,531,690,690,894,1426,500,823,500,860,1170,843,1040,988,1154,1020,1115,1027,1142,1124,500,500,1426,1426,1426,900,1960,1367,1250,1304,1500,1053,1034,1430,1507,597,808,1280,998,1728,1587,1549,1234,1549,1251,1059,1139,1446,1326,1983,1275,1190,1205,690,843,690,1426,850,807,1162,1162,919,1162,1031,686,1162,1183,590,515,1077,590,1811,1188,1137,1162,1162,773,854,715,1184,1030,1551,1027,1046,960,690,580,690,1426,563,681,1142,1142,1139,1142,580,956,807,1827,927,1126,1426,823,1808,850,775,1426,789,789,807,1218,990,500,807,789,924,1126,1911,1956,1986,900,1367,1367,1367,1367,1367,1367,1842,1304,1053,1053,1053,1053,597,597,597,597,1500,1587,1549,1549,1549,1549,1549,1426,1549,1446,1446,1446,1446,1190,1234,1170,1162,1162,1162,1162,1162,1162,1726,919,1031,1031,1031,1031,590,590,590,590,1137,1188,1137,1137,1137,1137,1137,1426,1137,1184,1184,1184,1184,1046,1162,1046,1884,1760,1059,854,1190,1205,960,1142,807,807,1024,2048,514,514,514,888,888,888,800,800,846,1689,2536,676,676,1142,1581
Segoe UI Semilight	2	563,590,710,1225,1078,1657,1530,437,604,604,843,1364,451,817,451,800,1111,818,978,940,1087,962,1063,964,1049,1072,451,451,1364,1364,1364,814,1966,1247,1137,1301,1419,1004,975,1415,1415,503,680,1148,905,1692,1492,1544,1143,1544,1162,1018,1061,1366,1284,1830,1179,1119,1167,604,791,604,1364,850,661,1089,1089,863,1089,975,563,1089,1120,475,457,943,475,1728,1126,1077,1089,1089,704,801,633,1122,947,1427,906,957,939,604,476,604,1364,563,590,1078,1078,1139,1078,476,918,661,1897,850,996,1364,817,1813,850,782,1364,709,709,661,1151,956,455,661,709,915,996,1717,1768,1759,814,1247,1247,1247,1247,1247,1247,1689,1301,1004,1004,1004,1004,503,503,503,503,1419,1492,1544,1544,1544,1544,1544,1364,1544,1366,1366,1366,1366,1119,1143,1095,1089,1089,1089,1089,1089,1089,1681,863,975,975,975,975,475,475,475,475,1077,1126,1077,1077,1077,1077,1077,1364,1077,1122,1122,1122,1122,957,1089,957,1900,1739,1018,801,1119,1167,939,1078,661,661,1024,2048,422,422,422,710,710,710,767,767,814,1430,2437,637,637,1078,1584
Segoe UI Symbol	0	561,582,803,1210,1104,1676,1639,471,618,618,854,1401,444,819,444,798,1104,1104,1104,1104,1104,1104,1104,1104,1104,1104,444,444,1401,1401,1401,918,1956,1321,1174,1268,1436,1036,1000,1405,1454,545,731,1188,964,1839,1532,1544,1147,1544,1225,1088,1073,1407,1272,1913,1208,1132,1168,618,776,618,1401,850,549,1042,1204,946,1206,1071,641,1206,1159,496,496,1018,496,1764,1159,1200,1204,1206,712,869,694,1159,981,1480,940,991,926,618,490,618,1401,561,582,1104,1104,1138,1104,490,918,848,1823,803,1036,1401,819,1823,850,772,1401,750,750,578,1182,938,444,420,719,882,1036,1856,1906,1950,918,1321,1321,1321,1321,1321,1321,1762,1268,1036,1036,1036,1036,545,545,545,545,1436,1532,1544,1544,1544,1544,1544,1401,1544,1407,1407,1407,1407,1132,1147,1114,1042,1042,1042,1042,1042,1042,1704,946,1071,1071,1071,1071,496,496,496,496,1145,1159,1200,1200,1200,1200,1200,1401,1200,1159,1159,1159,1159,991,1204,991,1906,1900,1088,869,1132,1168,926,1104,760,690,1024,2048,469,469,469,772,772,772,768,768,832,1501,2478,647,647,1104,1583
Segoe UI Variable Text	0	561,582,803,1210,1104,1676,1639,471,618,618,854,1401,444,819,444,798,1104,776,1104,1104,1104,1104,1104,1104,1104,1104,444,444,1401,1401,1401,918,1956,1321,1174,1268,1436,1036,1000,1405,1454,545,731,1188,964,1839,1532,1544,1147,1544,1225,1088,1073,1407,1272,1913,1208,1132,1168,618,776,618,1401,850,549,1042,1204,946,1206,1071,641,1206,1159,496,496,1018,496,1764,1159,1200,1204,1206,712,869,694,1159,981,1480,940,991,926,618,490,618,1401,561,582,1104,1104,1138,1104,490,918,848,1823,803,1036,1401,819,1823,850,772,1401,750,750,578,1182,938,444,420,719,882,1036,1856,1906,1950,918,1321,1321,1321,1321,1321,1321,1762,1268,1036,1036,1036,1036,545,545,545,545,1436,1532,1544,1544,1544,1544,1544,1401,1544,1407,1407,1407,1407,1132,1147,1114,1042,1042,1042,1042,1042,1042,1704,946,1071,1071,1071,1071,496,496,496,496,1145,1159,1200,1200,1200,1200,1200,1401,1200,1159,1159,1159,1159,991,1204,991,1906,1900,1088,869,1132,1168,926,1104,760,690,1024,2048,469,469,469,772,772,772,768,768,832,1501,2478,647,647,1104,1583
Showcard Gothic	0	410,889,811,1163,938,1628,1296,489,827,827,928,1108,567,850,614,870,1208,850,942,1006,1159,1024,1094,1100,1124,1126,696,696,827,1034,827,1012,1532,1260,1358,1217,1442,1137,1118,1389,1593,776,926,1495,1085,1698,1311,1417,1362,1417,1401,1030,1280,1436,1339,2111,1503,1438,1290,856,870,856,1280,1024,1280,1260,1358,1217,1442,1137,1118,1389,1593,776,926,1495,1085,1698,1311,1417,1362,1417,1401,1030,1280,1436,1339,2111,1503,1438,1290,860,420,860,1280,205,889,840,915,1221,1438,420,967,1280,1673,715,1169,942,1108,895,1280,719,838,754,805,1280,784,1507,696,1280,680,745,1169,2087,2110,2087,1012,1260,1260,1260,1260,1260,1260,1647,1217,1137,1137,1137,1137,776,776,776,776,1516,1311,1417,1417,1417,1417,1417,1108,1417,1436,1436,1436,1436,1438,1362,2057,1260,1260,1260,1260,1260,1260,1647,1217,1137,1137,1137,1137,776,776,776,776,1516,1311,1417,1417,1417,1417,1417,1120,1417,1436,1436,1436,1436,1438,1362,1438,1892,1892,1030,1030,1438,1290,1290,1120,1280,1280,1010,1624,537,537,537,842,842,842,1192,1188,909,1864,2347,725,725,1368,1489
SimSun-ExtB	0	1024,1024,1024,1024,1024,1024,1024,1024,1024,1024,1024,1024,1024,1024,1024,1024,1024,1024,1024,1024,1024,1024,1024,1024,1024,1024,1024,1024,1024,1024,1024,1024,1024,1024,1024,1024,1024,1024,1024,1024,1024,1024,1024,1024,1024,1024,1024,1024,1024,1024,1024,1024,1024,1024,1024,1024,1024,1024,1024,1024,1024,1024,1024,1024,1024,1024,1024,1024,1024,1024,1024,1024,1024,1024,1024,1024,1024,1024,1024,1024,1024,1024,1024,1024,1024,1024,1024,1024,1024,1024,1024,1024,1024,1024,1024,-1,-1,-1,-1,-1,-1,-1,-1,-1,-1,-1,-1,-1,-1,-1,-1,-1,-1,-1,-1,-1,-1,-1,-1,-1,-1,-1,-1,-1,-1,-1,-1,-1,-1,-1,-1,-1,-1,-1,-1,-1,-1,-1,-1,-1,-1,-1,-1,-1,-1,-1,-1,-1,-1,-1,-1,-1,-1,-1,-1,-1,-1,-1,-1,-1,-1,-1,-1,-1,-1,-1,-1,-1,-1,-1,-1,-1,-1,-1,-1,-1,-1,-1,-1,-1,-1,-1,-1,-1,-1,-1,-1,-1,-1,-1,-1,-1,-1,-1,-1,-1,-1,-1,-1,-1,-1,-1,-1,-1,-1,-1,-1,-1,-1,-1,-1,-1,2048,-1,-1,-1,-1,-1
SimSun-ExtG	0	1024,1024,1024,1024,1024,1024,1024,1024,1024,1024,1024,1024,1024,1024,1024,1024,1024,1024,1024,1024,1024,1024,1024,1024,1024,1024,1024,1024,1024,1024,1024,1024,1024,1024,1024,1024,1024,1024,1024,1024,1024,1024,1024,1024,1024,1024,1024,1024,1024,1024,1024,1024,1024,1024,1024,1024,1024,1024,1024,1024,1024,1024,1024,1024,1024,1024,1024,1024,1024,1024,1024,1024,1024,1024,1024,1024,1024,1024,1024,1024,1024,1024,1024,1024,1024,1024,1024,1024,1024,1024,1024,1024,1024,1024,1024,-1,-1,-1,-1,-1,-1,-1,-1,-1,-1,-1,-1,-1,-1,-1,-1,-1,-1,-1,-1,-1,-1,-1,-1,-1,-1,-1,-1,-1,-1,-1,-1,-1,-1,-1,-1,-1,-1,-1,-1,-1,-1,-1,-1,-1,-1,-1,-1,-1,-1,-1,-1,-1,-1,-1,-1,-1,-1,-1,-1,-1,-1,-1,-1,-1,-1,-1,-1,-1,-1,-1,-1,-1,-1,-1,-1,-1,-1,-1,-1,-1,-1,-1,-1,-1,-1,-1,-1,-1,-1,-1,-1,-1,-1,-1,-1,-1,-1,-1,-1,-1,-1,-1,-1,-1,-1,-1,-1,-1,-1,-1,-1,-1,-1,-1,-1,-1,2048,-1,-1,-1,-1,-1
Sitka Text	2	583,721,1004,1373,1184,2053,1433,591,872,872,1105,1373,604,784,604,967,1292,936,1160,1147,1217,1141,1221,1129,1271,1221,724,724,1373,1373,1373,1021,2027,1317,1298,1268,1444,1291,1185,1437,1569,761,754,1369,1190,1851,1555,1447,1192,1455,1355,1156,1282,1503,1325,2009,1327,1272,1193,866,967,866,1373,1118,932,1103,1146,943,1179,985,719,1142,1176,648,671,1105,634,1774,1197,1115,1172,1142,907,967,798,1201,1084,1670,1097,1175,1026,976,967,976,1373,583,721,1172,1303,1029,1414,967,1228,932,1820,984,1265,1373,784,1820,-1,925,1373,810,806,932,1212,1246,623,932,656,982,1265,1793,1916,1875,1021,1317,1317,1317,1317,1317,1317,1986,1268,1291,1291,1291,1291,761,761,761,761,1444,1555,1447,1447,1447,1447,1447,1373,1447,1503,1503,1503,1503,1272,1196,1290,1103,1103,1103,1103,1103,1103,1585,943,985,985,985,985,648,648,648,648,1100,1197,1115,1115,1115,1115,1115,1373,1115,1201,1201,1201,1201,1175,1148,1175,1991,1693,1156,967,1272,1193,1026,1057,932,932,1118,1662,563,563,563,977,977,977,1031,1031,809,1815,2935,847,847,1396,1696
Sitka Text	0	583,706,1004,1373,1089,2067,1433,591,872,872,1105,1373,604,784,604,967,1303,939,1168,1150,1232,1144,1230,1134,1276,1230,724,724,1373,1373,1373,1007,2025,1317,1294,1298,1448,1291,1185,1436,1569,757,751,1369,1190,1850,1564,1452,1192,1456,1355,1151,1282,1502,1325,2013,1327,1272,1193,866,967,866,1373,1118,932,1105,1171,981,1192,1068,760,1124,1222,664,664,1151,645,1837,1239,1142,1202,1172,935,957,777,1215,1118,1714,1128,1110,1004,976,967,976,1373,583,706,1172,1260,1080,1322,967,1228,932,1820,1019,1265,1373,784,1820,-1,932,1373,803,805,932,1236,1246,623,932,654,1024,1265,1718,1844,1810,1007,1317,1317,1317,1317,1317,1317,1983,1298,1291,1291,1291,1291,757,757,757,757,1448,1564,1452,1452,1452,1452,1452,1373,1452,1502,1502,1502,1502,1272,1192,1318,1105,1105,1105,1105,1105,1105,1670,981,1068,1068,1068,1068,664,664,664,664,1121,1239,1142,1142,1142,1142,1142,1373,1142,1215,1215,1215,1215,1110,1175,1110,1991,1800,1151,957,1272,1193,1004,1057,932,932,1118,1662,563,563,563,977,977,977,1031,1031,809,1815,2900,847,847,1224,1696
Snap ITC	0	887,1212,1014,1849,1634,1661,1651,547,887,887,1151,1706,825,780,825,1108,1726,1012,1536,1651,1774,1696,1722,1589,1741,1700,825,825,1024,1706,1024,1737,1935,1741,1591,1610,1587,1661,1546,1804,1802,1108,1667,1708,1479,2251,1929,1712,1661,1716,1679,1690,1526,1726,1606,2154,1765,1839,1608,887,1108,887,1024,1024,1024,1292,1284,1186,1290,1294,1243,1339,1280,924,856,1339,791,1688,1286,1233,1282,1229,1208,1251,1255,1352,1479,1985,1597,1358,1247,887,1024,887,1024,1774,1212,1239,1679,1993,2073,1024,1393,1024,555,979,1597,1024,780,555,1024,1024,1706,1122,1202,1024,1352,1698,825,1024,756,981,1597,2537,2372,2986,1737,1741,1741,1741,1741,1741,1741,2206,1610,1661,1661,1661,1661,1108,1108,1108,1108,1612,1929,1712,1712,1712,1712,1712,1706,1712,1726,1726,1726,1726,1839,1661,1630,1292,1292,1292,1292,1292,1292,2339,1186,1294,1294,1294,1294,924,924,924,924,1233,1286,1233,1233,1233,1233,1233,1706,1233,1352,1352,1352,1352,1358,1282,1358,2552,2195,1690,1251,1839,1608,1247,1456,1024,1024,780,1677,731,731,731,1315,1315,1315,1462,1462,1366,2476,2314,1014,1014,1726,598
Stencil	0	512,691,840,1176,1177,1491,1427,459,858,858,1177,1177,685,512,661,680,1176,1177,1177,1177,1174,1178,1177,1176,1177,1177,661,685,867,1177,867,1105,1448,1268,1371,1197,1328,1202,1160,1270,1546,812,1098,1503,1091,1604,1375,1299,1303,1311,1432,1147,1216,1386,1236,1682,1246,1223,1072,807,680,807,1153,1001,1024,1268,1371,1197,1328,1202,1160,1270,1546,812,1098,1503,1091,1604,1375,1299,1303,1311,1432,1147,1216,1386,1236,1682,1246,1223,1072,889,222,889,794,512,691,1170,1177,1366,1177,222,1025,1021,1493,788,1109,907,512,1493,-1,1024,1177,753,752,1024,1070,1788,-1,999,747,784,1109,1683,1683,1682,1107,1268,1268,1268,1268,1268,1268,1802,1197,1202,1202,1202,1202,812,812,812,812,1328,1375,1299,1299,1299,1299,1299,1176,1299,1386,1386,1386,1386,1223,1303,-1,1268,1268,1268,1268,1268,1268,1802,1197,1202,1202,1202,1202,812,812,812,812,1328,1375,1299,1299,1299,1299,1299,1177,1299,1386,1386,1386,1386,1223,1303,1223,1801,1801,1147,1147,1223,-1,-1,1177,1027,1024,1177,1534,684,685,685,1162,1162,1162,1177,1177,568,1991,2286,699,699,1178,1832
Sylfaen	0	512,543,713,1024,1024,1720,1497,449,670,670,639,1024,512,776,512,635,1024,1024,1024,1024,1024,1024,1024,1024,1024,1024,512,512,1024,1024,1024,801,1731,1454,1233,1325,1483,1196,1096,1450,1561,723,662,1366,1130,1849,1487,1548,1208,1548,1337,985,1235,1470,1458,2122,1335,1382,1278,674,635,674,1024,1024,1024,907,1075,913,1081,940,651,975,1169,584,528,1085,586,1681,1159,1040,1069,1055,784,735,676,1108,1040,1579,999,1061,920,662,510,662,1024,512,543,1024,1024,1024,1024,510,1024,1024,1550,549,823,1024,776,1550,1024,627,1024,758,758,1024,1044,1161,512,1024,758,635,823,1720,1720,1720,801,1454,1454,1454,1454,1454,1454,1939,1325,1196,1196,1196,1196,723,723,723,723,1483,1487,1548,1548,1548,1548,1548,1024,1548,1470,1470,1470,1470,1382,1208,1282,907,907,907,907,907,907,1360,913,940,940,940,940,592,592,592,592,1024,1159,1040,1040,1040,1040,1040,1024,1040,1108,1108,1108,1108,1061,1069,1061,2030,1542,985,735,1382,1278,920,1024,1024,1024,1024,2048,463,463,463,786,786,786,1024,1024,565,2048,2478,512,512,1024,1872
Symbol	0	512,682,1460,1024,1124,1706,1593,899,682,682,1024,1124,512,1124,512,569,1024,1024,1024,1024,1024,1024,1024,1024,1024,1024,569,569,1124,1124,1124,909,1124,1479,1366,1479,1253,1251,1563,1235,1479,682,1292,1479,1405,1821,1479,1479,1573,1518,1139,1212,1251,1413,899,1573,1321,1628,1251,682,1767,682,1348,1024,1024,1292,1124,1124,1012,899,1067,842,1235,674,1235,1124,1124,1180,1067,1124,1124,1067,1124,1235,899,1180,1460,1405,1010,1405,1012,983,410,983,1124,-1,1270,506,1124,342,1460,1024,1542,1542,1542,1542,2134,2021,1235,2021,1235,819,1124,842,1124,1124,1460,1012,942,1124,1124,1124,1124,2048,1235,2048,1348,1686,1405,1628,2021,1573,1573,1686,1573,1573,1460,1460,1460,1460,1460,1460,1460,1573,1460,1618,1618,1823,1686,1124,512,1460,1235,1235,2134,2021,1235,2021,1235,1012,674,1618,1618,1610,1460,786,786,786,786,786,786,1012,1012,1012,1012,-1,674,561,1405,1405,1405,786,786,786,786,786,786,1012,1012,1012,-1,-1,-1,-1,-1,-1,-1,-1,-1,-1,-1,-1,-1,-1,-1,-1,-1,-1,-1,-1,-1,-1,-1,-1,-1,-1,-1,-1
Tahoma	0	640,680,822,1490,1118,2000,1380,432,784,784,1118,1490,620,744,620,783,1118,1118,1118,1118,1118,1118,1118,1118,1118,1118,724,724,1490,1490,1490,970,1862,1228,1207,1230,1389,1149,1068,1367,1383,764,853,1204,1019,1578,1367,1449,1129,1449,1271,1141,1196,1343,1222,1847,1189,1180,1145,784,783,784,1490,1118,1118,1075,1132,945,1132,1078,652,1132,1142,468,577,1020,468,1720,1142,1112,1132,1132,738,914,685,1142,1020,1520,1014,1020,910,984,783,984,1490,640,680,1118,1118,1118,1118,783,1118,1118,1902,1010,1174,1490,744,1902,1118,964,1490,1010,1010,1118,1163,1118,724,1118,1010,1010,1174,2048,2048,2048,970,1228,1228,1228,1228,1228,1228,1870,1230,1149,1149,1149,1149,764,764,764,764,1430,1367,1449,1449,1449,1449,1449,1490,1449,1343,1343,1343,1343,1180,1158,1123,1075,1075,1075,1075,1075,1075,1802,945,1078,1078,1078,1078,468,468,468,468,1118,1142,1112,1112,1112,1112,1112,1490,1112,1142,1142,1142,1142,1020,1132,1020,2000,1861,1141,914,1180,1145,910,1118,1118,1118,1118,1862,432,432,432,822,822,814,1118,1118,931,1674,2848,784,784,1118,1794
Tahoma	1	600,702,1002,1676,1304,2455,1600,564,930,930,1304,1676,640,883,640,1182,1304,1304,1304,1304,1304,1304,1304,1304,1304,1304,744,744,1676,1676,1676,1160,1884,1402,1405,1367,1551,1260,1190,1526,1565,990,1025,1426,1172,1829,1578,1577,1346,1577,1487,1297,1254,1513,1382,2105,1402,1373,1275,930,1182,930,1676,1304,1118,1226,1294,1080,1289,1216,783,1289,1311,618,743,1234,618,1953,1311,1264,1289,1289,888,1054,851,1311,1185,1822,1238,1179,1077,1276,1304,1276,1676,600,702,1304,1304,1304,1304,1304,1304,1118,1902,1040,1440,1676,883,1902,1304,1064,1676,1104,1104,1118,1333,1304,744,1118,1104,1104,1440,2310,2310,2310,1160,1402,1402,1402,1402,1402,1402,2025,1367,1260,1260,1260,1260,990,990,990,990,1585,1578,1577,1577,1577,1577,1577,1676,1577,1513,1513,1513,1513,1373,1350,1322,1226,1226,1226,1226,1226,1226,1919,1080,1216,1216,1216,1216,618,618,618,618,1269,1311,1264,1264,1264,1264,1264,1676,1264,1311,1311,1311,1311,1179,1289,1179,2123,2018,1297,1054,1373,1275,1077,1304,1118,1118,1304,1862,564,564,564,1002,1002,1002,1304,1304,1304,2048,3432,870,870,1304,1763
Microsoft Tai Le	0	561,582,803,1210,1104,1676,1639,471,618,618,854,1401,444,819,444,798,1104,1104,1104,1104,1104,1104,1104,1104,1104,1104,444,444,1401,1401,1401,918,1956,1321,1174,1268,1436,1036,1000,1405,1454,545,731,1188,964,1839,1532,1544,1147,1544,1225,1088,1073,1407,1272,1913,1208,1132,1168,618,776,618,1401,850,549,1042,1204,946,1206,1071,641,1206,1159,496,496,1018,496,1764,1159,1200,1204,1206,712,869,694,1159,981,1480,940,991,926,618,490,618,1401,561,582,1104,1104,1138,1104,490,918,848,1823,803,1036,1401,819,1823,850,772,1401,750,750,578,1182,938,444,420,719,882,1036,1856,1906,1950,918,1321,1321,1321,1321,1321,1321,1762,1268,1036,1036,1036,1036,545,545,545,545,1436,1532,1544,1544,1544,1544,1544,1401,1544,1407,1407,1407,1407,1132,1147,1114,1042,1042,1042,1042,1042,1042,1704,946,1071,1071,1071,1071,496,496,496,496,1145,1159,1200,1200,1200,1200,1200,1401,1200,1159,1159,1159,1159,991,1204,991,1906,1900,1088,869,1132,1168,926,1104,760,690,1024,2048,2048,2048,469,2048,2048,772,768,768,832,2048,2478,647,647,1104,1583
Microsoft Tai Le	1	565,670,1010,1213,1178,1776,1740,600,756,756,932,1448,555,828,555,908,1178,1178,1178,1178,1178,1178,1178,1178,1178,1178,555,555,1448,1448,1448,897,1954,1440,1313,1278,1510,1090,1065,1456,1569,649,912,1329,1047,1960,1618,1553,1258,1553,1337,1148,1200,1481,1366,2058,1342,1243,1243,756,893,756,1448,850,643,1102,1270,983,1268,1108,785,1268,1233,582,582,1145,582,1876,1239,1252,1270,1268,815,901,797,1239,1110,1633,1131,1102,981,756,668,756,1448,565,670,1178,1178,1139,1178,668,994,946,1790,840,1190,1448,828,1790,850,778,1448,828,828,621,1255,1043,555,441,807,934,1190,1950,1977,2005,897,1440,1440,1440,1440,1440,1440,1915,1278,1090,1090,1090,1090,649,649,649,649,1510,1618,1552,1552,1552,1552,1552,1448,1553,1481,1481,1481,1481,1243,1258,1286,1102,1102,1102,1102,1102,1102,1696,983,1108,1108,1108,1108,582,582,582,582,1215,1239,1251,1251,1251,1251,1251,1448,1252,1239,1239,1239,1239,1102,1270,1102,1925,1893,1148,901,1243,1243,981,1178,785,785,1024,2048,2048,2048,594,2048,2048,1010,832,832,865,2048,2573,705,705,1178,1579
Tw Cen MT	3	545,426,971,1368,1087,1962,1300,487,641,641,874,1366,426,641,426,748,1087,1087,1087,1087,1087,1087,1087,1087,1087,1087,426,426,1366,1366,1366,981,1997,1300,1087,1194,1194,874,874,1409,1194,426,874,1194,874,1516,1300,1516,981,1516,1087,874,874,1192,1300,1622,1194,1194,1087,641,748,641,1196,1024,682,981,981,874,981,981,532,981,868,426,426,874,426,1409,868,981,981,981,641,641,575,979,981,1516,981,938,874,797,1204,797,1343,545,426,874,1194,1366,1194,1204,981,682,1511,641,1024,1366,641,1511,1024,819,1366,748,748,682,1251,1139,532,682,748,641,1024,1855,1855,1855,981,1300,1300,1300,1300,1300,1300,1622,1194,874,874,874,874,426,426,426,426,1194,1300,1516,1516,1516,1516,1516,1366,1516,1192,1192,1192,1192,1194,981,981,981,981,981,981,981,981,1513,874,981,981,981,981,426,426,426,426,981,868,981,981,981,981,981,1366,981,979,979,979,979,938,981,938,1622,1516,874,641,1194,1087,874,1139,682,682,1024,2048,426,426,426,874,874,874,897,897,717,2048,2560,555,555,1167,2048
Tw Cen MT	1	545,426,971,1368,1087,1962,1296,487,641,641,874,1366,532,641,532,748,1087,1087,1087,1087,1087,1087,1087,1087,1087,1087,532,532,1366,1366,1366,981,1997,1409,1085,1194,1300,981,981,1409,1300,532,874,1300,874,1622,1409,1516,1087,1516,1194,975,981,1300,1300,1622,1300,1194,1194,641,748,641,1196,1024,682,1081,1087,827,1087,981,641,1083,1087,532,532,981,532,1622,1087,1087,1087,1081,641,874,532,1087,1087,1622,1087,1087,981,797,1204,797,1343,545,426,874,1085,1366,1194,1204,979,682,1511,705,1024,1366,641,1511,1024,819,1366,748,748,682,1251,1139,532,682,748,705,1024,1855,1855,1855,977,1409,1409,1409,1409,1409,1409,1622,1194,981,981,981,981,532,532,532,532,1300,1409,1516,1516,1516,1516,1516,1366,1516,1300,1300,1300,1300,1194,1087,1087,1081,1081,1081,1081,1081,1081,1614,827,981,981,981,981,532,532,532,532,1130,1087,1087,1087,1087,1087,1087,1366,1087,1087,1087,1087,1087,1087,1087,1087,1622,1622,975,874,1194,1194,981,1139,682,682,1024,2048,532,532,532,981,981,981,897,897,717,2048,2560,555,555,1130,2048
Tw Cen MT Condensed	1	449,469,727,1368,897,1409,1130,391,492,492,688,1366,469,469,469,641,897,897,897,897,897,897,897,897,897,897,469,469,1366,1366,1366,854,1997,1024,981,897,1044,811,768,1067,1024,555,725,981,748,1323,1110,1067,918,1067,961,788,854,1024,1044,1343,961,961,918,492,641,492,961,1024,682,874,897,618,874,831,618,874,897,469,469,897,469,1343,897,854,874,874,641,705,641,897,811,1237,854,811,705,684,1118,684,1343,449,469,618,897,1409,961,1118,768,682,1511,575,961,1366,469,1511,1024,819,1366,662,664,682,1139,1102,469,682,662,555,961,1772,1772,1772,854,1024,1024,1024,1024,1024,1024,1300,897,811,811,811,811,555,555,555,555,1044,1110,1067,1067,1067,1067,1067,1366,1067,1024,1024,1024,1024,961,918,874,874,874,874,874,874,874,1280,618,831,831,831,831,469,469,469,469,854,897,854,854,854,854,854,1366,854,897,897,897,897,811,874,811,1430,1280,788,705,961,918,705,1139,682,682,1024,2048,469,469,469,897,897,897,725,725,717,2048,2028,578,578,834,2048
Tw Cen MT Condensed Extra Bold	0	502,618,971,1368,1110,1686,1118,487,512,512,748,1366,555,641,555,961,1004,1004,1004,1004,1004,1004,1004,1004,1004,1004,555,555,1366,1366,1366,961,1729,1087,1044,897,1087,854,811,1141,1161,610,725,1063,748,1526,1270,1147,1042,1147,1044,897,811,1147,1130,1552,1051,1047,981,532,961,532,1196,1024,682,969,971,670,969,872,575,973,967,528,528,981,528,1430,967,924,975,973,705,784,588,954,850,1288,961,895,811,797,1204,797,1343,502,618,725,1004,1425,1087,1204,1087,682,1642,641,1024,1366,641,1642,1024,819,1366,705,705,682,954,1139,555,682,705,598,1024,1772,1772,1772,961,1087,1087,1087,1087,1087,1087,1421,897,854,854,854,854,610,610,610,610,1108,1270,1147,1147,1147,1147,1147,1366,1147,1153,1153,1153,1153,1047,1024,991,969,969,969,969,969,969,1376,670,872,872,872,872,528,528,528,528,924,967,924,924,924,924,924,1366,924,954,954,954,954,895,975,895,1452,1411,897,784,1047,981,811,1139,682,682,1024,2048,555,555,555,897,897,897,1004,1004,1024,2048,2241,555,555,922,1942
Tw Cen MT Condensed	0	373,385,727,1368,748,1409,938,391,385,385,674,1366,385,469,385,555,748,748,748,748,748,748,748,748,748,748,385,385,1366,1366,1366,662,2079,854,748,748,854,662,662,856,854,469,555,854,662,1044,854,938,748,938,748,662,662,854,748,1130,748,748,748,469,555,469,961,1024,682,748,748,555,748,748,469,748,748,385,385,748,385,1130,748,748,748,748,555,647,469,748,748,1044,748,748,662,684,1079,684,1343,373,385,555,748,1401,748,1079,707,682,1511,492,748,1366,469,1511,1024,819,1366,532,532,682,1139,1102,598,682,532,492,748,1343,1343,1343,662,854,854,854,854,854,854,1044,748,662,662,662,662,469,469,469,469,854,854,938,938,938,938,938,1366,938,854,854,854,854,748,748,748,748,748,748,748,748,748,1130,555,748,748,748,748,385,385,385,385,748,748,748,748,748,748,748,1366,748,748,748,748,748,748,748,748,1130,1130,662,647,748,748,662,1139,682,682,1024,2048,385,385,385,662,662,662,662,662,717,2048,1686,449,449,748,2048
Tw Cen MT	2	565,555,727,1368,1130,2028,1366,391,682,682,897,1366,555,682,449,1024,1130,1130,1130,1130,1130,1130,1130,1130,1130,1130,555,555,1366,1366,1366,897,2079,1237,1024,1237,1237,897,897,1366,1237,555,788,1130,788,1579,1366,1579,1024,1579,1024,1024,897,1235,1237,2048,1130,1130,1130,682,1024,682,961,1024,682,1024,1024,788,1024,897,682,1130,893,449,449,897,449,1364,893,1024,1024,1024,682,682,555,897,897,1237,1024,897,897,684,1079,684,1343,565,555,788,1130,1366,1130,1079,1022,682,1511,662,1024,1366,682,1511,1024,819,1366,788,788,682,1139,1102,449,682,788,662,1024,1855,1855,1855,897,1237,1237,1237,1237,1237,1237,1579,1237,897,897,897,897,555,555,555,555,1237,1366,1579,1579,1579,1579,1579,1366,1579,1235,1235,1235,1235,1130,1024,1024,1024,1024,1024,1024,1024,1024,1579,788,897,897,897,897,449,449,449,449,1024,893,1024,1024,1024,1024,1024,1366,1024,897,897,897,897,897,1024,897,1579,1579,1024,682,1130,1130,897,1139,682,682,1024,2048,555,555,555,788,788,788,897,897,717,2048,2560,555,555,1128,2048
Tw Cen MT	0	565,449,727,1368,1130,1706,1366,391,555,555,897,1366,449,682,449,1024,1130,1130,1130,1130,1130,1130,1130,1130,1130,1130,449,555,1366,1366,1366,788,2079,1237,1024,1237,1237,897,897,1579,1237,449,788,1130,788,1579,1366,1579,1024,1579,1024,1024,897,1237,1237,2048,1130,1130,1024,555,1024,555,961,1024,682,1130,1130,788,1130,1024,682,1130,897,449,449,897,449,1366,897,1024,1130,1130,682,682,555,897,897,1366,1024,1024,897,684,1079,684,1343,565,449,897,1130,1366,1130,1079,897,682,1511,748,1024,1366,682,1511,1024,819,1366,788,788,682,1139,1102,449,682,788,662,1024,1855,1855,1855,788,1237,1237,1237,1237,1237,1237,1579,1237,897,897,897,897,449,449,449,449,1237,1366,1579,1579,1579,1579,1579,1366,1579,1237,1237,1237,1237,1130,1024,1130,1130,1130,1130,1130,1130,1130,1686,788,1024,1024,1024,1024,449,449,449,449,1024,897,1024,1024,1024,1024,1024,1366,1024,897,897,897,897,1024,1130,1024,1579,1686,1024,682,1130,1024,897,1139,682,682,1024,2048,449,449,449,788,788,788,897,897,717,2048,2367,555,557,1059,2048
Tempus Sans ITC	0	522,631,774,1331,836,1255,1513,512,881,881,686,1024,512,975,512,985,1360,770,1149,993,1167,1026,1014,1036,1090,1040,512,512,614,1024,614,688,1817,1542,1094,1274,1346,1112,1075,1430,1577,614,793,1346,1012,1833,1675,1589,1130,1589,1251,850,1100,1497,1346,2042,1276,1167,1284,860,684,860,2048,1024,1024,893,1087,870,1069,936,639,1040,1114,526,526,1040,526,1772,1163,1198,1024,1075,702,700,719,1149,934,1358,930,1030,881,901,410,901,1706,522,631,950,1171,1241,1382,1024,1229,1024,555,614,1229,1706,975,555,1024,520,1706,758,655,1024,1128,1190,371,1024,508,758,1229,1925,1913,2066,688,1542,1542,1542,1542,1542,1542,2275,1274,1112,1112,1112,1112,614,614,614,614,1346,1675,1589,1589,1589,1589,1589,1706,1589,1497,1497,1497,1497,1167,1130,1194,893,893,893,893,893,893,1520,887,936,936,936,936,526,526,526,526,1198,1163,1198,1198,1198,1198,1198,1706,1104,1149,1149,1149,1149,1030,1024,1030,2251,1884,850,700,1167,1284,881,1032,1024,1024,1169,2255,512,512,508,797,797,797,1024,1024,1024,2048,1874,721,721,1360,598
Times New Roman	0	512,682,836,1024,1024,1706,1593,369,682,682,1024,1155,512,682,512,569,1024,1024,1024,1024,1024,1024,1024,1024,1024,1024,569,569,1155,1155,1155,909,1886,1479,1366,1366,1479,1251,1139,1479,1479,682,797,1479,1251,1821,1479,1479,1139,1479,1366,1139,1251,1479,1479,1933,1479,1479,1251,682,569,682,961,1024,682,909,1024,909,1024,909,682,1024,1024,569,569,1024,569,1593,1024,1024,1024,1024,682,797,569,1024,1024,1479,1024,1024,909,983,410,983,1108,512,682,1024,1024,1024,1024,410,1024,682,1556,565,1024,1155,682,1556,1024,819,1124,614,614,682,1180,928,682,682,614,635,1024,1536,1536,1536,909,1479,1479,1479,1479,1479,1479,1821,1366,1251,1251,1251,1251,682,682,682,682,1479,1479,1479,1479,1479,1479,1479,1155,1479,1479,1479,1479,1479,1479,1139,1024,909,909,909,909,909,909,1366,909,909,909,909,909,569,569,569,569,1024,1024,1024,1024,1024,1024,1024,1124,1024,1024,1024,1024,1024,1024,1024,1024,1821,1479,1139,797,1479,1251,909,1024,682,682,1024,2048,682,682,682,909,909,909,1024,1024,717,2048,2048,682,682,1024,2007
Times New Roman	1	512,682,1137,1024,1024,2048,1706,569,682,682,1024,1167,512,682,512,569,1024,1024,1024,1024,1024,1024,1024,1024,1024,1024,682,682,1167,1167,1167,1024,1905,1479,1366,1479,1479,1366,1251,1593,1593,797,1024,1593,1366,1933,1479,1593,1251,1593,1479,1139,1366,1479,1479,2048,1479,1479,1366,682,569,682,1190,1024,682,1024,1139,909,1139,909,682,1024,1139,569,682,1139,569,1706,1139,1024,1139,1139,909,797,682,1139,1024,1479,1024,1024,909,807,451,807,1065,512,682,1024,1024,1024,1024,451,1024,682,1530,614,1024,1167,682,1530,1024,819,1124,614,614,682,1180,1106,683,682,614,676,1024,1536,1536,1536,1024,1479,1479,1479,1479,1479,1479,2048,1479,1366,1366,1366,1366,797,797,797,797,1479,1479,1593,1593,1593,1593,1593,1167,1593,1479,1479,1479,1479,1479,1251,1139,1024,1024,1024,1024,1024,1024,1479,909,909,909,909,909,569,569,569,569,1024,1139,1024,1024,1024,1024,1024,1124,1024,1139,1139,1139,1139,1024,1139,1024,2048,1479,1139,797,1479,1366,909,1024,682,682,1024,2048,682,682,682,1024,1024,1024,1024,1024,717,2048,2048,682,682,1024,2048
Times New Roman	3	512,797,1137,1024,1024,1706,1593,569,682,682,1024,1167,512,682,512,569,1024,1024,1024,1024,1024,1024,1024,1024,1024,1024,682,682,1167,1167,1167,1024,1704,1366,1366,1366,1479,1366,1366,1479,1593,797,1024,1366,1251,1821,1479,1479,1251,1479,1366,1139,1251,1479,1366,1821,1366,1251,1251,682,569,682,1167,1024,682,1024,1024,909,1024,909,682,1024,1139,569,569,1024,569,1593,1139,1024,1024,1024,797,797,569,1139,909,1366,1024,909,797,713,451,713,1167,512,797,1024,1024,1024,1024,451,1024,682,1530,545,1024,1241,682,1530,1024,819,1124,614,614,682,1180,1024,512,682,614,614,1024,1536,1536,1536,1024,1366,1366,1366,1366,1366,1366,1933,1366,1366,1366,1366,1366,797,797,797,797,1479,1479,1479,1479,1479,1479,1479,1167,1479,1479,1479,1479,1479,1251,1251,1024,1024,1024,1024,1024,1024,1024,1479,909,909,909,909,909,569,569,569,569,1024,1139,1024,1024,1024,1024,1024,1124,1024,1139,1139,1139,1139,909,1024,909,1933,1479,1139,797,1251,1251,797,1024,682,682,1024,2048,682,682,682,1024,1024,1024,1024,1024,717,2048,2048,682,682,1024,2048
Times New Roman	2	512,682,860,1024,1024,1706,1593,438,682,682,1024,1382,512,682,512,569,1024,1024,1024,1024,1024,1024,1024,1024,1024,1024,682,682,1382,1382,1382,1024,1884,1251,1251,1366,1479,1251,1251,1479,1479,682,909,1366,1139,1706,1366,1479,1251,1479,1251,1024,1139,1479,1251,1706,1251,1139,1139,797,569,797,864,1024,682,1024,1024,909,1024,909,569,1024,1024,569,569,909,569,1479,1024,1024,1024,1024,797,797,569,1024,909,1366,909,909,797,819,563,819,1108,512,797,1024,1024,1024,1024,563,1024,682,1556,565,1024,1382,682,1556,1024,819,1124,614,614,682,1180,1071,512,682,614,635,1024,1536,1536,1536,1024,1251,1251,1251,1251,1251,1251,1821,1366,1251,1251,1251,1251,682,682,682,682,1479,1366,1479,1479,1479,1479,1479,1382,1479,1479,1479,1479,1479,1139,1251,1024,1024,1024,1024,1024,1024,1024,1366,909,909,909,909,909,569,569,569,569,1024,1024,1024,1024,1024,1024,1024,1124,1024,1024,1024,1024,1024,909,1024,909,1933,1366,1024,797,1139,1139,797,1024,682,682,1024,1821,682,682,682,1139,1139,1139,1024,1024,717,1821,2048,682,682,1024,2007
Trebuchet MS	0	617,752,665,1074,1074,1229,1446,327,752,752,752,1074,752,752,752,1074,1074,1074,1074,1074,1074,1074,1074,1074,1074,1074,752,752,1074,1074,1074,752,1578,1208,1159,1225,1256,1097,1075,1385,1340,570,976,1179,1037,1453,1307,1380,1142,1384,1192,985,1189,1328,1203,1745,1140,1168,1127,752,728,752,1074,1074,1074,1076,1141,1014,1141,1117,757,1028,1119,584,751,1033,604,1700,1119,1099,1141,1141,796,829,812,1119,1003,1524,1026,1010,972,752,1074,752,1074,617,752,1074,1074,1074,1168,1074,929,1074,1460,752,1074,1074,752,1460,1074,1074,1074,924,929,1074,1119,1074,752,1074,924,752,1074,1668,1668,1668,752,1208,1208,1208,1208,1208,1208,1775,1225,1097,1097,1097,1097,570,570,570,570,1256,1307,1380,1380,1380,1380,1380,1074,1345,1328,1328,1328,1328,1168,1138,1119,1076,1076,1076,1076,1076,1076,1788,1014,1117,1117,1117,1117,584,584,584,584,1125,1119,1099,1099,1099,1099,1099,1074,1117,1119,1119,1119,1119,1010,1133,1010,2034,1893,985,829,1168,1127,972,795,1074,1074,752,1504,752,752,752,1074,1074,1074,940,940,1074,1504,1869,752,752,1074,1300
Trebuchet MS	1	617,752,751,1200,1200,1401,1446,470,752,752,885,1200,752,752,752,799,1200,1200,1200,1200,1200,1200,1200,1200,1200,1200,752,752,1200,1200,1200,897,1578,1297,1219,1253,1316,1165,1195,1375,1400,570,1091,1264,1132,1526,1367,1440,1202,1452,1251,1047,1253,1388,1273,1810,1230,1256,1147,823,728,823,1200,1200,1200,1091,1191,1048,1189,1177,757,1028,1214,611,751,1122,604,1760,1209,1159,1193,1196,875,882,812,1210,1080,1605,1131,1093,1082,888,1200,888,1200,617,752,1200,1074,1200,1168,1200,929,1200,1460,879,1200,1200,752,1460,1200,1200,1200,924,929,1200,1120,1074,752,1200,924,879,1200,1668,1668,1668,897,1297,1297,1297,1297,1297,1297,1915,1253,1165,1165,1165,1165,570,570,570,570,1316,1367,1440,1440,1440,1440,1440,1200,1400,1388,1388,1388,1388,1256,1142,1119,1091,1091,1091,1091,1091,1091,1767,1048,1177,1177,1177,1177,611,611,611,611,1159,1209,1159,1159,1159,1159,1159,1200,1159,1210,1210,1210,1210,1093,1193,1093,2055,1886,1047,882,1256,1147,1082,795,1200,1200,752,1504,752,752,752,1200,1200,1074,940,940,1074,1504,2121,752,752,1200,1319
Trebuchet MS	3	617,752,800,1200,1200,1500,1446,617,752,752,885,1200,752,752,752,813,1200,1200,1200,1200,1200,1200,1200,1200,1200,1200,752,752,1200,1200,1200,813,1578,1257,1208,1255,1295,1215,1199,1385,1389,570,1021,1331,1082,1610,1352,1438,1195,1576,1277,1027,1403,1355,1399,1897,1345,1400,1252,994,978,994,1200,1200,1200,1214,1215,1009,1215,1130,840,1096,1151,669,794,1105,655,1700,1151,1167,1226,1226,915,940,897,1141,1131,1584,1179,1155,1091,994,1200,994,1200,617,752,1200,1200,1200,1200,1200,1200,1200,1460,876,1074,1200,752,1460,1200,1200,1200,952,949,1200,1141,1200,752,1200,980,888,1074,1796,1796,1796,752,1257,1257,1257,1257,1257,1257,1965,1255,1215,1215,1215,1215,570,570,570,570,1340,1352,1438,1438,1438,1438,1438,1200,1438,1355,1355,1355,1355,1400,1150,1182,1214,1214,1214,1214,1214,1214,1830,1009,1130,1130,1130,1130,669,669,669,669,1167,1151,1167,1167,1167,1167,1167,1200,1167,1141,1141,1141,1141,1155,1226,1155,2167,1900,1027,940,1400,1252,1091,1200,1200,1200,752,1504,752,752,752,1200,1200,1200,940,940,1074,1504,2135,752,752,1200,1319
Trebuchet MS	2	617,752,665,1074,985,1229,1446,327,752,752,752,1074,752,752,752,1074,1074,1074,1074,1074,1074,1074,1074,1074,1074,1074,752,752,1074,1074,1074,752,1578,1251,1159,1225,1256,1097,1075,1385,1340,570,976,1179,1037,1559,1307,1380,1113,1380,1192,985,1189,1328,1203,1745,1140,1168,1127,752,728,752,1074,1074,1074,1076,1141,942,1141,1100,822,1028,1141,628,751,1033,656,1700,1119,1099,1141,1141,853,829,860,1140,1003,1524,1026,1010,972,752,1074,752,1074,617,752,1074,1084,1074,1140,1074,929,1074,1460,927,1074,1074,752,1460,1074,1074,1074,924,924,1074,1140,1226,752,1074,924,940,1074,1668,1668,1668,752,1251,1251,1251,1251,1251,1251,1775,1225,1097,1097,1097,1097,570,570,570,570,1256,1307,1380,1380,1380,1380,1380,1074,1380,1328,1328,1328,1328,1168,1113,1119,1076,1076,1076,1076,1076,1076,1730,942,1100,1100,1100,1100,628,628,628,628,1125,1119,1099,1099,1099,1099,1099,1074,1099,1140,1140,1140,1140,1010,1141,1010,2034,1825,985,829,1168,1127,972,822,1074,1074,752,1504,752,752,752,1074,1074,1074,940,940,1074,1504,1869,752,752,1074,1300
Verdana	0	720,806,940,1676,1302,2204,1488,550,930,930,1302,1676,745,930,745,930,1302,1302,1302,1302,1302,1302,1302,1302,1302,1302,930,930,1676,1676,1676,1117,2048,1400,1404,1430,1578,1295,1177,1588,1539,862,931,1419,1140,1726,1532,1612,1235,1612,1424,1400,1262,1499,1400,2025,1403,1260,1403,930,930,930,1676,1302,1302,1230,1276,1067,1276,1220,720,1276,1296,562,705,1212,562,1992,1296,1243,1276,1276,874,1067,807,1296,1212,1676,1212,1212,1076,1300,930,1300,1676,720,806,1302,1302,1302,1302,930,1302,1302,2048,1117,1320,1676,930,2048,1302,1110,1676,1110,1110,1302,1314,1302,745,1302,1110,1117,1320,2048,2048,2048,1117,1400,1400,1400,1400,1400,1400,2016,1430,1295,1295,1295,1295,862,862,862,862,1588,1532,1612,1612,1612,1612,1612,1676,1612,1499,1499,1499,1499,1260,1240,1270,1230,1230,1230,1230,1230,1230,1956,1067,1220,1220,1220,1220,562,562,562,562,1253,1296,1243,1243,1243,1243,1243,1676,1243,1296,1296,1296,1296,1212,1276,1212,2191,2010,1400,1067,1260,1403,1076,1302,1302,1302,1302,2048,550,550,550,940,940,940,1302,1302,1117,1676,3116,930,930,1302,2000
Verdana	1	700,824,1203,1776,1456,2605,1766,680,1113,1113,1456,1776,740,983,740,1412,1456,1456,1456,1456,1456,1456,1456,1456,1456,1456,824,824,1776,1776,1776,1263,1974,1590,1560,1482,1700,1399,1332,1661,1715,1118,1137,1579,1305,1941,1734,1741,1501,1741,1602,1455,1396,1663,1564,2311,1564,1509,1417,1113,1412,1113,1776,1456,1456,1368,1432,1205,1432,1360,865,1432,1459,700,825,1374,700,2167,1459,1406,1432,1432,1018,1215,933,1459,1331,2006,1370,1333,1222,1456,1113,1456,1776,700,824,1456,1456,1456,1456,1113,1456,1456,1974,1224,1740,1776,983,1974,1456,1203,1776,1224,1224,1456,1477,1456,740,1456,1224,1224,1740,2420,2420,2420,1263,1590,1590,1590,1590,1590,1590,2240,1482,1399,1399,1399,1399,1118,1118,1118,1118,1700,1734,1741,1741,1741,1741,1741,1776,1741,1663,1663,1663,1663,1509,1505,1460,1368,1368,1368,1368,1368,1368,2085,1205,1360,1360,1360,1360,700,700,700,700,1391,1459,1406,1406,1406,1406,1406,1776,1406,1459,1459,1459,1459,1333,1432,1333,2325,2187,1455,1215,1509,1417,1222,1456,1456,1456,1456,2048,680,680,680,1203,1203,1203,1456,1456,1456,2148,3640,1113,1113,1456,1974
Verdana	2	720,806,940,1676,1302,2204,1488,550,930,930,1302,1676,745,930,745,930,1302,1302,1302,1302,1302,1302,1302,1302,1302,1302,930,930,1676,1676,1676,1117,2048,1398,1404,1430,1568,1295,1177,1588,1539,862,931,1419,1140,1726,1532,1612,1235,1612,1424,1400,1262,1499,1398,2028,1403,1260,1403,930,930,930,1676,1302,1302,1230,1276,1067,1276,1220,720,1273,1296,562,705,1202,562,1993,1296,1243,1276,1276,874,1067,807,1296,1210,1676,1212,1210,1076,1300,930,1300,1676,720,806,1302,1302,1302,1302,930,1302,1302,2048,1117,1320,1676,930,2048,1302,1110,1676,1110,1110,1302,1314,1302,745,1302,1110,1117,1320,2048,2048,2048,1117,1398,1398,1398,1398,1398,1398,2026,1430,1295,1295,1295,1295,862,862,862,862,1568,1532,1612,1612,1612,1612,1612,1676,1612,1499,1499,1499,1499,1260,1240,1270,1230,1230,1230,1230,1230,1230,1955,1067,1220,1220,1220,1220,562,562,562,562,1253,1296,1243,1243,1243,1243,1243,1676,1243,1296,1296,1296,1296,1210,1276,1210,2191,2008,1400,1067,1260,1403,1076,1302,1302,1302,1302,2048,550,550,550,940,940,940,1302,1302,1117,1676,3110,930,930,1302,2000
Verdana	3	700,824,1203,1776,1456,2605,1766,680,1113,1113,1456,1776,740,983,740,1412,1456,1456,1456,1456,1456,1456,1456,1456,1456,1456,824,824,1776,1776,1776,1263,1974,1590,1560,1482,1700,1399,1332,1661,1715,1118,1137,1579,1305,1941,1734,1741,1501,1741,1602,1455,1396,1663,1564,2311,1564,1509,1417,1113,1412,1113,1776,1456,1456,1368,1432,1205,1432,1360,865,1432,1459,700,825,1374,700,2167,1459,1404,1432,1432,1018,1215,933,1459,1329,2006,1370,1333,1222,1456,1113,1456,1776,700,824,1456,1456,1456,1456,1113,1456,1456,1974,1224,1740,1776,983,1974,1456,1203,1776,1224,1224,1456,1477,1456,740,1456,1224,1224,1740,2420,2420,2420,1263,1590,1590,1590,1590,1590,1590,2240,1482,1399,1399,1399,1399,1118,1118,1118,1118,1700,1734,1741,1741,1741,1741,1741,1776,1741,1663,1663,1663,1663,1509,1505,1460,1368,1368,1368,1368,1368,1368,2085,1205,1360,1360,1360,1360,700,700,700,700,1391,1459,1404,1404,1404,1404,1404,1776,1404,1459,1459,1459,1459,1333,1432,1333,2325,2187,1455,1215,1509,1417,1222,1456,1456,1456,1456,2048,680,680,680,1203,1203,1203,1456,1456,1456,2148,3640,1113,1113,1456,1974
Viner Hand ITC	0	473,821,958,1290,1352,1436,1169,614,1110,1110,1335,1706,614,889,614,987,899,655,1391,993,1305,915,948,979,1044,950,614,614,1706,1706,1706,1163,2019,1628,1561,1473,1552,1393,1202,1268,1677,791,950,1810,1468,1860,1649,1016,1493,1702,1411,1397,1227,1530,1374,2310,1321,1501,1415,1110,987,1110,2048,1024,1024,1300,1006,899,1008,877,815,987,1298,727,803,1432,803,1788,1352,864,1104,1133,807,668,926,1421,1282,1663,1075,1329,1110,1110,1024,1110,1706,473,821,1008,1446,1241,1141,1024,1124,1024,625,1040,1231,1706,889,625,1024,905,1706,918,655,1024,1120,1024,614,1024,432,913,1231,1892,1946,2105,1163,1628,1628,1628,1628,1628,1628,2226,1473,1393,1393,1393,1393,791,791,791,791,1552,1649,1016,1016,1016,1016,1016,1706,1016,1530,1530,1530,1530,1501,1401,1112,1300,1300,1300,1300,1300,1300,1501,1057,877,877,877,877,727,727,727,727,854,1352,864,864,864,864,864,1706,864,1421,1421,1421,1421,1329,1059,1329,2163,1411,1397,668,1501,1415,1110,1008,1024,1024,1417,2294,614,614,614,997,997,997,983,991,1053,2048,2091,854,854,1122,762
Vivaldi	2	512,407,352,819,874,1447,1873,188,508,506,920,874,341,311,341,679,874,874,874,874,874,874,874,874,874,874,342,341,1024,874,1024,722,1395,1683,2537,1566,2270,2361,2287,2176,2928,1898,1914,2546,1862,2775,2487,1848,1919,2044,2286,2468,1853,2529,2357,2817,2459,2661,2035,688,679,819,1024,1024,1024,768,756,606,799,594,390,771,770,365,333,775,335,1111,797,679,645,747,513,461,406,747,657,987,903,782,721,672,1024,672,1365,512,374,874,874,819,874,1024,819,1024,1649,768,886,1024,311,1648,-1,546,874,563,563,1024,980,819,-1,1024,563,768,886,1425,1425,1426,797,1683,1683,1683,1683,1683,1683,2310,1566,2361,2361,2361,2361,1898,1898,1898,1898,2270,2487,1848,1848,1848,1848,1848,874,1848,2529,2529,2529,2529,2661,1919,751,768,768,768,768,768,768,1181,606,594,594,594,594,365,365,365,365,713,797,679,679,679,679,679,874,676,747,747,747,747,782,645,782,2515,1056,2468,461,2661,-1,-1,874,1024,1024,655,836,344,344,345,536,536,536,819,819,1365,1024,2102,582,582,874,1967
Vladimir Script	0	512,487,514,948,949,1079,1054,257,628,628,672,949,378,574,378,1186,949,949,949,949,949,949,949,949,949,949,378,378,1024,949,1024,770,1346,1554,1566,1247,1509,1201,1316,1417,1657,1174,1372,1325,1305,1795,1486,1212,1291,1215,1447,1281,1310,1508,1424,1915,1228,1484,1226,628,1601,628,1024,1024,1024,765,781,627,765,604,658,745,841,527,499,819,581,1114,859,720,825,778,582,583,553,820,774,1040,739,842,685,628,1024,628,1365,512,487,949,949,949,949,1024,948,1024,1349,482,936,1024,574,1349,1024,669,949,598,598,1024,820,1111,378,1024,598,454,936,1707,1708,1707,770,1554,1554,1554,1554,1554,1554,2251,1247,1201,1201,1201,1201,1174,1174,1174,1174,1509,1486,1213,1213,1213,1213,1213,949,1212,1507,1507,1507,1507,1484,1291,922,765,765,765,765,765,765,957,627,604,604,604,604,527,527,527,527,720,859,720,720,720,720,720,949,720,820,820,820,820,842,825,842,1990,977,1281,583,1484,1227,685,949,1024,1024,1172,1338,452,384,384,690,690,690,978,978,1365,1136,1530,644,643,949,2031
Webdings	0	1024,2048,2048,2048,2048,2028,2048,2048,2048,2048,2048,2048,2048,2048,2048,2048,2048,2048,2048,2048,2048,2048,2048,2048,2048,2048,2048,2048,2048,2048,2048,2048,2048,2048,2048,2048,2048,2048,2048,2048,2048,2048,2048,2048,2048,2048,2048,2048,2048,2048,2048,2048,2048,2048,2048,1100,1100,2048,2048,2048,2048,2048,2048,2048,2048,2048,2048,2048,2048,2048,2048,2048,2048,2048,2048,2048,2048,1144,2048,2048,2048,2048,2048,2048,2048,2048,2048,2048,2048,2048,2048,2048,2048,2048,2048,2048,2048,2048,2048,2048,2048,2048,2048,2048,2048,2048,2048,2048,2048,2048,2048,2048,2048,2048,2048,2048,2048,2048,2048,2048,2048,2048,2048,1377,1377,2048,1726,1058,2048,2048,2048,2048,877,1240,2048,2048,2048,2048,1357,2048,2048,2048,2048,2048,2048,2048,2048,2048,2048,2048,2048,2048,2048,2048,2048,2048,2048,2048,2048,2048,2048,2048,2048,2048,2048,2048,2048,2048,2048,2048,2048,2048,2048,2048,2048,2048,2048,2048,2048,2048,2048,2048,2048,2048,2048,2048,2645,2048,2048,2048,2048,-1,-1,-1,-1,-1,-1,-1,-1,-1,-1,-1,-1,-1,-1,-1,-1,-1,-1,-1,-1,-1,-1,-1,-1,-1,-1,-1
Wingdings	0	2048,2110,2344,2665,2752,1830,2492,938,2220,1826,2319,2319,2399,2399,2951,2956,2245,2751,1431,1431,1826,1135,1233,2196,1941,2208,1924,1825,1826,1826,1825,1863,1863,1203,1624,1381,1381,1929,1929,1124,1124,1826,1727,1727,1727,2275,1352,1739,2230,1819,1803,1332,1665,1529,1529,1480,1420,1627,1813,1826,1834,1825,2368,2159,1974,2233,1927,1911,1937,2099,1902,2245,2181,1597,2150,2603,1529,1951,1529,1825,1825,1825,1825,937,1529,2020,1825,1183,2171,2171,1825,1826,1826,1086,1086,641,1825,1825,1825,1825,1825,1951,937,1825,1825,1825,1825,1825,1825,1825,1825,1825,1825,1825,1825,1825,1825,1825,1825,1825,1825,1825,1825,1825,1825,1825,1825,1825,1825,1825,1825,1825,1825,1825,2146,2146,2146,2146,2048,2048,2048,2048,2048,2048,2048,2048,2048,2048,2566,2566,1627,1627,1825,1825,1825,1825,1825,1825,2006,2006,1825,1825,1589,1589,1589,1589,2186,2186,1825,1825,1787,1787,1787,1787,1825,1825,1660,1660,2171,1660,1601,1601,1601,1601,987,789,1301,1609,1826,1826,2119,-1,-1,-1,-1,-1,-1,-1,-1,-1,-1,-1,-1,-1,-1,-1,-1,-1,-1,-1,-1,-1,-1,-1,-1,-1,-1,-1
Wingdings 2	0	2048,2110,2090,2073,2086,2344,2045,2220,989,1431,1431,1826,1431,1431,1826,1431,1431,1826,1431,1431,2320,2246,1826,1826,1826,2320,2170,2170,1381,1381,1938,1938,1938,1938,1928,1928,1928,1928,1047,1047,1047,1047,1178,1178,1178,1178,1826,1321,1568,1826,1826,1826,1826,1825,1825,1826,1826,2226,1727,1548,1579,984,1035,864,1018,2048,2048,2048,2048,2048,2048,2048,2048,1826,1826,1826,1826,1826,1826,1826,1826,1826,1826,1826,1826,1826,1826,1826,1826,1826,1826,1826,1826,1826,1826,740,1135,1825,1825,1825,1825,1825,1825,1825,1825,1825,624,764,903,1461,2020,2020,2020,2020,2020,542,641,740,1135,1529,1529,1085,1085,1825,1825,1825,1825,1825,1825,1825,1825,1825,1825,1825,1825,1825,1825,1825,1825,1825,1825,1825,1825,1825,1825,1825,1825,1825,1825,1825,1825,1825,1825,1825,1825,1825,1825,1825,1825,1825,1825,1825,1825,1825,1825,1825,1825,1825,1825,1825,1825,1825,1825,1825,1825,1825,1825,1825,1825,1825,1825,1825,1825,1496,1825,-1,-1,-1,-1,-1,-1,-1,-1,-1,-1,-1,-1,-1,-1,-1,-1,-1,-1,-1,-1,-1,-1,-1,-1,-1,-1,-1,-1,-1,-1,-1,-1,-1
Wingdings 3	0	2048,1825,1825,1135,1135,1444,1444,1444,1444,1825,1825,1135,1135,1677,1677,1135,1135,1135,1135,1135,1135,1135,1135,1135,1135,1135,1825,1825,1455,1455,1455,1455,2010,2010,1825,1825,1825,1825,1825,1825,1825,1825,1825,1825,1825,1825,1825,1825,1825,1825,1825,2220,1825,1751,1114,1115,1660,1660,1930,1930,1930,1930,1924,1924,1924,1924,1930,1930,1931,1931,1825,1825,1232,1232,1444,1444,1444,1444,1825,1232,2005,2005,2005,2005,1801,1801,1801,1801,1801,1801,1801,1801,1085,1085,1825,1381,1825,1825,1875,1875,1825,1825,1825,1825,1825,1825,1825,789,592,493,394,1825,1825,1825,1825,1825,1085,1085,1381,1381,1628,1628,1184,1184,900,900,1825,1825,1019,1019,1825,1825,1825,1825,1825,1825,1825,1825,1825,1825,1291,1291,1291,1291,1961,1961,1825,1825,1540,1540,1540,1540,2096,2096,1825,1825,1688,1688,1688,1688,2277,2277,1825,1825,1885,1885,1885,1885,543,543,1234,1234,766,766,1234,1234,-1,-1,-1,-1,-1,-1,-1,-1,-1,-1,-1,-1,-1,-1,-1,-1,-1,-1,-1,-1,-1,-1,-1,-1,-1,-1,-1,-1,-1,-1,-1,-1,-1,-1,-1,-1,-1,-1,-1,-1,-1,-1
DejaVu Sans Condensed	1	641,840,960,1544,1282,1846,1607,564,842,842,963,1544,700,765,700,673,1282,1282,1282,1282,1282,1282,1282,1282,1282,1282,737,737,1544,1544,1544,1069,1843,1426,1404,1352,1530,1259,1259,1512,1542,685,685,1428,1174,1834,1542,1566,1350,1566,1419,1327,1257,1496,1426,2033,1421,1334,1336,842,673,842,1544,921,921,1243,1319,1092,1319,1250,801,1319,1312,631,631,1225,631,1920,1312,1266,1319,1319,909,1097,881,1312,1201,1702,1188,1201,1072,1312,673,1312,1544,641,840,1282,1282,1172,1282,673,921,921,1843,1039,1190,1544,765,1843,921,921,1544,807,807,921,1356,1172,700,921,807,1039,1190,1908,1908,1908,1069,1426,1426,1426,1426,1426,1426,1999,1352,1259,1259,1259,1259,685,685,685,685,1544,1542,1566,1566,1566,1566,1566,1544,1566,1496,1496,1496,1496,1334,1359,1325,1243,1243,1243,1243,1243,1243,1931,1092,1250,1250,1250,1250,631,631,631,631,1266,1312,1266,1266,1266,1266,1266,1544,1266,1312,1312,1312,1312,1201,1319,1201,2151,2016,1327,1097,1334,1336,1072,801,921,921,921,1843,700,700,700,1211,1211,1211,921,921,1178,1843,2654,759,759,1282,1843
Fraunces NonWonky	1	431,680,841,1377,1263,1689,2037,407,781,781,1276,1158,635,827,610,1028,1438,1001,1314,1210,1357,1248,1322,1125,1338,1325,614,639,1071,1158,1071,1165,1951,1558,1517,1458,1672,1383,1293,1586,1794,889,1137,1696,1328,1956,1581,1638,1498,1639,1619,1286,1477,1552,1510,2230,1521,1434,1335,752,1027,767,975,1035,555,1187,1287,1104,1311,1117,868,1222,1355,683,683,1307,685,2010,1354,1246,1318,1289,1035,1044,848,1331,1168,1762,1178,1203,1044,850,625,850,1309,431,648,1094,1342,1211,1435,700,1237,896,1923,1095,1291,1155,827,1489,831,810,1160,793,734,536,1337,1444,634,622,645,1101,1291,1645,1683,1713,1110,1558,1558,1558,1558,1558,1558,2084,1458,1383,1383,1383,1383,889,889,889,889,1672,1581,1638,1638,1638,1638,1638,1099,1638,1552,1552,1552,1552,1434,1510,1508,1187,1187,1187,1187,1187,1187,1730,1104,1117,1117,1117,1117,674,674,674,674,1252,1354,1246,1246,1246,1246,1246,1158,1230,1331,1331,1331,1331,1203,1281,1203,2135,1867,1286,1044,1434,1335,1044,1009,791,777,1132,1775,538,536,551,1066,1078,1082,1153,1153,918,2000,2171,730,730,1482,2172
Fraunces NonWonky	3	403,752,848,1379,1236,1692,1522,414,775,772,1274,1154,622,779,598,971,1410,940,1291,1187,1244,1205,1304,1133,1257,1293,713,723,1071,1158,1071,1155,1944,1398,1468,1364,1604,1359,1296,1524,1695,862,847,1582,1245,1873,1497,1595,1446,1595,1524,1257,1308,1489,1404,2106,1432,1285,1341,817,863,817,942,1004,555,1237,1209,1032,1249,1096,758,1165,1257,723,683,1232,711,1887,1310,1181,1232,1183,1083,1014,843,1308,1294,1862,1288,1148,1166,889,641,886,1281,403,775,1070,1306,1183,1305,692,1232,896,1860,1176,1238,1155,778,1466,830,808,1160,791,733,536,1299,1441,641,622,642,1138,1255,1628,1671,1705,1170,1398,1398,1398,1398,1398,1398,2063,1364,1359,1359,1359,1359,862,862,862,862,1604,1496,1595,1595,1595,1595,1595,1108,1595,1489,1489,1489,1489,1285,1483,1443,1237,1237,1237,1237,1237,1237,1706,1032,1096,1096,1096,1096,722,722,722,722,1192,1310,1181,1181,1181,1181,1181,1154,1181,1308,1308,1308,1308,1148,1201,1148,2156,1773,1257,1014,1285,1341,1166,846,791,777,1128,1767,537,531,601,1062,1056,1121,1158,1159,898,1884,2091,738,756,1464,2159
Fraunces NonWonky	2	415,643,708,1319,1181,1493,1374,342,744,738,1271,1126,492,792,476,923,1327,888,1204,1093,1158,1135,1212,1064,1155,1212,577,600,1050,1139,1050,989,1803,1312,1354,1320,1531,1284,1228,1436,1610,770,748,1453,1144,1735,1448,1569,1340,1570,1403,1172,1200,1443,1278,1950,1331,1198,1241,763,881,763,943,934,468,1123,1125,932,1147,993,653,1063,1172,645,623,1127,641,1737,1208,1079,1121,1098,957,888,763,1203,1152,1683,1193,1043,1014,818,655,817,1273,415,660,1010,1262,1168,1228,676,1156,737,1801,1065,1108,1138,791,1449,714,802,1140,736,691,460,1186,1266,550,539,592,1025,1117,1523,1552,1578,1010,1312,1312,1312,1312,1312,1312,1974,1320,1284,1284,1284,1284,770,770,770,770,1531,1446,1569,1569,1569,1569,1569,1029,1569,1443,1443,1443,1443,1198,1352,1268,1123,1123,1123,1123,1123,1123,1560,933,993,993,993,993,641,641,641,641,1080,1208,1079,1079,1079,1079,1079,1126,1079,1203,1203,1203,1203,1043,1105,1043,2038,1646,1172,888,1198,1241,1014,787,685,682,1050,1663,425,414,467,827,815,859,1127,1128,721,1574,1948,685,693,1399,2038
Fraunces NonWonky	0	460,632,687,1328,1209,1511,1966,322,708,708,1277,1139,517,852,497,1007,1328,918,1217,1104,1218,1157,1212,1035,1190,1221,508,530,1050,1139,1050,1013,1811,1458,1388,1424,1599,1322,1219,1550,1696,780,962,1553,1258,1840,1590,1626,1361,1626,1461,1207,1382,1522,1435,2113,1481,1396,1303,669,1007,677,985,975,470,1109,1211,1039,1238,1066,750,1143,1263,615,615,1218,622,1908,1263,1194,1242,1211,925,954,744,1242,1125,1658,1084,1134,972,796,540,796,1305,460,615,1034,1292,1178,1404,700,1181,738,1923,1059,1135,1138,852,1517,715,809,1140,741,694,460,1250,1274,559,539,602,1101,1135,1571,1591,1617,966,1458,1458,1458,1458,1458,1458,1994,1424,1322,1322,1322,1322,780,780,780,780,1598,1590,1626,1626,1626,1626,1626,1025,1626,1522,1522,1522,1522,1396,1367,1345,1109,1109,1109,1109,1109,1109,1688,1039,1066,1066,1066,1066,616,616,616,616,1197,1263,1194,1194,1194,1194,1194,1139,1186,1242,1242,1242,1242,1134,1224,1134,2022,1837,1207,954,1396,1303,972,855,685,683,1055,1676,432,428,466,845,883,881,1111,1111,745,1734,2003,676,676,1418,2057
Libre Franklin Medium	0	434,514,877,1235,1272,1894,1632,496,602,602,834,1157,461,780,455,715,1421,981,1255,1329,1354,1354,1370,1241,1378,1364,455,487,1135,1157,1135,1079,1708,1518,1448,1458,1497,1303,1251,1522,1516,610,874,1462,1249,1882,1550,1571,1430,1573,1442,1335,1343,1460,1464,2165,1436,1421,1325,606,715,606,975,1077,598,1130,1233,1116,1233,1192,791,1251,1204,506,506,1180,508,1864,1204,1227,1231,1233,811,1059,821,1194,1137,1645,1145,1108,1010,664,528,664,1190,434,514,1143,1280,1124,1278,528,1010,582,1700,815,940,1157,-1,1116,692,950,1157,926,956,598,1194,1176,442,479,752,834,938,1858,1972,1960,1069,1518,1518,1518,1518,1518,1518,2111,1458,1303,1303,1303,1303,610,610,610,610,1513,1550,1571,1571,1571,1571,1571,1128,1516,1460,1460,1460,1460,1421,1440,1272,1130,1130,1130,1130,1130,1130,1884,1116,1192,1192,1192,1192,506,506,506,506,1227,1204,1227,1227,1227,1227,1227,1159,1202,1194,1194,1194,1194,1108,1227,1108,2304,2019,1335,1059,1421,1325,1010,958,692,727,1159,1821,467,467,467,858,862,862,961,961,655,1624,2740,561,563,1262,1956
Libre Franklin Medium	2	434,514,877,1235,1272,1894,1632,496,602,602,834,1157,461,780,455,715,1421,981,1255,1329,1354,1354,1370,1241,1378,1364,455,487,1135,1157,1135,1079,1708,1518,1448,1458,1497,1303,1251,1522,1516,610,874,1462,1249,1882,1550,1571,1430,1573,1442,1335,1343,1460,1464,2165,1436,1421,1325,606,715,606,975,1077,598,1130,1233,1116,1233,1192,791,1251,1204,506,506,1180,508,1864,1204,1227,1231,1233,811,1059,821,1194,1137,1645,1145,1108,1010,664,528,664,1190,434,514,1143,1280,1124,1278,528,1010,582,1700,811,940,1157,-1,1116,692,950,1157,926,956,598,1194,1176,442,479,752,834,938,1858,1972,1960,1069,1518,1518,1518,1518,1518,1518,2109,1458,1303,1303,1303,1303,610,610,610,610,1438,1550,1571,1571,1571,1571,1571,1128,1516,1460,1460,1460,1460,1421,1438,1272,1130,1130,1130,1130,1130,1130,1890,1116,1192,1192,1192,1192,506,506,506,506,1227,1204,1227,1227,1227,1227,1227,1159,1202,1194,1194,1194,1194,1108,1227,1108,2304,2019,1335,1059,1421,1325,1010,958,692,727,1159,1821,467,467,467,858,862,786,961,961,655,1624,2740,561,563,1262,1956
Libre Franklin SemiBold	0	428,526,920,1235,1307,1915,1675,502,623,623,893,1176,489,778,485,731,1436,1012,1286,1348,1382,1370,1386,1253,1389,1382,485,510,1159,1176,1159,1090,1708,1548,1464,1473,1518,1321,1272,1530,1528,627,895,1493,1268,1913,1552,1577,1446,1581,1460,1362,1370,1468,1483,2193,1464,1464,1360,627,731,627,973,1096,612,1143,1241,1122,1241,1196,807,1274,1212,524,524,1208,526,1872,1212,1227,1239,1241,842,1073,854,1204,1155,1661,1178,1135,1036,707,522,707,1219,428,526,1143,1300,1151,1313,522,1024,659,1700,809,969,1176,-1,1116,739,950,1176,926,956,612,1204,1206,475,506,752,825,967,1892,2003,2015,1079,1548,1548,1548,1548,1548,1548,2161,1473,1321,1321,1321,1321,627,627,627,627,1542,1552,1577,1577,1577,1577,1577,1155,1540,1468,1468,1468,1468,1464,1460,1300,1143,1143,1143,1143,1143,1143,1878,1122,1196,1196,1196,1196,524,524,524,524,1227,1212,1227,1227,1227,1227,1227,1178,1210,1204,1204,1204,1204,1135,1235,1135,2308,1997,1362,1073,1464,1360,1036,1006,735,782,1178,1841,479,479,479,905,911,911,1010,1010,674,1720,2773,578,580,1298,2009
Libre Franklin SemiBold	2	428,526,920,1235,1307,1915,1675,502,623,623,893,1176,489,778,485,731,1436,1012,1286,1348,1382,1370,1386,1253,1389,1382,485,510,1159,1176,1159,1087,1708,1548,1464,1473,1518,1321,1272,1530,1528,627,895,1493,1268,1913,1552,1577,1446,1581,1460,1362,1370,1468,1483,2193,1464,1464,1360,627,731,627,973,1096,612,1143,1241,1122,1241,1196,807,1274,1212,524,524,1208,526,1872,1212,1227,1239,1241,842,1073,854,1204,1155,1661,1178,1135,1036,707,522,707,1219,428,526,1143,1300,1151,1313,522,1024,659,1700,805,969,1176,-1,1116,739,950,1176,926,956,612,1204,1206,475,506,752,825,967,1892,2003,2015,1079,1548,1548,1548,1548,1548,1548,2157,1473,1321,1321,1321,1321,627,627,627,627,1466,1552,1577,1577,1577,1577,1577,1155,1540,1468,1468,1468,1468,1464,1458,1300,1143,1143,1143,1143,1143,1143,1886,1122,1196,1196,1196,1196,524,524,524,524,1227,1212,1227,1227,1227,1227,1227,1178,1210,1204,1204,1204,1204,1135,1235,1135,2308,1997,1362,1073,1464,1360,1036,1006,735,782,1178,1841,479,479,479,905,909,834,1010,1010,674,1720,2773,578,580,1298,2009
Merriweather 18pt	1	485,608,1071,1470,1366,2175,1564,651,904,904,1352,1370,565,1180,565,831,1356,949,1204,1172,1302,1197,1260,1228,1273,1265,578,578,1370,1370,1370,1001,2163,1446,1432,1358,1562,1336,1282,1493,1692,819,819,1530,1303,2084,1618,1496,1353,1496,1479,1235,1468,1522,1402,2081,1485,1329,1335,919,883,903,1363,1024,895,1145,1261,1047,1265,1108,821,1280,1367,700,700,1326,666,2060,1390,1222,1304,1245,951,1059,823,1314,1199,1762,1265,1214,1129,1084,864,1084,1358,485,608,1168,1571,1546,1629,864,1395,1133,2130,980,1425,1370,-1,2130,1019,1004,1305,849,807,896,1291,1607,342,800,664,1014,1425,1862,1921,1969,1001,1446,1446,1446,1446,1446,1446,1990,1358,1336,1336,1336,1336,819,819,819,819,1562,1618,1496,1496,1496,1496,1496,1370,1496,1522,1522,1522,1522,1329,1358,1284,1145,1145,1145,1145,1145,1145,1747,1047,1108,1108,1108,1108,700,700,700,700,1209,1390,1222,1222,1222,1222,1222,1370,1222,1314,1314,1314,1314,1214,1261,1214,2083,1916,1235,1059,1329,1335,1129,1033,1145,1180,1609,2375,609,609,609,1086,1086,1086,1145,1147,919,1798,3111,851,851,1521,2331
Merriweather 18pt	2	451,496,1047,1360,1237,1888,1548,650,861,861,1249,1370,430,1121,455,825,1286,894,1165,1044,1209,1135,1188,1098,1157,1194,457,455,1254,1370,1253,901,1973,1353,1310,1310,1437,1262,1187,1389,1536,689,680,1381,1196,1915,1507,1439,1242,1439,1345,1093,1313,1407,1245,1892,1318,1200,1228,867,961,867,1337,1024,805,1174,1151,942,1197,1046,700,1141,1253,605,603,1119,609,1890,1240,1164,1168,1149,828,856,710,1203,1086,1673,1067,1120,1048,966,854,967,1246,451,496,1096,1473,1577,1491,853,1207,966,2148,878,1402,1281,-1,2148,861,892,1247,806,756,762,1230,1375,313,703,617,880,1402,1785,1810,1919,901,1353,1353,1353,1353,1353,1353,1905,1310,1262,1262,1262,1262,689,689,689,689,1437,1507,1439,1439,1439,1439,1439,1370,1439,1407,1407,1407,1407,1200,1244,1187,1174,1174,1174,1174,1174,1174,1731,942,1046,1046,1046,1046,605,605,605,605,1166,1240,1164,1164,1164,1164,1164,1370,1164,1203,1203,1203,1203,1120,1148,1120,2218,1790,1093,856,1200,1228,1048,951,983,922,1604,2226,551,551,551,955,955,911,891,893,758,1342,2662,858,857,1461,2041
Merriweather 18pt	0	485,591,1015,1457,1353,2121,1555,618,881,881,1319,1370,521,1189,521,801,1322,928,1218,1172,1262,1197,1238,1167,1220,1240,526,526,1370,1370,1370,985,2089,1444,1371,1340,1540,1299,1261,1483,1648,764,764,1471,1273,2029,1584,1479,1312,1479,1430,1217,1423,1516,1360,2041,1468,1318,1324,891,883,885,1363,1024,853,1098,1225,1035,1234,1068,776,1240,1357,664,664,1297,634,2034,1358,1195,1255,1209,922,1005,799,1289,1164,1729,1217,1192,1114,1049,864,1049,1249,485,591,1164,1523,1509,1575,864,1376,1066,2130,933,1404,1370,-1,2130,974,950,1292,858,796,853,1279,1498,232,766,651,978,1404,1818,1905,1929,985,1444,1444,1444,1444,1444,1444,1971,1340,1299,1299,1299,1299,764,764,764,764,1540,1584,1479,1479,1479,1479,1479,1370,1479,1516,1516,1516,1516,1318,1310,1256,1098,1098,1098,1098,1098,1098,1719,1035,1068,1068,1068,1068,664,664,664,664,1187,1358,1195,1195,1195,1195,1195,1370,1195,1289,1289,1289,1289,1192,1225,1192,2058,1915,1217,1005,1318,1324,1114,1009,1079,1189,1624,2337,581,581,581,1019,1019,1019,1098,1101,871,1624,3024,827,827,1467,2278
Source Serif 4 14pt	1	446,702,965,1159,1151,1987,1538,481,838,838,940,1153,639,721,639,799,1165,1165,1165,1165,1165,1165,1165,1165,1165,1165,639,639,1153,1153,1153,918,1853,1458,1405,1360,1538,1290,1245,1489,1645,819,838,1524,1257,1894,1528,1528,1341,1528,1491,1184,1374,1548,1440,2124,1403,1366,1227,778,799,778,1153,1112,819,1167,1317,1096,1298,1120,780,1210,1352,705,666,1311,709,1985,1356,1233,1319,1282,1018,997,776,1339,1196,1774,1235,1225,1036,760,645,760,1153,446,702,1151,1151,1112,1151,645,1100,819,1526,811,1247,1153,721,963,819,705,1153,819,819,819,1303,1329,639,819,819,856,1247,1917,1987,1917,918,1458,1458,1458,1458,1458,1458,1903,1360,1290,1290,1290,1290,819,819,819,819,1538,1528,1528,1528,1528,1528,1528,1153,1528,1548,1548,1548,1548,1366,1339,1405,1167,1167,1167,1167,1167,1167,1710,1096,1120,1120,1120,1120,705,705,705,705,1208,1356,1233,1233,1233,1233,1233,1153,1233,1339,1339,1339,1339,1225,1311,1225,1978,1849,1184,997,1366,1227,1036,1151,735,819,1112,1726,508,508,508,989,987,987,1090,1090,690,1810,2804,727,727,1151,1716
Source Serif 4 14pt	3	438,633,1047,1235,1155,2015,1536,571,827,827,963,1153,651,707,651,799,1178,1178,1178,1178,1178,1178,1178,1178,1178,1178,651,651,1153,1153,1153,946,1831,1450,1327,1274,1473,1235,1182,1395,1602,805,778,1468,1194,1876,1473,1423,1264,1423,1417,1061,1272,1442,1360,1942,1348,1268,1174,752,793,752,1153,1102,819,1245,1186,1010,1253,1028,768,1182,1288,692,637,1159,686,1905,1311,1182,1214,1204,1008,905,788,1311,1126,1718,1247,1165,1096,737,637,737,1153,438,633,1155,1155,1118,1155,637,1063,819,1599,870,1298,1153,707,983,819,672,1153,819,819,819,1282,1327,651,819,819,823,1298,1946,2015,1946,946,1450,1450,1450,1450,1450,1450,1864,1274,1235,1235,1235,1235,805,805,805,805,1473,1473,1423,1423,1423,1423,1423,1153,1423,1442,1442,1442,1442,1268,1266,1286,1245,1245,1245,1245,1245,1245,1638,1010,1028,1028,1028,1028,692,692,692,692,1159,1311,1182,1182,1182,1182,1182,1153,1182,1311,1311,1311,1311,1165,1204,1165,1833,1731,1061,905,1268,1174,1096,1155,723,819,1102,1716,582,582,582,1065,1065,1065,1055,1055,670,1847,2834,780,780,1155,1700
Source Serif 4 14pt	2	465,625,934,1174,1073,1901,1436,530,788,788,983,1094,614,643,614,694,1100,1100,1100,1100,1100,1100,1100,1100,1100,1100,614,614,1094,1094,1094,940,1802,1399,1274,1257,1440,1237,1171,1370,1581,748,739,1409,1196,1915,1528,1380,1169,1380,1323,1034,1210,1485,1335,1878,1366,1214,1149,707,678,707,1094,1049,819,1135,1073,889,1141,905,666,1047,1188,655,563,1018,610,1780,1221,1077,1112,1065,872,784,725,1223,1047,1591,1155,1055,1010,799,586,799,1094,465,625,1073,1073,1047,1073,586,952,819,1634,813,1180,1094,643,969,819,672,1094,766,766,819,1176,1223,614,819,766,772,1180,1835,1901,1835,940,1399,1399,1399,1399,1399,1399,1868,1257,1237,1237,1237,1237,748,748,748,748,1440,1528,1380,1380,1380,1380,1380,1094,1380,1485,1485,1485,1485,1214,1163,1120,1135,1135,1135,1135,1135,1135,1473,889,905,905,905,905,655,655,655,655,1061,1221,1077,1077,1077,1077,1077,1094,1077,1223,1223,1223,1223,1055,1096,1055,1851,1620,1034,784,1214,1149,1010,1073,631,819,1049,1663,559,559,559,993,993,993,1038,1038,606,1679,2666,717,717,1073,1604
Source Serif 4 14pt	0	485,592,780,1075,1061,1909,1491,373,741,741,938,1094,618,655,618,698,1083,1083,1083,1083,1083,1083,1083,1083,1083,1083,618,618,1094,1094,1094,848,1708,1458,1337,1356,1513,1307,1253,1481,1667,770,780,1454,1266,1915,1573,1511,1272,1511,1413,1114,1294,1552,1452,2058,1376,1366,1200,686,698,686,1094,1053,819,1108,1268,1065,1257,1092,756,1141,1313,674,621,1217,674,1956,1317,1186,1274,1231,934,952,735,1286,1186,1712,1165,1200,1004,735,594,735,1094,485,592,1061,1063,1026,1061,594,1012,819,1548,770,1106,1094,655,942,819,705,1094,780,780,819,1264,1227,618,819,780,819,1106,1847,1909,1847,848,1458,1458,1458,1458,1458,1458,1958,1356,1307,1307,1307,1307,770,770,770,770,1513,1573,1511,1511,1511,1511,1511,1094,1511,1552,1552,1552,1552,1366,1278,1290,1108,1108,1108,1108,1108,1108,1694,1065,1092,1092,1092,1092,674,674,674,674,1157,1317,1186,1186,1186,1186,1186,1094,1186,1286,1286,1286,1286,1200,1243,1200,1989,1876,1114,952,1366,1200,1004,1061,649,819,1053,1667,461,461,461,901,901,901,1049,1049,625,1692,2689,621,621,1061,1624
TeXGyreSchola	1	588,606,682,1176,1176,1706,1745,494,797,797,1024,1241,569,682,569,569,1176,1176,1176,1176,1176,1176,1176,1176,1176,1176,569,569,1241,1241,1241,1024,1530,1554,1593,1593,1706,1554,1479,1706,1782,909,1327,1669,1479,2009,1706,1706,1554,1706,1669,1366,1479,1706,1554,2009,1479,1479,1366,797,1241,797,1241,1024,682,1251,1327,1139,1366,1176,797,1251,1403,758,721,1366,721,1972,1403,1251,1366,1327,1063,1024,872,1403,1251,1821,1251,1251,1100,797,1241,797,1241,682,606,1176,1176,1176,1176,1241,1024,682,1530,752,1024,1241,682,1530,682,819,1241,705,705,682,1403,1530,569,682,705,752,1024,1763,1763,1763,1024,1554,1554,1554,1554,1554,1554,2009,1593,1554,1554,1554,1554,909,909,909,909,1706,1706,1706,1706,1706,1706,1706,1241,1706,1706,1706,1706,1706,1479,1554,1251,1251,1251,1251,1251,1251,1251,1782,1139,1176,1176,1176,1176,758,758,758,758,1251,1403,1251,1251,1251,1251,1251,1241,1251,1403,1403,1403,1403,1251,1366,1251,2048,1858,1366,1024,1479,1366,1100,1176,682,682,1024,2048,494,494,494,985,985,985,1024,1024,1241,2048,2048,682,682,1176,2048
TeXGyreSchola	3	588,682,819,1176,1176,1821,1821,588,834,834,1024,1241,588,682,588,569,1176,1176,1176,1176,1176,1176,1176,1176,1176,1176,588,588,1241,1241,1241,985,1530,1518,1554,1554,1706,1518,1442,1669,1782,909,1366,1593,1442,1933,1745,1706,1518,1706,1630,1403,1479,1706,1518,1933,1518,1442,1442,834,1241,834,1241,1024,682,1366,1251,1100,1366,1063,797,1251,1403,797,758,1327,797,1933,1403,1176,1327,1290,1063,985,834,1403,1139,1706,1176,1063,1063,834,1241,834,1241,682,682,1176,1176,1176,1176,1241,1024,682,1530,844,985,1241,682,1530,682,819,1241,705,705,682,1403,1331,588,682,705,729,985,1763,1763,1763,985,1518,1518,1518,1518,1518,1518,1821,1554,1518,1518,1518,1518,909,909,909,909,1706,1745,1706,1706,1706,1706,1706,1241,1706,1706,1706,1706,1706,1442,1518,1176,1366,1366,1366,1366,1366,1366,1669,1100,1063,1063,1063,1063,797,797,797,797,1176,1403,1176,1176,1176,1176,1176,1241,1176,1403,1403,1403,1403,1063,1327,1063,1972,1745,1403,985,1442,1442,1063,1176,682,682,1024,2048,530,530,530,985,985,985,1024,1024,1241,2048,2390,569,569,1176,1935
TeXGyreSchola	2	569,682,819,1139,1139,1706,1745,569,682,682,1024,1241,569,682,569,1241,1139,1139,1139,1139,1139,1139,1139,1139,1139,1139,569,569,1241,1241,1241,909,1530,1442,1479,1479,1593,1479,1366,1593,1706,834,1251,1518,1366,1933,1669,1593,1366,1593,1518,1366,1403,1669,1442,1896,1442,1403,1366,682,1241,682,1241,1024,682,1176,1139,909,1251,909,682,1100,1251,682,645,1139,682,1821,1251,1024,1176,1139,909,909,721,1251,1063,1593,1024,1024,948,682,1241,682,1241,682,682,1139,1139,1139,1139,1241,1024,682,1530,864,872,1241,682,1530,682,819,1241,682,682,682,1251,1331,569,682,682,762,872,1708,1708,1708,909,1442,1442,1442,1442,1442,1442,1782,1479,1479,1479,1479,1479,834,834,834,834,1593,1669,1593,1593,1593,1593,1593,1241,1593,1669,1669,1669,1669,1403,1366,1139,1176,1176,1176,1176,1176,1176,1479,909,909,909,909,909,682,682,682,682,1024,1251,1024,1024,1024,1024,1024,1241,1024,1251,1251,1251,1251,1024,1176,1024,2009,1593,1366,909,1403,1366,948,1139,682,682,1024,2048,418,418,418,797,797,797,1024,1024,1241,2048,2048,682,682,1139,1935
TeXGyreSchola	0	569,606,797,1139,1139,1706,1669,418,682,682,1024,1241,569,682,569,569,1139,1139,1139,1139,1139,1139,1139,1139,1139,1139,569,569,1241,1241,1241,909,1509,1479,1479,1479,1593,1479,1366,1593,1706,834,1139,1593,1366,1933,1669,1593,1366,1593,1479,1290,1366,1669,1479,2009,1442,1442,1251,682,1241,682,1241,1024,682,1139,1139,909,1176,1024,682,1100,1251,645,606,1214,645,1821,1251,1024,1176,1139,909,948,797,1251,1100,1593,1100,1100,985,682,1241,682,1241,682,606,1139,1139,1139,1139,1241,1024,682,1509,684,872,1241,682,1509,682,819,1241,682,682,682,1251,1241,569,682,682,614,872,1708,1708,1708,909,1479,1479,1479,1479,1479,1479,2048,1479,1479,1479,1479,1479,834,834,834,834,1593,1669,1593,1593,1593,1593,1593,1241,1593,1669,1669,1669,1669,1442,1366,1176,1139,1139,1139,1139,1139,1139,1630,909,1024,1024,1024,1024,645,645,645,645,1024,1251,1024,1024,1024,1024,1024,1241,1024,1251,1251,1251,1251,1100,1176,1100,2048,1706,1290,948,1442,1251,985,1139,682,682,1139,2048,418,418,418,797,797,797,1024,1024,1241,2048,2048,530,530,1139,2048
